[
  {
    "id": "base3-1",
    "name": "Aerodactyl",
    "supertype": "Pokémon",
    "subtypes": [
      "Stage 1"
    ],
    "level": "28",
    "hp": "60",
    "types": [
      "Fighting"
    ],
    "evolvesFrom": "Mysterious Fossil",
    "abilities": [
      {
        "name": "Prehistoric Power",
        "text": "No more Evolution cards can be played. This power stops working while Aerodactyl is Asleep, Confused, or Paralyzed.",
        "type": "Pokémon Power"
      }
    ],
    "attacks": [
      {
        "name": "Wing Attack",
        "cost": [
          "Colorless",
          "Colorless",
          "Colorless"
        ],
        "convertedEnergyCost": 3,
        "damage": "30",
        "text": ""
      }
    ],
    "weaknesses": [
      {
        "type": "Grass",
        "value": "×2"
      }
    ],
    "resistances": [
      {
        "type": "Fighting",
        "value": "-30"
      }
    ],
    "retreatCost": [
      "Colorless",
      "Colorless"
    ],
    "convertedRetreatCost": 2,
    "number": "1",
    "artist": "Kagemaru Himeno",
    "rarity": "Rare Holo",
    "flavorText": "A ferocious prehistoric Pokémon that goes for the enemy's throat with its serrated saw-like fangs.",
    "nationalPokedexNumbers": [
      142
    ],
    "legalities": {
      "unlimited": "Legal"
    },
    "images": {
      "small": "https://images.pokemontcg.io/base3/1.png",
      "large": "https://images.pokemontcg.io/base3/1_hires.png"
    }
  },
  {
    "id": "base3-2",
    "name": "Articuno",
    "supertype": "Pokémon",
    "subtypes": [
      "Basic"
    ],
    "level": "35",
    "hp": "70",
    "types": [
      "Water"
    ],
    "attacks": [
      {
        "name": "Freeze Dry",
        "cost": [
          "Water",
          "Water",
          "Water"
        ],
        "convertedEnergyCost": 3,
        "damage": "30",
        "text": "Flip a coin. If heads, the Defending Pokémon is now Paralyzed."
      },
      {
        "name": "Blizzard",
        "cost": [
          "Water",
          "Water",
          "Water",
          "Water"
        ],
        "convertedEnergyCost": 4,
        "damage": "50",
        "text": "Flip a coin. If heads, this attack does 10 damage to each of your opponent's Benched Pokémon. If tails, this attack does 10 damage to each of your own Benched Pokémon. (Don't apply Weakness and Resistance for Benched Pokémon.)"
      }
    ],
    "resistances": [
      {
        "type": "Fighting",
        "value": "-30"
      }
    ],
    "retreatCost": [
      "Colorless",
      "Colorless"
    ],
    "convertedRetreatCost": 2,
    "number": "2",
    "artist": "Mitsuhiro Arita",
    "rarity": "Rare Holo",
    "flavorText": "A legendary bird Pokémon that is said to appear to doomed people who are lost in icy mountains.",
    "nationalPokedexNumbers": [
      144
    ],
    "legalities": {
      "unlimited": "Legal"
    },
    "images": {
      "small": "https://images.pokemontcg.io/base3/2.png",
      "large": "https://images.pokemontcg.io/base3/2_hires.png"
    }
  },
  {
    "id": "base3-3",
    "name": "Ditto",
    "supertype": "Pokémon",
    "subtypes": [
      "Basic"
    ],
    "level": "20",
    "hp": "50",
    "types": [
      "Colorless"
    ],
    "abilities": [
      {
        "name": "Transform",
        "text": "If Ditto is your Active Pokémon, treat it as if it were the same card as the Defending Pokémon, including type, Hit Points, Weakness, and so on, except Ditto can't evolve, always has this Pokémon Power, and you may treat any Energy attached to Ditto as Energy of any type. Ditto isn't a copy of any other Pokémon while Ditto is Asleep, Confused, or Paralyzed.",
        "type": "Pokémon Power"
      }
    ],
    "weaknesses": [
      {
        "type": "Fighting",
        "value": "×2"
      }
    ],
    "resistances": [
      {
        "type": "Psychic",
        "value": "-30"
      }
    ],
    "retreatCost": [
      "Colorless"
    ],
    "convertedRetreatCost": 1,
    "number": "3",
    "artist": "Keiji Kinebuchi",
    "rarity": "Rare Holo",
    "flavorText": "Capable of copying an enemy's genetic code to instantly transform itself into a duplicate of the enemy.",
    "nationalPokedexNumbers": [
      132
    ],
    "legalities": {
      "unlimited": "Legal"
    },
    "images": {
      "small": "https://images.pokemontcg.io/base3/3.png",
      "large": "https://images.pokemontcg.io/base3/3_hires.png"
    }
  },
  {
    "id": "base3-4",
    "name": "Dragonite",
    "supertype": "Pokémon",
    "subtypes": [
      "Stage 2"
    ],
    "level": "45",
    "hp": "100",
    "types": [
      "Colorless"
    ],
    "evolvesFrom": "Dragonair",
    "abilities": [
      {
        "name": "Step In",
        "text": "Once during your turn (before your attack), if Dragonite is on your Bench, you may switch it with your Active Pokémon.",
        "type": "Pokémon Power"
      }
    ],
    "attacks": [
      {
        "name": "Slam",
        "cost": [
          "Colorless",
          "Colorless",
          "Colorless",
          "Colorless"
        ],
        "convertedEnergyCost": 4,
        "damage": "40×",
        "text": "Flip 2 coins. This attack does 40 damage times the number of heads."
      }
    ],
    "resistances": [
      {
        "type": "Fighting",
        "value": "-30"
      }
    ],
    "retreatCost": [
      "Colorless"
    ],
    "convertedRetreatCost": 1,
    "number": "4",
    "artist": "Kagemaru Himeno",
    "rarity": "Rare Holo",
    "flavorText": "An extremely rarely seen marine Pokémon. Its intelligence is said to match that of humans.",
    "nationalPokedexNumbers": [
      149
    ],
    "legalities": {
      "unlimited": "Legal"
    },
    "images": {
      "small": "https://images.pokemontcg.io/base3/4.png",
      "large": "https://images.pokemontcg.io/base3/4_hires.png"
    }
  },
  {
    "id": "base3-5",
    "name": "Gengar",
    "supertype": "Pokémon",
    "subtypes": [
      "Stage 2"
    ],
    "level": "38",
    "hp": "80",
    "types": [
      "Psychic"
    ],
    "evolvesFrom": "Haunter",
    "abilities": [
      {
        "name": "Curse",
        "text": "Once during your turn (before your attack), you may move 1 damage counter from 1 of your opponent's Pokémon to another (even if it would Knock Out the other Pokémon). This power can't be used if Gengar is Asleep, Confused, or Paralyzed.",
        "type": "Pokémon Power"
      }
    ],
    "attacks": [
      {
        "name": "Dark Mind",
        "cost": [
          "Psychic",
          "Psychic",
          "Psychic"
        ],
        "convertedEnergyCost": 3,
        "damage": "30",
        "text": "If your opponent has any Benched Pokémon, choose 1 of them and this attack does 10 damage to it. (Don't apply Weakness and Resistance for Benched Pokémon.)"
      }
    ],
    "resistances": [
      {
        "type": "Fighting",
        "value": "-30"
      }
    ],
    "retreatCost": [
      "Colorless"
    ],
    "convertedRetreatCost": 1,
    "number": "5",
    "artist": "Keiji Kinebuchi",
    "rarity": "Rare Holo",
    "flavorText": "Under a full moon, this Pokémon likes to mimic the shadows of people and laugh at their fright.",
    "nationalPokedexNumbers": [
      94
    ],
    "legalities": {
      "unlimited": "Legal"
    },
    "images": {
      "small": "https://images.pokemontcg.io/base3/5.png",
      "large": "https://images.pokemontcg.io/base3/5_hires.png"
    }
  },
  {
    "id": "base3-6",
    "name": "Haunter",
    "supertype": "Pokémon",
    "subtypes": [
      "Stage 1"
    ],
    "level": "17",
    "hp": "50",
    "types": [
      "Psychic"
    ],
    "evolvesFrom": "Gastly",
    "evolvesTo": [
      "Gengar"
    ],
    "abilities": [
      {
        "name": "Transparency",
        "text": "Whenever an attack does anything to Haunter, flip a coin. If heads, prevent all effects of that attack, including damage, done to Haunter. This power stops working while Haunter is Asleep, Confused, or Paralyzed.",
        "type": "Pokémon Power"
      }
    ],
    "attacks": [
      {
        "name": "Nightmare",
        "cost": [
          "Psychic",
          "Colorless"
        ],
        "convertedEnergyCost": 2,
        "damage": "10",
        "text": "The Defending Pokémon is now Asleep."
      }
    ],
    "resistances": [
      {
        "type": "Fighting",
        "value": "-30"
      }
    ],
    "number": "6",
    "artist": "Ken Sugimori",
    "rarity": "Rare Holo",
    "flavorText": "Because of its ability to slip through block walls, it is said to be from another dimension.",
    "nationalPokedexNumbers": [
      93
    ],
    "legalities": {
      "unlimited": "Legal"
    },
    "images": {
      "small": "https://images.pokemontcg.io/base3/6.png",
      "large": "https://images.pokemontcg.io/base3/6_hires.png"
    }
  },
  {
    "id": "base3-7",
    "name": "Hitmonlee",
    "supertype": "Pokémon",
    "subtypes": [
      "Basic"
    ],
    "level": "30",
    "hp": "60",
    "types": [
      "Fighting"
    ],
    "attacks": [
      {
        "name": "Stretch Kick",
        "cost": [
          "Fighting",
          "Fighting"
        ],
        "convertedEnergyCost": 2,
        "damage": "",
        "text": "If your opponent has any Benched Pokémon, choose 1 of them and this attack does 20 damage to it. (Don't apply Weakness and Resistance for Benched Pokémon.)"
      },
      {
        "name": "High Jump Kick",
        "cost": [
          "Fighting",
          "Fighting",
          "Fighting"
        ],
        "convertedEnergyCost": 3,
        "damage": "50",
        "text": ""
      }
    ],
    "weaknesses": [
      {
        "type": "Psychic",
        "value": "×2"
      }
    ],
    "retreatCost": [
      "Colorless"
    ],
    "convertedRetreatCost": 1,
    "number": "7",
    "artist": "Ken Sugimori",
    "rarity": "Rare Holo",
    "flavorText": "When in a hurry, its legs lengthen progressively. It runs smoothly with extra long, loping strides.",
    "nationalPokedexNumbers": [
      106
    ],
    "legalities": {
      "unlimited": "Legal"
    },
    "images": {
      "small": "https://images.pokemontcg.io/base3/7.png",
      "large": "https://images.pokemontcg.io/base3/7_hires.png"
    }
  },
  {
    "id": "base3-8",
    "name": "Hypno",
    "supertype": "Pokémon",
    "subtypes": [
      "Stage 1"
    ],
    "level": "36",
    "hp": "90",
    "types": [
      "Psychic"
    ],
    "evolvesFrom": "Drowzee",
    "attacks": [
      {
        "name": "Prophecy",
        "cost": [
          "Psychic"
        ],
        "convertedEnergyCost": 1,
        "damage": "",
        "text": "Look at up to 3 cards from the top of either player's deck and rearrange them as you like."
      },
      {
        "name": "Dark Mind",
        "cost": [
          "Psychic",
          "Psychic",
          "Psychic"
        ],
        "convertedEnergyCost": 3,
        "damage": "30",
        "text": "If your opponent has any Benched Pokémon, choose 1 of them and this attack does 10 damage to it. (Don't apply Weakness and Resistance for Benched Pokémon.)"
      }
    ],
    "weaknesses": [
      {
        "type": "Psychic",
        "value": "×2"
      }
    ],
    "retreatCost": [
      "Colorless",
      "Colorless"
    ],
    "convertedRetreatCost": 2,
    "number": "8",
    "artist": "Ken Sugimori",
    "rarity": "Rare Holo",
    "flavorText": "When it locks eyes with an enemy, it will use a mix of psi moves such as Hypnosis and Confusion.",
    "nationalPokedexNumbers": [
      97
    ],
    "legalities": {
      "unlimited": "Legal"
    },
    "images": {
      "small": "https://images.pokemontcg.io/base3/8.png",
      "large": "https://images.pokemontcg.io/base3/8_hires.png"
    }
  },
  {
    "id": "base3-9",
    "name": "Kabutops",
    "supertype": "Pokémon",
    "subtypes": [
      "Stage 2"
    ],
    "level": "30",
    "hp": "60",
    "types": [
      "Fighting"
    ],
    "evolvesFrom": "Kabuto",
    "attacks": [
      {
        "name": "Sharp Sickle",
        "cost": [
          "Fighting",
          "Fighting"
        ],
        "convertedEnergyCost": 2,
        "damage": "30",
        "text": ""
      },
      {
        "name": "Absorb",
        "cost": [
          "Fighting",
          "Fighting",
          "Fighting",
          "Fighting"
        ],
        "convertedEnergyCost": 4,
        "damage": "40",
        "text": "Remove a number of damage counters from Kabutops equal to half the damage done to the Defending Pokémon (after applying Weakness and Resistance) (rounded up to the nearest 10). If Kabutops has fewer damage counters than that, remove all of them."
      }
    ],
    "weaknesses": [
      {
        "type": "Grass",
        "value": "×2"
      }
    ],
    "retreatCost": [
      "Colorless"
    ],
    "convertedRetreatCost": 1,
    "number": "9",
    "artist": "Ken Sugimori",
    "rarity": "Rare Holo",
    "flavorText": "Its sleek shape is perfect for swimming. It slashes prey with its claws and drains the body fluids.",
    "nationalPokedexNumbers": [
      141
    ],
    "legalities": {
      "unlimited": "Legal"
    },
    "images": {
      "small": "https://images.pokemontcg.io/base3/9.png",
      "large": "https://images.pokemontcg.io/base3/9_hires.png"
    }
  },
  {
    "id": "base3-10",
    "name": "Lapras",
    "supertype": "Pokémon",
    "subtypes": [
      "Basic"
    ],
    "level": "12",
    "hp": "80",
    "types": [
      "Water"
    ],
    "attacks": [
      {
        "name": "Water Gun",
        "cost": [
          "Water"
        ],
        "convertedEnergyCost": 1,
        "damage": "10+",
        "text": "Does 10 damage plus 10 more damage for each Water Energy attached to Lapras but not used to pay for this attack's Energy cost. You can't add more than 20 damage in this way."
      },
      {
        "name": "Confuse Ray",
        "cost": [
          "Water",
          "Water"
        ],
        "convertedEnergyCost": 2,
        "damage": "10",
        "text": "Flip a coin. If heads, the Defending Pokémon is now Confused."
      }
    ],
    "weaknesses": [
      {
        "type": "Lightning",
        "value": "×2"
      }
    ],
    "retreatCost": [
      "Colorless",
      "Colorless"
    ],
    "convertedRetreatCost": 2,
    "number": "10",
    "artist": "Ken Sugimori",
    "rarity": "Rare Holo",
    "flavorText": "A Pokémon that has been overhunted almost to extinction. It can ferry people across water.",
    "nationalPokedexNumbers": [
      131
    ],
    "legalities": {
      "unlimited": "Legal"
    },
    "images": {
      "small": "https://images.pokemontcg.io/base3/10.png",
      "large": "https://images.pokemontcg.io/base3/10_hires.png"
    }
  },
  {
    "id": "base3-11",
    "name": "Magneton",
    "supertype": "Pokémon",
    "subtypes": [
      "Stage 1"
    ],
    "level": "35",
    "hp": "80",
    "types": [
      "Lightning"
    ],
    "evolvesFrom": "Magnemite",
    "evolvesTo": [
      "Magnezone"
    ],
    "attacks": [
      {
        "name": "Sonicboom",
        "cost": [
          "Lightning",
          "Colorless"
        ],
        "convertedEnergyCost": 2,
        "damage": "20",
        "text": "Don't apply Weakness and Resistance for this attack. (Any other effects that would happen after applying Weakness and Resistance still happen.)"
      },
      {
        "name": "Selfdestruct",
        "cost": [
          "Lightning",
          "Lightning",
          "Lightning",
          "Lightning"
        ],
        "convertedEnergyCost": 4,
        "damage": "100",
        "text": "Does 20 damage to each Pokémon on each player's Bench. (Don't apply Weakness and Resistance for Benched Pokémon.) Magneton does 100 damage to itself."
      }
    ],
    "weaknesses": [
      {
        "type": "Fighting",
        "value": "×2"
      }
    ],
    "retreatCost": [
      "Colorless",
      "Colorless"
    ],
    "convertedRetreatCost": 2,
    "number": "11",
    "artist": "Ken Sugimori",
    "rarity": "Rare Holo",
    "flavorText": "Formed by several Magnemites linked together. They frequently appear when sunspots flare up.",
    "nationalPokedexNumbers": [
      82
    ],
    "legalities": {
      "unlimited": "Legal"
    },
    "images": {
      "small": "https://images.pokemontcg.io/base3/11.png",
      "large": "https://images.pokemontcg.io/base3/11_hires.png"
    }
  },
  {
    "id": "base3-12",
    "name": "Moltres",
    "supertype": "Pokémon",
    "subtypes": [
      "Basic"
    ],
    "level": "35",
    "hp": "70",
    "types": [
      "Fire"
    ],
    "attacks": [
      {
        "name": "Wildfire",
        "cost": [
          "Fire"
        ],
        "convertedEnergyCost": 1,
        "damage": "",
        "text": "You may discard any number of Fire Energy cards attached to Moltres when you use this attack. If you do, discard that many cards from the top of your opponent's deck."
      },
      {
        "name": "Dive Bomb",
        "cost": [
          "Fire",
          "Fire",
          "Fire",
          "Fire"
        ],
        "convertedEnergyCost": 4,
        "damage": "80",
        "text": "Flip a coin. If tails, this attack does nothing."
      }
    ],
    "resistances": [
      {
        "type": "Fighting",
        "value": "-30"
      }
    ],
    "retreatCost": [
      "Colorless",
      "Colorless"
    ],
    "convertedRetreatCost": 2,
    "number": "12",
    "artist": "Mitsuhiro Arita",
    "rarity": "Rare Holo",
    "flavorText": "Known as the legendary bird of fire. Every flap of its wings creates a dazzling flash of flames.",
    "nationalPokedexNumbers": [
      146
    ],
    "legalities": {
      "unlimited": "Legal"
    },
    "images": {
      "small": "https://images.pokemontcg.io/base3/12.png",
      "large": "https://images.pokemontcg.io/base3/12_hires.png"
    }
  },
  {
    "id": "base3-13",
    "name": "Muk",
    "supertype": "Pokémon",
    "subtypes": [
      "Stage 1"
    ],
    "level": "34",
    "hp": "70",
    "types": [
      "Grass"
    ],
    "evolvesFrom": "Grimer",
    "abilities": [
      {
        "name": "Toxic Gas",
        "text": "Ignore all Pokémon Powers other than Toxic Gases. This power stops working while Muk is Asleep, Confused, or Paralyzed.",
        "type": "Pokémon Power"
      }
    ],
    "attacks": [
      {
        "name": "Sludge",
        "cost": [
          "Grass",
          "Grass",
          "Grass"
        ],
        "convertedEnergyCost": 3,
        "damage": "30",
        "text": "Flip a coin. If heads, the Defending Pokémon is now Poisoned."
      }
    ],
    "weaknesses": [
      {
        "type": "Psychic",
        "value": "×2"
      }
    ],
    "retreatCost": [
      "Colorless",
      "Colorless"
    ],
    "convertedRetreatCost": 2,
    "number": "13",
    "artist": "Mitsuhiro Arita",
    "rarity": "Rare Holo",
    "flavorText": "Thickly covered with a filthy, vile sludge. It is so toxic, even its footprints contain poison.",
    "nationalPokedexNumbers": [
      89
    ],
    "legalities": {
      "unlimited": "Legal"
    },
    "images": {
      "small": "https://images.pokemontcg.io/base3/13.png",
      "large": "https://images.pokemontcg.io/base3/13_hires.png"
    }
  },
  {
    "id": "base3-14",
    "name": "Raichu",
    "supertype": "Pokémon",
    "subtypes": [
      "Stage 1"
    ],
    "level": "45",
    "hp": "90",
    "types": [
      "Lightning"
    ],
    "evolvesFrom": "Pikachu",
    "attacks": [
      {
        "name": "Gigashock",
        "cost": [
          "Lightning",
          "Lightning",
          "Lightning",
          "Lightning"
        ],
        "convertedEnergyCost": 4,
        "damage": "30",
        "text": "Choose 3 of your opponent's Benched Pokémon and this attack does 10 damage to each of them. (Don't apply Weakness and Resistance for Benched Pokémon.) If your opponent has fewer than 3 Benched Pokémon, do the damage to each of them."
      }
    ],
    "weaknesses": [
      {
        "type": "Fighting",
        "value": "×2"
      }
    ],
    "retreatCost": [
      "Colorless"
    ],
    "convertedRetreatCost": 1,
    "number": "14",
    "artist": "Mitsuhiro Arita",
    "rarity": "Rare Holo",
    "flavorText": "Its long tail serves as a ground to protect itself from its own high-voltage power.",
    "nationalPokedexNumbers": [
      26
    ],
    "legalities": {
      "unlimited": "Legal"
    },
    "images": {
      "small": "https://images.pokemontcg.io/base3/14.png",
      "large": "https://images.pokemontcg.io/base3/14_hires.png"
    }
  },
  {
    "id": "base3-15",
    "name": "Zapdos",
    "supertype": "Pokémon",
    "subtypes": [
      "Basic"
    ],
    "level": "40",
    "hp": "80",
    "types": [
      "Lightning"
    ],
    "attacks": [
      {
        "name": "Thunderstorm",
        "cost": [
          "Lightning",
          "Lightning",
          "Lightning",
          "Lightning"
        ],
        "convertedEnergyCost": 4,
        "damage": "40",
        "text": "For each of your opponent's Benched Pokémon, flip a coin. If heads, this attack does 20 damage to that Pokémon. (Don't apply Weakness and Resistance for Benched Pokémon.) Then, Zapdos does 10 damage times the number of tails to itself."
      }
    ],
    "resistances": [
      {
        "type": "Fighting",
        "value": "-30"
      }
    ],
    "retreatCost": [
      "Colorless",
      "Colorless"
    ],
    "convertedRetreatCost": 2,
    "number": "15",
    "artist": "Mitsuhiro Arita",
    "rarity": "Rare Holo",
    "flavorText": "A legendary thunderbird Pokémon whose anger is said to cause storms. Some say it has lived above the clouds for thousands of years.",
    "nationalPokedexNumbers": [
      145
    ],
    "legalities": {
      "unlimited": "Legal"
    },
    "images": {
      "small": "https://images.pokemontcg.io/base3/15.png",
      "large": "https://images.pokemontcg.io/base3/15_hires.png"
    }
  },
  {
    "id": "base3-16",
    "name": "Aerodactyl",
    "supertype": "Pokémon",
    "subtypes": [
      "Stage 1"
    ],
    "level": "28",
    "hp": "60",
    "types": [
      "Fighting"
    ],
    "evolvesFrom": "Mysterious Fossil",
    "abilities": [
      {
        "name": "Prehistoric Power",
        "text": "No more Evolution cards can be played. This power stops working while Aerodactyl is Asleep, Confused, or Paralyzed.",
        "type": "Pokémon Power"
      }
    ],
    "attacks": [
      {
        "name": "Wing Attack",
        "cost": [
          "Colorless",
          "Colorless",
          "Colorless"
        ],
        "convertedEnergyCost": 3,
        "damage": "30",
        "text": ""
      }
    ],
    "weaknesses": [
      {
        "type": "Grass",
        "value": "×2"
      }
    ],
    "resistances": [
      {
        "type": "Fighting",
        "value": "-30"
      }
    ],
    "retreatCost": [
      "Colorless",
      "Colorless"
    ],
    "convertedRetreatCost": 2,
    "number": "16",
    "artist": "Kagemaru Himeno",
    "rarity": "Rare",
    "flavorText": "A ferocious prehistoric Pokémon that goes for the enemy's throat with its serrated saw-like fangs.",
    "nationalPokedexNumbers": [
      142
    ],
    "legalities": {
      "unlimited": "Legal"
    },
    "images": {
      "small": "https://images.pokemontcg.io/base3/16.png",
      "large": "https://images.pokemontcg.io/base3/16_hires.png"
    }
  },
  {
    "id": "base3-17",
    "name": "Articuno",
    "supertype": "Pokémon",
    "subtypes": [
      "Basic"
    ],
    "level": "35",
    "hp": "70",
    "types": [
      "Water"
    ],
    "attacks": [
      {
        "name": "Freeze Dry",
        "cost": [
          "Water",
          "Water",
          "Water"
        ],
        "convertedEnergyCost": 3,
        "damage": "30",
        "text": "Flip a coin. If heads, the Defending Pokémon is now Paralyzed."
      },
      {
        "name": "Blizzard",
        "cost": [
          "Water",
          "Water",
          "Water",
          "Water"
        ],
        "convertedEnergyCost": 4,
        "damage": "50",
        "text": "Flip a coin. If heads, this attack does 10 damage to each of your opponent's Benched Pokémon. If tails, this attack does 10 damage to each of your own Benched Pokémon. (Don't apply Weakness and Resistance for Benched Pokémon.)"
      }
    ],
    "resistances": [
      {
        "type": "Fighting",
        "value": "-30"
      }
    ],
    "retreatCost": [
      "Colorless",
      "Colorless"
    ],
    "convertedRetreatCost": 2,
    "number": "17",
    "artist": "Mitsuhiro Arita",
    "rarity": "Rare",
    "flavorText": "A legendary bird Pokémon that is said to appear to doomed people who are lost in icy mountains.",
    "nationalPokedexNumbers": [
      144
    ],
    "legalities": {
      "unlimited": "Legal"
    },
    "images": {
      "small": "https://images.pokemontcg.io/base3/17.png",
      "large": "https://images.pokemontcg.io/base3/17_hires.png"
    }
  },
  {
    "id": "base3-18",
    "name": "Ditto",
    "supertype": "Pokémon",
    "subtypes": [
      "Basic"
    ],
    "level": "20",
    "hp": "50",
    "types": [
      "Colorless"
    ],
    "abilities": [
      {
        "name": "Transform",
        "text": "If Ditto is your Active Pokémon, treat it as if it were the same card as the Defending Pokémon, including type, Hit Points, Weakness, and so on, except Ditto can't evolve, always has this Pokémon Power, and you may treat any Energy attached to Ditto as Energy of any type. Ditto isn't a copy of any other Pokémon while Ditto is Asleep, Confused, or Paralyzed.",
        "type": "Pokémon Power"
      }
    ],
    "weaknesses": [
      {
        "type": "Fighting",
        "value": "×2"
      }
    ],
    "resistances": [
      {
        "type": "Psychic",
        "value": "-30"
      }
    ],
    "retreatCost": [
      "Colorless"
    ],
    "convertedRetreatCost": 1,
    "number": "18",
    "artist": "Keiji Kinebuchi",
    "rarity": "Rare",
    "flavorText": "Capable of copying an enemy's genetic code to instantly transform itself into a duplicate of the enemy.",
    "nationalPokedexNumbers": [
      132
    ],
    "legalities": {
      "unlimited": "Legal"
    },
    "images": {
      "small": "https://images.pokemontcg.io/base3/18.png",
      "large": "https://images.pokemontcg.io/base3/18_hires.png"
    }
  },
  {
    "id": "base3-19",
    "name": "Dragonite",
    "supertype": "Pokémon",
    "subtypes": [
      "Stage 2"
    ],
    "level": "45",
    "hp": "100",
    "types": [
      "Colorless"
    ],
    "evolvesFrom": "Dragonair",
    "abilities": [
      {
        "name": "Step In",
        "text": "Once during your turn (before your attack), if Dragonite is on your Bench, you may switch it with your Active Pokémon.",
        "type": "Pokémon Power"
      }
    ],
    "attacks": [
      {
        "name": "Slam",
        "cost": [
          "Colorless",
          "Colorless",
          "Colorless",
          "Colorless"
        ],
        "convertedEnergyCost": 4,
        "damage": "40×",
        "text": "Flip 2 coins. This attack does 40 damage times the number of heads."
      }
    ],
    "resistances": [
      {
        "type": "Fighting",
        "value": "-30"
      }
    ],
    "retreatCost": [
      "Colorless"
    ],
    "convertedRetreatCost": 1,
    "number": "19",
    "artist": "Kagemaru Himeno",
    "rarity": "Rare",
    "flavorText": "An extremely rarely seen marine Pokémon. Its intelligence is said to match that of humans.",
    "nationalPokedexNumbers": [
      149
    ],
    "legalities": {
      "unlimited": "Legal"
    },
    "images": {
      "small": "https://images.pokemontcg.io/base3/19.png",
      "large": "https://images.pokemontcg.io/base3/19_hires.png"
    }
  },
  {
    "id": "base3-20",
    "name": "Gengar",
    "supertype": "Pokémon",
    "subtypes": [
      "Stage 2"
    ],
    "level": "38",
    "hp": "80",
    "types": [
      "Psychic"
    ],
    "evolvesFrom": "Haunter",
    "abilities": [
      {
        "name": "Curse",
        "text": "Once during your turn (before your attack), you may move 1 damage counter from 1 of your opponent's Pokémon to another (even if it would Knock Out the other Pokémon). This power can't be used if Gengar is Asleep, Confused, or Paralyzed.",
        "type": "Pokémon Power"
      }
    ],
    "attacks": [
      {
        "name": "Dark Mind",
        "cost": [
          "Psychic",
          "Psychic",
          "Psychic"
        ],
        "convertedEnergyCost": 3,
        "damage": "30",
        "text": "If your opponent has any Benched Pokémon, choose 1 of them and this attack does 10 damage to it. (Don't apply Weakness and Resistance for Benched Pokémon.)"
      }
    ],
    "resistances": [
      {
        "type": "Fighting",
        "value": "-30"
      }
    ],
    "retreatCost": [
      "Colorless"
    ],
    "convertedRetreatCost": 1,
    "number": "20",
    "artist": "Keiji Kinebuchi",
    "rarity": "Rare",
    "flavorText": "Under a full moon, this Pokémon likes to mimic the shadows of people and laugh at their fright.",
    "nationalPokedexNumbers": [
      94
    ],
    "legalities": {
      "unlimited": "Legal"
    },
    "images": {
      "small": "https://images.pokemontcg.io/base3/20.png",
      "large": "https://images.pokemontcg.io/base3/20_hires.png"
    }
  },
  {
    "id": "base3-21",
    "name": "Haunter",
    "supertype": "Pokémon",
    "subtypes": [
      "Stage 1"
    ],
    "level": "17",
    "hp": "50",
    "types": [
      "Psychic"
    ],
    "evolvesFrom": "Gastly",
    "evolvesTo": [
      "Gengar"
    ],
    "abilities": [
      {
        "name": "Transparency",
        "text": "Whenever an attack does anything to Haunter, flip a coin. If heads, prevent all effects of that attack, including damage, done to Haunter. This power stops working while Haunter is Asleep, Confused, or Paralyzed.",
        "type": "Pokémon Power"
      }
    ],
    "attacks": [
      {
        "name": "Nightmare",
        "cost": [
          "Psychic",
          "Colorless"
        ],
        "convertedEnergyCost": 2,
        "damage": "10",
        "text": "The Defending Pokémon is now Asleep."
      }
    ],
    "resistances": [
      {
        "type": "Fighting",
        "value": "-30"
      }
    ],
    "number": "21",
    "artist": "Ken Sugimori",
    "rarity": "Rare",
    "flavorText": "Because of its ability to slip through block walls, it is said to be from another dimension.",
    "nationalPokedexNumbers": [
      93
    ],
    "legalities": {
      "unlimited": "Legal"
    },
    "images": {
      "small": "https://images.pokemontcg.io/base3/21.png",
      "large": "https://images.pokemontcg.io/base3/21_hires.png"
    }
  },
  {
    "id": "base3-22",
    "name": "Hitmonlee",
    "supertype": "Pokémon",
    "subtypes": [
      "Basic"
    ],
    "level": "30",
    "hp": "60",
    "types": [
      "Fighting"
    ],
    "attacks": [
      {
        "name": "Stretch Kick",
        "cost": [
          "Fighting",
          "Fighting"
        ],
        "convertedEnergyCost": 2,
        "damage": "",
        "text": "If your opponent has any Benched Pokémon, choose 1 of them and this attack does 20 damage to it. (Don't apply Weakness and Resistance for Benched Pokémon.)"
      },
      {
        "name": "High Jump Kick",
        "cost": [
          "Fighting",
          "Fighting",
          "Fighting"
        ],
        "convertedEnergyCost": 3,
        "damage": "50",
        "text": ""
      }
    ],
    "weaknesses": [
      {
        "type": "Psychic",
        "value": "×2"
      }
    ],
    "retreatCost": [
      "Colorless"
    ],
    "convertedRetreatCost": 1,
    "number": "22",
    "artist": "Ken Sugimori",
    "rarity": "Rare",
    "flavorText": "When in a hurry, its legs lengthen progressively. It runs smoothly with extra long, loping strides.",
    "nationalPokedexNumbers": [
      106
    ],
    "legalities": {
      "unlimited": "Legal"
    },
    "images": {
      "small": "https://images.pokemontcg.io/base3/22.png",
      "large": "https://images.pokemontcg.io/base3/22_hires.png"
    }
  },
  {
    "id": "base3-23",
    "name": "Hypno",
    "supertype": "Pokémon",
    "subtypes": [
      "Stage 1"
    ],
    "level": "36",
    "hp": "90",
    "types": [
      "Psychic"
    ],
    "evolvesFrom": "Drowzee",
    "attacks": [
      {
        "name": "Prophecy",
        "cost": [
          "Psychic"
        ],
        "convertedEnergyCost": 1,
        "damage": "",
        "text": "Look at up to 3 cards from the top of either player's deck and rearrange them as you like."
      },
      {
        "name": "Dark Mind",
        "cost": [
          "Psychic",
          "Psychic",
          "Psychic"
        ],
        "convertedEnergyCost": 3,
        "damage": "30",
        "text": "If your opponent has any Benched Pokémon, choose 1 of them and this attack does 10 damage to it. (Don't apply Weakness and Resistance for Benched Pokémon.)"
      }
    ],
    "weaknesses": [
      {
        "type": "Psychic",
        "value": "×2"
      }
    ],
    "retreatCost": [
      "Colorless",
      "Colorless"
    ],
    "convertedRetreatCost": 2,
    "number": "23",
    "artist": "Ken Sugimori",
    "rarity": "Rare",
    "flavorText": "When it locks eyes with an enemy, it will use a mix of psi moves such as Hypnosis and Confusion.",
    "nationalPokedexNumbers": [
      97
    ],
    "legalities": {
      "unlimited": "Legal"
    },
    "images": {
      "small": "https://images.pokemontcg.io/base3/23.png",
      "large": "https://images.pokemontcg.io/base3/23_hires.png"
    }
  },
  {
    "id": "base3-24",
    "name": "Kabutops",
    "supertype": "Pokémon",
    "subtypes": [
      "Stage 2"
    ],
    "level": "30",
    "hp": "60",
    "types": [
      "Fighting"
    ],
    "evolvesFrom": "Kabuto",
    "attacks": [
      {
        "name": "Sharp Sickle",
        "cost": [
          "Fighting",
          "Fighting"
        ],
        "convertedEnergyCost": 2,
        "damage": "30",
        "text": ""
      },
      {
        "name": "Absorb",
        "cost": [
          "Fighting",
          "Fighting",
          "Fighting",
          "Fighting"
        ],
        "convertedEnergyCost": 4,
        "damage": "40",
        "text": "Remove a number of damage counters from Kabutops equal to half the damage done to the Defending Pokémon (after applying Weakness and Resistance) (rounded up to the nearest 10). If Kabutops has fewer damage counters than that, remove all of them."
      }
    ],
    "weaknesses": [
      {
        "type": "Grass",
        "value": "×2"
      }
    ],
    "retreatCost": [
      "Colorless"
    ],
    "convertedRetreatCost": 1,
    "number": "24",
    "artist": "Ken Sugimori",
    "rarity": "Rare",
    "flavorText": "Its sleek shape is perfect for swimming. It slashes prey with its claws and drains the body fluids. ",
    "nationalPokedexNumbers": [
      141
    ],
    "legalities": {
      "unlimited": "Legal"
    },
    "images": {
      "small": "https://images.pokemontcg.io/base3/24.png",
      "large": "https://images.pokemontcg.io/base3/24_hires.png"
    }
  },
  {
    "id": "base3-25",
    "name": "Lapras",
    "supertype": "Pokémon",
    "subtypes": [
      "Basic"
    ],
    "level": "31",
    "hp": "80",
    "types": [
      "Water"
    ],
    "attacks": [
      {
        "name": "Water Gun",
        "cost": [
          "Water"
        ],
        "convertedEnergyCost": 1,
        "damage": "10+",
        "text": "Does 10 damage plus 10 more damage for each Water Energy attached to Lapras but not used to pay for this attack's Energy cost. You can't add more than 20 damage in this way."
      },
      {
        "name": "Confuse Ray",
        "cost": [
          "Water",
          "Water"
        ],
        "convertedEnergyCost": 2,
        "damage": "10",
        "text": "Flip a coin. If heads, the Defending Pokémon is now Confused."
      }
    ],
    "weaknesses": [
      {
        "type": "Lightning",
        "value": "×2"
      }
    ],
    "retreatCost": [
      "Colorless",
      "Colorless"
    ],
    "convertedRetreatCost": 2,
    "number": "25",
    "artist": "Ken Sugimori",
    "rarity": "Rare",
    "flavorText": "A Pokémon that has been overhunted almost to extinction. It can ferry people across water.",
    "nationalPokedexNumbers": [
      131
    ],
    "legalities": {
      "unlimited": "Legal"
    },
    "images": {
      "small": "https://images.pokemontcg.io/base3/25.png",
      "large": "https://images.pokemontcg.io/base3/25_hires.png"
    }
  },
  {
    "id": "base3-26",
    "name": "Magneton",
    "supertype": "Pokémon",
    "subtypes": [
      "Stage 1"
    ],
    "level": "35",
    "hp": "80",
    "types": [
      "Lightning"
    ],
    "evolvesFrom": "Magnemite",
    "evolvesTo": [
      "Magnezone"
    ],
    "attacks": [
      {
        "name": "Sonicboom",
        "cost": [
          "Lightning",
          "Colorless"
        ],
        "convertedEnergyCost": 2,
        "damage": "20",
        "text": "Don't apply Weakness and Resistance for this attack. (Any other effects that would happen after applying Weakness and Resistance still happen.)"
      },
      {
        "name": "Selfdestruct",
        "cost": [
          "Lightning",
          "Lightning",
          "Lightning",
          "Lightning"
        ],
        "convertedEnergyCost": 4,
        "damage": "100",
        "text": "Does 20 damage to each Pokémon on each player's Bench. (Don't apply Weakness and Resistance for Benched Pokémon.) Magneton does 100 damage to itself."
      }
    ],
    "weaknesses": [
      {
        "type": "Fighting",
        "value": "×2"
      }
    ],
    "retreatCost": [
      "Colorless",
      "Colorless"
    ],
    "convertedRetreatCost": 2,
    "number": "26",
    "artist": "Ken Sugimori",
    "rarity": "Rare",
    "flavorText": "Formed by several Magnemites linked together. They frequently appear when sunspots flare up.",
    "nationalPokedexNumbers": [
      82
    ],
    "legalities": {
      "unlimited": "Legal"
    },
    "images": {
      "small": "https://images.pokemontcg.io/base3/26.png",
      "large": "https://images.pokemontcg.io/base3/26_hires.png"
    }
  },
  {
    "id": "base3-27",
    "name": "Moltres",
    "supertype": "Pokémon",
    "subtypes": [
      "Basic"
    ],
    "level": "35",
    "hp": "70",
    "types": [
      "Fire"
    ],
    "attacks": [
      {
        "name": "Wildfire",
        "cost": [
          "Fire"
        ],
        "convertedEnergyCost": 1,
        "damage": "",
        "text": "You may discard any number of Fire Energy cards attached to Moltres when you use this attack. If you do, discard that many cards from the top of your opponent's deck."
      },
      {
        "name": "Dive Bomb",
        "cost": [
          "Fire",
          "Fire",
          "Fire",
          "Fire"
        ],
        "convertedEnergyCost": 4,
        "damage": "80",
        "text": "Flip a coin. If tails, this attack does nothing."
      }
    ],
    "resistances": [
      {
        "type": "Fighting",
        "value": "-30"
      }
    ],
    "retreatCost": [
      "Colorless",
      "Colorless"
    ],
    "convertedRetreatCost": 2,
    "number": "27",
    "artist": "Mitsuhiro Arita",
    "rarity": "Rare",
    "flavorText": "Known as the legendary bird of fire. Every flap of its wings creates a dazzling flash of flames.",
    "nationalPokedexNumbers": [
      146
    ],
    "legalities": {
      "unlimited": "Legal"
    },
    "images": {
      "small": "https://images.pokemontcg.io/base3/27.png",
      "large": "https://images.pokemontcg.io/base3/27_hires.png"
    }
  },
  {
    "id": "base3-28",
    "name": "Muk",
    "supertype": "Pokémon",
    "subtypes": [
      "Stage 1"
    ],
    "level": "34",
    "hp": "70",
    "types": [
      "Grass"
    ],
    "evolvesFrom": "Grimer",
    "abilities": [
      {
        "name": "Toxic Gas",
        "text": "Ignore all Pokémon Powers other than Toxic Gases. This power stops working while Muk is Asleep, Confused, or Paralyzed.",
        "type": "Pokémon Power"
      }
    ],
    "attacks": [
      {
        "name": "Sludge",
        "cost": [
          "Grass",
          "Grass",
          "Grass"
        ],
        "convertedEnergyCost": 3,
        "damage": "30",
        "text": "Flip a coin. If heads, the Defending Pokémon is now Poisoned."
      }
    ],
    "weaknesses": [
      {
        "type": "Psychic",
        "value": "×2"
      }
    ],
    "retreatCost": [
      "Colorless",
      "Colorless"
    ],
    "convertedRetreatCost": 2,
    "number": "28",
    "artist": "Mitsuhiro Arita",
    "rarity": "Rare",
    "flavorText": "Thickly covered with a filthy, vile sludge. It is so toxic, even its footprints contain poison.",
    "nationalPokedexNumbers": [
      89
    ],
    "legalities": {
      "unlimited": "Legal"
    },
    "images": {
      "small": "https://images.pokemontcg.io/base3/28.png",
      "large": "https://images.pokemontcg.io/base3/28_hires.png"
    }
  },
  {
    "id": "base3-29",
    "name": "Raichu",
    "supertype": "Pokémon",
    "subtypes": [
      "Stage 1"
    ],
    "level": "45",
    "hp": "90",
    "types": [
      "Lightning"
    ],
    "evolvesFrom": "Pikachu",
    "attacks": [
      {
        "name": "Gigashock",
        "cost": [
          "Lightning",
          "Lightning",
          "Lightning",
          "Lightning"
        ],
        "convertedEnergyCost": 4,
        "damage": "30",
        "text": "Choose 3 of your opponent's Benched Pokémon and this attack does 10 damage to each of them. (Don't apply Weakness and Resistance for Benched Pokémon.) If your opponent has fewer than 3 Benched Pokémon, do that damage to each of them."
      }
    ],
    "weaknesses": [
      {
        "type": "Fighting",
        "value": "×2"
      }
    ],
    "retreatCost": [
      "Colorless"
    ],
    "convertedRetreatCost": 1,
    "number": "29",
    "artist": "Mitsuhiro Arita",
    "rarity": "Rare",
    "flavorText": "Its long tail serves as a ground to protect itself from its own high voltage power.",
    "nationalPokedexNumbers": [
      26
    ],
    "legalities": {
      "unlimited": "Legal"
    },
    "images": {
      "small": "https://images.pokemontcg.io/base3/29.png",
      "large": "https://images.pokemontcg.io/base3/29_hires.png"
    }
  },
  {
    "id": "base3-30",
    "name": "Zapdos",
    "supertype": "Pokémon",
    "subtypes": [
      "Basic"
    ],
    "level": "40",
    "hp": "80",
    "types": [
      "Lightning"
    ],
    "attacks": [
      {
        "name": "Thunderstorm",
        "cost": [
          "Lightning",
          "Lightning",
          "Lightning",
          "Lightning"
        ],
        "convertedEnergyCost": 4,
        "damage": "40",
        "text": "For each of your opponent's Benched Pokémon, flip a coin. If heads, this attack does 20 damage to that Pokémon. (Don't apply Weakness and Resistance for Benched Pokémon.) Then, Zapdos does 10 damage times the number of tails to itself."
      }
    ],
    "resistances": [
      {
        "type": "Fighting",
        "value": "-30"
      }
    ],
    "retreatCost": [
      "Colorless",
      "Colorless"
    ],
    "convertedRetreatCost": 2,
    "number": "30",
    "artist": "Mitsuhiro Arita",
    "rarity": "Rare",
    "flavorText": "A legendary thunderbird Pokémon whose anger is said to cause storms. Some say it has lived above the clouds for thousands of years.",
    "nationalPokedexNumbers": [
      145
    ],
    "legalities": {
      "unlimited": "Legal"
    },
    "images": {
      "small": "https://images.pokemontcg.io/base3/30.png",
      "large": "https://images.pokemontcg.io/base3/30_hires.png"
    }
  },
  {
    "id": "base3-31",
    "name": "Arbok",
    "supertype": "Pokémon",
    "subtypes": [
      "Stage 1"
    ],
    "level": "27",
    "hp": "60",
    "types": [
      "Grass"
    ],
    "evolvesFrom": "Ekans",
    "attacks": [
      {
        "name": "Terror Strike",
        "cost": [
          "Grass"
        ],
        "convertedEnergyCost": 1,
        "damage": "10",
        "text": "Flip a coin. If heads and if your opponent has any Benched Pokémon, he or she chooses 1 of them and switches it with the Defending Pokémon. (Do the damage before switching the Pokémon.)"
      },
      {
        "name": "Poison Fang",
        "cost": [
          "Grass",
          "Grass",
          "Colorless"
        ],
        "convertedEnergyCost": 3,
        "damage": "20",
        "text": "The Defending Pokémon is now Poisoned."
      }
    ],
    "weaknesses": [
      {
        "type": "Psychic",
        "value": "×2"
      }
    ],
    "retreatCost": [
      "Colorless",
      "Colorless"
    ],
    "convertedRetreatCost": 2,
    "number": "31",
    "artist": "Ken Sugimori",
    "rarity": "Uncommon",
    "flavorText": "It is rumored that the ferocious warning markings on its belly differ from area to area.",
    "nationalPokedexNumbers": [
      24
    ],
    "legalities": {
      "unlimited": "Legal"
    },
    "images": {
      "small": "https://images.pokemontcg.io/base3/31.png",
      "large": "https://images.pokemontcg.io/base3/31_hires.png"
    }
  },
  {
    "id": "base3-32",
    "name": "Cloyster",
    "supertype": "Pokémon",
    "subtypes": [
      "Stage 1"
    ],
    "level": "25",
    "hp": "50",
    "types": [
      "Water"
    ],
    "evolvesFrom": "Shellder",
    "attacks": [
      {
        "name": "Clamp",
        "cost": [
          "Water",
          "Water"
        ],
        "convertedEnergyCost": 2,
        "damage": "30",
        "text": "Flip a coin. If heads, the Defending Pokémon is now Paralyzed. If tails, this attack does nothing (not even damage)."
      },
      {
        "name": "Spike Cannon",
        "cost": [
          "Water",
          "Water"
        ],
        "convertedEnergyCost": 2,
        "damage": "30×",
        "text": "Flip 2 coins. This attack does 30 damage times the number of heads."
      }
    ],
    "weaknesses": [
      {
        "type": "Lightning",
        "value": "×2"
      }
    ],
    "retreatCost": [
      "Colorless",
      "Colorless"
    ],
    "convertedRetreatCost": 2,
    "number": "32",
    "artist": "Kagemaru Himeno",
    "rarity": "Uncommon",
    "flavorText": "When attacked, it launches its horns in quick volleys. Its innards have never been seen.",
    "nationalPokedexNumbers": [
      91
    ],
    "legalities": {
      "unlimited": "Legal"
    },
    "images": {
      "small": "https://images.pokemontcg.io/base3/32.png",
      "large": "https://images.pokemontcg.io/base3/32_hires.png"
    }
  },
  {
    "id": "base3-33",
    "name": "Gastly",
    "supertype": "Pokémon",
    "subtypes": [
      "Basic"
    ],
    "level": "17",
    "hp": "50",
    "types": [
      "Psychic"
    ],
    "evolvesTo": [
      "Haunter"
    ],
    "attacks": [
      {
        "name": "Lick",
        "cost": [
          "Psychic"
        ],
        "convertedEnergyCost": 1,
        "damage": "10",
        "text": "Flip a coin. If heads, the Defending Pokémon is now Paralyzed."
      },
      {
        "name": "Energy Conversion",
        "cost": [
          "Psychic",
          "Psychic"
        ],
        "convertedEnergyCost": 2,
        "damage": "",
        "text": "Put up to 2 Energy cards from your discard pile into your hand. Gastly does 10 damage to itself."
      }
    ],
    "resistances": [
      {
        "type": "Fighting",
        "value": "-30"
      }
    ],
    "number": "33",
    "artist": "Mitsuhiro Arita",
    "rarity": "Uncommon",
    "flavorText": "A mysterious Pokémon. Some say it is a lifeform from another dimension, while other believe it is formed from smog.",
    "nationalPokedexNumbers": [
      92
    ],
    "legalities": {
      "unlimited": "Legal"
    },
    "images": {
      "small": "https://images.pokemontcg.io/base3/33.png",
      "large": "https://images.pokemontcg.io/base3/33_hires.png"
    }
  },
  {
    "id": "base3-34",
    "name": "Golbat",
    "supertype": "Pokémon",
    "subtypes": [
      "Stage 1"
    ],
    "level": "29",
    "hp": "60",
    "types": [
      "Grass"
    ],
    "evolvesFrom": "Zubat",
    "evolvesTo": [
      "Crobat"
    ],
    "attacks": [
      {
        "name": "Wing Attack",
        "cost": [
          "Colorless",
          "Colorless",
          "Colorless"
        ],
        "convertedEnergyCost": 3,
        "damage": "30",
        "text": ""
      },
      {
        "name": "Leech Life",
        "cost": [
          "Grass",
          "Grass",
          "Colorless"
        ],
        "convertedEnergyCost": 3,
        "damage": "20",
        "text": "Remove a number of damage counters from Golbat equal to the damage done to the Defending Pokémon (after applying Weakness and Resistance). If Golbat has fewer damage counters than that, remove all of them."
      }
    ],
    "weaknesses": [
      {
        "type": "Psychic",
        "value": "×2"
      }
    ],
    "resistances": [
      {
        "type": "Fighting",
        "value": "-30"
      }
    ],
    "number": "34",
    "artist": "Kagemaru Himeno",
    "rarity": "Uncommon",
    "flavorText": "Once it strikes, it will not stop draining energy from the victim even if it gets too heavy to fly.",
    "nationalPokedexNumbers": [
      42
    ],
    "legalities": {
      "unlimited": "Legal"
    },
    "images": {
      "small": "https://images.pokemontcg.io/base3/34.png",
      "large": "https://images.pokemontcg.io/base3/34_hires.png"
    }
  },
  {
    "id": "base3-35",
    "name": "Golduck",
    "supertype": "Pokémon",
    "subtypes": [
      "Stage 1"
    ],
    "level": "27",
    "hp": "70",
    "types": [
      "Water"
    ],
    "evolvesFrom": "Psyduck",
    "attacks": [
      {
        "name": "Psyshock",
        "cost": [
          "Psychic"
        ],
        "convertedEnergyCost": 1,
        "damage": "10",
        "text": "Flip a coin. If heads, the Defending Pokémon is now Paralyzed."
      },
      {
        "name": "Hyper Beam",
        "cost": [
          "Water",
          "Water",
          "Colorless"
        ],
        "convertedEnergyCost": 3,
        "damage": "20",
        "text": "If the Defending Pokémon has any Energy cards attached to it, choose 1 of them and discard it."
      }
    ],
    "weaknesses": [
      {
        "type": "Lightning",
        "value": "×2"
      }
    ],
    "retreatCost": [
      "Colorless"
    ],
    "convertedRetreatCost": 1,
    "number": "35",
    "artist": "Kagemaru Himeno",
    "rarity": "Uncommon",
    "flavorText": "Often seen swimming elegantly by lake shores. It is often mistaken for the Japanese monster, Kappa.",
    "nationalPokedexNumbers": [
      55
    ],
    "legalities": {
      "unlimited": "Legal"
    },
    "images": {
      "small": "https://images.pokemontcg.io/base3/35.png",
      "large": "https://images.pokemontcg.io/base3/35_hires.png"
    }
  },
  {
    "id": "base3-36",
    "name": "Golem",
    "supertype": "Pokémon",
    "subtypes": [
      "Stage 2"
    ],
    "level": "36",
    "hp": "80",
    "types": [
      "Fighting"
    ],
    "evolvesFrom": "Graveler",
    "attacks": [
      {
        "name": "Avalanche",
        "cost": [
          "Fighting",
          "Fighting",
          "Fighting",
          "Colorless"
        ],
        "convertedEnergyCost": 4,
        "damage": "60",
        "text": ""
      },
      {
        "name": "Selfdestruct",
        "cost": [
          "Fighting",
          "Fighting",
          "Fighting",
          "Fighting"
        ],
        "convertedEnergyCost": 4,
        "damage": "100",
        "text": "Does 20 damage to each Pokémon on each player's Bench. (Don't apply Weakness and Resistance for Benched Pokémon.) Golem does 100 damage to itself."
      }
    ],
    "weaknesses": [
      {
        "type": "Grass",
        "value": "×2"
      }
    ],
    "retreatCost": [
      "Colorless",
      "Colorless",
      "Colorless",
      "Colorless"
    ],
    "convertedRetreatCost": 4,
    "number": "36",
    "artist": "Kagemaru Himeno",
    "rarity": "Uncommon",
    "flavorText": "Its boulder-like body is extremely hard. It can easily withstand dynamite blasts without damage.",
    "nationalPokedexNumbers": [
      76
    ],
    "legalities": {
      "unlimited": "Legal"
    },
    "images": {
      "small": "https://images.pokemontcg.io/base3/36.png",
      "large": "https://images.pokemontcg.io/base3/36_hires.png"
    }
  },
  {
    "id": "base3-37",
    "name": "Graveler",
    "supertype": "Pokémon",
    "subtypes": [
      "Stage 1"
    ],
    "level": "29",
    "hp": "60",
    "types": [
      "Fighting"
    ],
    "evolvesFrom": "Geodude",
    "evolvesTo": [
      "Golem"
    ],
    "attacks": [
      {
        "name": "Harden",
        "cost": [
          "Fighting",
          "Fighting"
        ],
        "convertedEnergyCost": 2,
        "damage": "",
        "text": "During your opponent's next turn, whenever 30 or less damage is done to Graveler (after applying Weakness and Resistance), prevent that damage. (Any other effects of attacks still happen.)"
      },
      {
        "name": "Rock Throw",
        "cost": [
          "Fighting",
          "Fighting",
          "Colorless"
        ],
        "convertedEnergyCost": 3,
        "damage": "40",
        "text": ""
      }
    ],
    "weaknesses": [
      {
        "type": "Grass",
        "value": "×2"
      }
    ],
    "retreatCost": [
      "Colorless",
      "Colorless"
    ],
    "convertedRetreatCost": 2,
    "number": "37",
    "artist": "Kagemaru Himeno",
    "rarity": "Uncommon",
    "flavorText": "Rolls down slopes to move. It rolls over any obstacle without slowing or changing its direction.",
    "nationalPokedexNumbers": [
      75
    ],
    "legalities": {
      "unlimited": "Legal"
    },
    "images": {
      "small": "https://images.pokemontcg.io/base3/37.png",
      "large": "https://images.pokemontcg.io/base3/37_hires.png"
    }
  },
  {
    "id": "base3-38",
    "name": "Kingler",
    "supertype": "Pokémon",
    "subtypes": [
      "Stage 1"
    ],
    "level": "27",
    "hp": "60",
    "types": [
      "Water"
    ],
    "evolvesFrom": "Krabby",
    "attacks": [
      {
        "name": "Flail",
        "cost": [
          "Water"
        ],
        "convertedEnergyCost": 1,
        "damage": "10×",
        "text": "Does 10 damage times the number of damage counters on Kingler."
      },
      {
        "name": "Crabhammer",
        "cost": [
          "Water",
          "Water",
          "Colorless"
        ],
        "convertedEnergyCost": 3,
        "damage": "40",
        "text": ""
      }
    ],
    "weaknesses": [
      {
        "type": "Lightning",
        "value": "×2"
      }
    ],
    "retreatCost": [
      "Colorless",
      "Colorless",
      "Colorless"
    ],
    "convertedRetreatCost": 3,
    "number": "38",
    "artist": "Kagemaru Himeno",
    "rarity": "Uncommon",
    "flavorText": "The large pincer has 10,000 horsepower of crushing power. However, its huge size makes it unwieldy to use.",
    "nationalPokedexNumbers": [
      99
    ],
    "legalities": {
      "unlimited": "Legal"
    },
    "images": {
      "small": "https://images.pokemontcg.io/base3/38.png",
      "large": "https://images.pokemontcg.io/base3/38_hires.png"
    }
  },
  {
    "id": "base3-39",
    "name": "Magmar",
    "supertype": "Pokémon",
    "subtypes": [
      "Basic"
    ],
    "level": "31",
    "hp": "70",
    "types": [
      "Fire"
    ],
    "evolvesTo": [
      "Magmortar"
    ],
    "attacks": [
      {
        "name": "Smokescreen",
        "cost": [
          "Fire"
        ],
        "convertedEnergyCost": 1,
        "damage": "10",
        "text": "If the Defending Pokémon tries to attack during your opponent's next turn, your opponent flips a coin. If tails, that attack does nothing."
      },
      {
        "name": "Smog",
        "cost": [
          "Fire",
          "Fire"
        ],
        "convertedEnergyCost": 2,
        "damage": "20",
        "text": "Flip a coin. If heads, the Defending Pokémon is now Poisoned."
      }
    ],
    "weaknesses": [
      {
        "type": "Water",
        "value": "×2"
      }
    ],
    "retreatCost": [
      "Colorless"
    ],
    "convertedRetreatCost": 1,
    "number": "39",
    "artist": "Mitsuhiro Arita",
    "rarity": "Uncommon",
    "flavorText": "Found at the mouths of volcanoes and extremely hard to spot. There are very few instances of capturing this Pokémon.",
    "nationalPokedexNumbers": [
      126
    ],
    "legalities": {
      "unlimited": "Legal"
    },
    "images": {
      "small": "https://images.pokemontcg.io/base3/39.png",
      "large": "https://images.pokemontcg.io/base3/39_hires.png"
    }
  },
  {
    "id": "base3-40",
    "name": "Omastar",
    "supertype": "Pokémon",
    "subtypes": [
      "Stage 2"
    ],
    "level": "32",
    "hp": "70",
    "types": [
      "Water"
    ],
    "evolvesFrom": "Omanyte",
    "attacks": [
      {
        "name": "Water Gun",
        "cost": [
          "Water",
          "Colorless"
        ],
        "convertedEnergyCost": 2,
        "damage": "20+",
        "text": "Does 20 damage plus 10 more damage for each Water Energy attached to Omastar but not used to pay for this attack's Energy cost. You can't add more than 20 damage in this way."
      },
      {
        "name": "Spike Cannon",
        "cost": [
          "Water",
          "Water"
        ],
        "convertedEnergyCost": 2,
        "damage": "30×",
        "text": "Flip 2 coins. This attack does 30 damage times the number of heads."
      }
    ],
    "weaknesses": [
      {
        "type": "Grass",
        "value": "×2"
      }
    ],
    "retreatCost": [
      "Colorless"
    ],
    "convertedRetreatCost": 1,
    "number": "40",
    "artist": "Ken Sugimori",
    "rarity": "Uncommon",
    "flavorText": "A prehistoric Pokémon that died out when its heavy shell made it impossible for it to catch prey.",
    "nationalPokedexNumbers": [
      139
    ],
    "legalities": {
      "unlimited": "Legal"
    },
    "images": {
      "small": "https://images.pokemontcg.io/base3/40.png",
      "large": "https://images.pokemontcg.io/base3/40_hires.png"
    }
  },
  {
    "id": "base3-41",
    "name": "Sandslash",
    "supertype": "Pokémon",
    "subtypes": [
      "Stage 1"
    ],
    "level": "33",
    "hp": "70",
    "types": [
      "Fighting"
    ],
    "evolvesFrom": "Sandshrew",
    "attacks": [
      {
        "name": "Slash",
        "cost": [
          "Colorless",
          "Colorless"
        ],
        "convertedEnergyCost": 2,
        "damage": "20",
        "text": ""
      },
      {
        "name": "Fury Swipes",
        "cost": [
          "Fighting",
          "Fighting"
        ],
        "convertedEnergyCost": 2,
        "damage": "20×",
        "text": "Flip 3 coins. This attack does 20 damage times the number of heads."
      }
    ],
    "weaknesses": [
      {
        "type": "Grass",
        "value": "×2"
      }
    ],
    "resistances": [
      {
        "type": "Lightning",
        "value": "-30"
      }
    ],
    "retreatCost": [
      "Colorless"
    ],
    "convertedRetreatCost": 1,
    "number": "41",
    "artist": "Ken Sugimori",
    "rarity": "Uncommon",
    "flavorText": "Curls up into a spiny ball when threatened. It can roll while curled up to attack or escape.",
    "nationalPokedexNumbers": [
      28
    ],
    "legalities": {
      "unlimited": "Legal"
    },
    "images": {
      "small": "https://images.pokemontcg.io/base3/41.png",
      "large": "https://images.pokemontcg.io/base3/41_hires.png"
    }
  },
  {
    "id": "base3-42",
    "name": "Seadra",
    "supertype": "Pokémon",
    "subtypes": [
      "Stage 1"
    ],
    "level": "23",
    "hp": "60",
    "types": [
      "Water"
    ],
    "evolvesFrom": "Horsea",
    "evolvesTo": [
      "Kingdra"
    ],
    "attacks": [
      {
        "name": "Water Gun",
        "cost": [
          "Water",
          "Colorless"
        ],
        "convertedEnergyCost": 2,
        "damage": "20+",
        "text": "Does 20 damage plus 10 more damage for each Water Energy attached to Seadra but not used to pay for this attack's Energy cost. You can't add more than 20 damage in this way."
      },
      {
        "name": "Agility",
        "cost": [
          "Water",
          "Colorless",
          "Colorless"
        ],
        "convertedEnergyCost": 3,
        "damage": "20",
        "text": "Flip a coin. If heads, during your opponent's next turn, prevent all effects of attacks, including damage, done to Seadra."
      }
    ],
    "weaknesses": [
      {
        "type": "Lightning",
        "value": "×2"
      }
    ],
    "retreatCost": [
      "Colorless"
    ],
    "convertedRetreatCost": 1,
    "number": "42",
    "artist": "Ken Sugimori",
    "rarity": "Uncommon",
    "flavorText": "Capable of swimming backward by rapidly flapping its wing-like pectoral fins and stout tail.",
    "nationalPokedexNumbers": [
      117
    ],
    "legalities": {
      "unlimited": "Legal"
    },
    "images": {
      "small": "https://images.pokemontcg.io/base3/42.png",
      "large": "https://images.pokemontcg.io/base3/42_hires.png"
    }
  },
  {
    "id": "base3-43",
    "name": "Slowbro",
    "supertype": "Pokémon",
    "subtypes": [
      "Stage 1"
    ],
    "level": "26",
    "hp": "60",
    "types": [
      "Psychic"
    ],
    "evolvesFrom": "Slowpoke",
    "abilities": [
      {
        "name": "Strange Behavior",
        "text": "As often as you like during your turn (before your attack), you may move 1 damage counter from 1 of your Pokémon to Slowbro as long as you don't Knock Out Slowbro. This power can't be used if Slowbro is Asleep, Confused, or Paralyzed.",
        "type": "Pokémon Power"
      }
    ],
    "attacks": [
      {
        "name": "Psyshock",
        "cost": [
          "Psychic",
          "Psychic"
        ],
        "convertedEnergyCost": 2,
        "damage": "20",
        "text": "Flip a coin. If heads, the Defending Pokémon is now Paralyzed."
      }
    ],
    "weaknesses": [
      {
        "type": "Psychic",
        "value": "×2"
      }
    ],
    "retreatCost": [
      "Colorless"
    ],
    "convertedRetreatCost": 1,
    "number": "43",
    "artist": "Kagemaru Himeno",
    "rarity": "Uncommon",
    "flavorText": "The Shellder that is latched onto Slowpoke's tail is said to feed on the host's left-over scraps.",
    "nationalPokedexNumbers": [
      80
    ],
    "legalities": {
      "unlimited": "Legal"
    },
    "images": {
      "small": "https://images.pokemontcg.io/base3/43.png",
      "large": "https://images.pokemontcg.io/base3/43_hires.png"
    }
  },
  {
    "id": "base3-44",
    "name": "Tentacruel",
    "supertype": "Pokémon",
    "subtypes": [
      "Stage 1"
    ],
    "level": "21",
    "hp": "60",
    "types": [
      "Water"
    ],
    "evolvesFrom": "Tentacool",
    "attacks": [
      {
        "name": "Supersonic",
        "cost": [
          "Water"
        ],
        "convertedEnergyCost": 1,
        "damage": "",
        "text": "Flip a coin. If heads, the Defending Pokémon is now Confused."
      },
      {
        "name": "Jellyfish Sting",
        "cost": [
          "Water",
          "Water"
        ],
        "convertedEnergyCost": 2,
        "damage": "10",
        "text": "The Defending Pokémon is now Poisoned."
      }
    ],
    "weaknesses": [
      {
        "type": "Lightning",
        "value": "×2"
      }
    ],
    "number": "44",
    "artist": "Kagemaru Himeno",
    "rarity": "Uncommon",
    "flavorText": "The tentacles are normally kept short. On hunts, they are extended to ensnare and immobilize prey.",
    "nationalPokedexNumbers": [
      73
    ],
    "legalities": {
      "unlimited": "Legal"
    },
    "images": {
      "small": "https://images.pokemontcg.io/base3/44.png",
      "large": "https://images.pokemontcg.io/base3/44_hires.png"
    }
  },
  {
    "id": "base3-45",
    "name": "Weezing",
    "supertype": "Pokémon",
    "subtypes": [
      "Stage 1"
    ],
    "level": "27",
    "hp": "60",
    "types": [
      "Grass"
    ],
    "evolvesFrom": "Koffing",
    "attacks": [
      {
        "name": "Smog",
        "cost": [
          "Grass",
          "Grass"
        ],
        "convertedEnergyCost": 2,
        "damage": "20",
        "text": "Flip a coin. If heads, the Defending Pokémon is now Poisoned."
      },
      {
        "name": "Selfdestruct",
        "cost": [
          "Grass",
          "Grass",
          "Colorless"
        ],
        "convertedEnergyCost": 3,
        "damage": "60",
        "text": "Does 10 damage to each Pokémon on each player's Bench. (Don't apply Weakness and Resistance for Benched Pokémon.) Weezing does 60 damage to itself."
      }
    ],
    "weaknesses": [
      {
        "type": "Psychic",
        "value": "×2"
      }
    ],
    "retreatCost": [
      "Colorless"
    ],
    "convertedRetreatCost": 1,
    "number": "45",
    "artist": "Mitsuhiro Arita",
    "rarity": "Uncommon",
    "flavorText": "Where two kinds of poison gases meet, two Koffings can fuse into a Weezing over many years.",
    "nationalPokedexNumbers": [
      110
    ],
    "legalities": {
      "unlimited": "Legal"
    },
    "images": {
      "small": "https://images.pokemontcg.io/base3/45.png",
      "large": "https://images.pokemontcg.io/base3/45_hires.png"
    }
  },
  {
    "id": "base3-46",
    "name": "Ekans",
    "supertype": "Pokémon",
    "subtypes": [
      "Basic"
    ],
    "level": "10",
    "hp": "40",
    "types": [
      "Grass"
    ],
    "evolvesTo": [
      "Arbok"
    ],
    "attacks": [
      {
        "name": "Spit Poison",
        "cost": [
          "Grass"
        ],
        "convertedEnergyCost": 1,
        "damage": "",
        "text": "Flip a coin. If heads, the Defending Pokémon is now Poisoned."
      },
      {
        "name": "Wrap",
        "cost": [
          "Grass",
          "Colorless"
        ],
        "convertedEnergyCost": 2,
        "damage": "20",
        "text": "Flip a coin. If heads, the Defending Pokémon is now Paralyzed."
      }
    ],
    "weaknesses": [
      {
        "type": "Psychic",
        "value": "×2"
      }
    ],
    "retreatCost": [
      "Colorless"
    ],
    "convertedRetreatCost": 1,
    "number": "46",
    "artist": "Kagemaru Himeno",
    "rarity": "Common",
    "flavorText": "Moves silently and stealthily. Eats the eggs of birds such as Pidgey and Spearow whole.",
    "nationalPokedexNumbers": [
      23
    ],
    "legalities": {
      "unlimited": "Legal"
    },
    "images": {
      "small": "https://images.pokemontcg.io/base3/46.png",
      "large": "https://images.pokemontcg.io/base3/46_hires.png"
    }
  },
  {
    "id": "base3-47",
    "name": "Geodude",
    "supertype": "Pokémon",
    "subtypes": [
      "Basic"
    ],
    "level": "16",
    "hp": "50",
    "types": [
      "Fighting"
    ],
    "evolvesTo": [
      "Graveler"
    ],
    "attacks": [
      {
        "name": "Stone Barrage",
        "cost": [
          "Fighting",
          "Colorless"
        ],
        "convertedEnergyCost": 2,
        "damage": "10×",
        "text": "Flip a coin until you get tails. This attack does 10 damage times the number of heads."
      }
    ],
    "weaknesses": [
      {
        "type": "Grass",
        "value": "×2"
      }
    ],
    "retreatCost": [
      "Colorless"
    ],
    "convertedRetreatCost": 1,
    "number": "47",
    "artist": "Kagemaru Himeno",
    "rarity": "Common",
    "flavorText": "Found in fields and mountains. Mistaking them for boulders, people often step or trip on them.",
    "nationalPokedexNumbers": [
      74
    ],
    "legalities": {
      "unlimited": "Legal"
    },
    "images": {
      "small": "https://images.pokemontcg.io/base3/47.png",
      "large": "https://images.pokemontcg.io/base3/47_hires.png"
    }
  },
  {
    "id": "base3-48",
    "name": "Grimer",
    "supertype": "Pokémon",
    "subtypes": [
      "Basic"
    ],
    "level": "17",
    "hp": "50",
    "types": [
      "Grass"
    ],
    "evolvesTo": [
      "Muk"
    ],
    "attacks": [
      {
        "name": "Nasty Goo",
        "cost": [
          "Colorless"
        ],
        "convertedEnergyCost": 1,
        "damage": "10",
        "text": "Flip a coin. If heads, the Defending Pokémon is now Paralyzed."
      },
      {
        "name": "Minimize",
        "cost": [
          "Grass"
        ],
        "convertedEnergyCost": 1,
        "damage": "",
        "text": "All damage done by attacks to Grimer during your opponent's next turn is reduced by 20 (after applying Weakness and Resistance)."
      }
    ],
    "weaknesses": [
      {
        "type": "Psychic",
        "value": "×2"
      }
    ],
    "retreatCost": [
      "Colorless"
    ],
    "convertedRetreatCost": 1,
    "number": "48",
    "artist": "Mitsuhiro Arita",
    "rarity": "Common",
    "flavorText": "Appears in filthy areas. Thrives by sucking up polluted sludge that is pumped out of factories.",
    "nationalPokedexNumbers": [
      88
    ],
    "legalities": {
      "unlimited": "Legal"
    },
    "images": {
      "small": "https://images.pokemontcg.io/base3/48.png",
      "large": "https://images.pokemontcg.io/base3/48_hires.png"
    }
  },
  {
    "id": "base3-49",
    "name": "Horsea",
    "supertype": "Pokémon",
    "subtypes": [
      "Basic"
    ],
    "level": "19",
    "hp": "40",
    "types": [
      "Water"
    ],
    "evolvesTo": [
      "Seadra"
    ],
    "attacks": [
      {
        "name": "Smokescreen",
        "cost": [
          "Water"
        ],
        "convertedEnergyCost": 1,
        "damage": "10",
        "text": "If the Defending Pokémon tries to attack during your opponent's next turn, your opponent flips a coin. If tails, that attack does nothing."
      }
    ],
    "weaknesses": [
      {
        "type": "Lightning",
        "value": "×2"
      }
    ],
    "number": "49",
    "artist": "Mitsuhiro Arita",
    "rarity": "Common",
    "flavorText": "Known to shoot down flying bugs with precision blasts of ink from the surface of the water.",
    "nationalPokedexNumbers": [
      116
    ],
    "legalities": {
      "unlimited": "Legal"
    },
    "images": {
      "small": "https://images.pokemontcg.io/base3/49.png",
      "large": "https://images.pokemontcg.io/base3/49_hires.png"
    }
  },
  {
    "id": "base3-50",
    "name": "Kabuto",
    "supertype": "Pokémon",
    "subtypes": [
      "Stage 1"
    ],
    "level": "9",
    "hp": "30",
    "types": [
      "Fighting"
    ],
    "evolvesFrom": "Mysterious Fossil",
    "evolvesTo": [
      "Kabutops"
    ],
    "abilities": [
      {
        "name": "Kabuto Armor",
        "text": "Whenever an attack (even your own) does damage to Kabuto (after applying Weakness and Resistance), that attack does half the damage to Kabuto (rounded down to the nearest 10). (Any other effects of attacks still happen.) This power stops working while Kabuto is Asleep, Confused, or Paralyzed.",
        "type": "Pokémon Power"
      }
    ],
    "attacks": [
      {
        "name": "Scratch",
        "cost": [
          "Colorless"
        ],
        "convertedEnergyCost": 1,
        "damage": "10",
        "text": ""
      }
    ],
    "weaknesses": [
      {
        "type": "Grass",
        "value": "×2"
      }
    ],
    "retreatCost": [
      "Colorless"
    ],
    "convertedRetreatCost": 1,
    "number": "50",
    "artist": "Ken Sugimori",
    "rarity": "Common",
    "flavorText": "A Pokémon that was resurrected from a fossil found in what was once the ocean floor eons ago.",
    "nationalPokedexNumbers": [
      140
    ],
    "legalities": {
      "unlimited": "Legal"
    },
    "images": {
      "small": "https://images.pokemontcg.io/base3/50.png",
      "large": "https://images.pokemontcg.io/base3/50_hires.png"
    }
  },
  {
    "id": "base3-51",
    "name": "Krabby",
    "supertype": "Pokémon",
    "subtypes": [
      "Basic"
    ],
    "level": "20",
    "hp": "50",
    "types": [
      "Water"
    ],
    "evolvesTo": [
      "Kingler"
    ],
    "attacks": [
      {
        "name": "Call for Family",
        "cost": [
          "Water"
        ],
        "convertedEnergyCost": 1,
        "damage": "",
        "text": "Search your deck for a Basic Pokémon named Krabby and put it onto your Bench. Shuffle your deck afterward. (You can't use this attack if your Bench if full.)"
      },
      {
        "name": "Irongrip",
        "cost": [
          "Water",
          "Colorless"
        ],
        "convertedEnergyCost": 2,
        "damage": "20",
        "text": ""
      }
    ],
    "weaknesses": [
      {
        "type": "Lightning",
        "value": "×2"
      }
    ],
    "retreatCost": [
      "Colorless",
      "Colorless"
    ],
    "convertedRetreatCost": 2,
    "number": "51",
    "artist": "Mitsuhiro Arita",
    "rarity": "Common",
    "flavorText": "Its pincers are not only powerful weapons, they are used for balance when walking sideways.",
    "nationalPokedexNumbers": [
      98
    ],
    "legalities": {
      "unlimited": "Legal"
    },
    "images": {
      "small": "https://images.pokemontcg.io/base3/51.png",
      "large": "https://images.pokemontcg.io/base3/51_hires.png"
    }
  },
  {
    "id": "base3-52",
    "name": "Omanyte",
    "supertype": "Pokémon",
    "subtypes": [
      "Stage 1"
    ],
    "level": "19",
    "hp": "40",
    "types": [
      "Water"
    ],
    "evolvesFrom": "Mysterious Fossil",
    "evolvesTo": [
      "Omastar"
    ],
    "abilities": [
      {
        "name": "Clairvoyance",
        "text": "Your opponent plays with his or her hand face up. This power stops working while Omanyte is Asleep, Confused, or Paralyzed.",
        "type": "Pokémon Power"
      }
    ],
    "attacks": [
      {
        "name": "Water Gun",
        "cost": [
          "Water"
        ],
        "convertedEnergyCost": 1,
        "damage": "10+",
        "text": "Does 10 damage plus 10 more damage for each Water Energy attached to Omanyte but not used to pay for this attack's Energy cost. You can't add more than 20 damage in this way."
      }
    ],
    "weaknesses": [
      {
        "type": "Grass",
        "value": "×2"
      }
    ],
    "retreatCost": [
      "Colorless"
    ],
    "convertedRetreatCost": 1,
    "number": "52",
    "artist": "Kagemaru Himeno",
    "rarity": "Common",
    "flavorText": "Although long extinct, in rare cases, it can be genetically resurrected from fossils.",
    "nationalPokedexNumbers": [
      138
    ],
    "legalities": {
      "unlimited": "Legal"
    },
    "images": {
      "small": "https://images.pokemontcg.io/base3/52.png",
      "large": "https://images.pokemontcg.io/base3/52_hires.png"
    }
  },
  {
    "id": "base3-53",
    "name": "Psyduck",
    "supertype": "Pokémon",
    "subtypes": [
      "Basic"
    ],
    "level": "15",
    "hp": "50",
    "types": [
      "Water"
    ],
    "evolvesTo": [
      "Golduck"
    ],
    "attacks": [
      {
        "name": "Headache",
        "cost": [
          "Psychic"
        ],
        "convertedEnergyCost": 1,
        "damage": "",
        "text": "Your opponent can't play Trainer cards during his or her next turn."
      },
      {
        "name": "Fury Swipes",
        "cost": [
          "Water"
        ],
        "convertedEnergyCost": 1,
        "damage": "10×",
        "text": "Flip 3 coins. This attack does 10 damage times the number of heads."
      }
    ],
    "weaknesses": [
      {
        "type": "Lightning",
        "value": "×2"
      }
    ],
    "retreatCost": [
      "Colorless"
    ],
    "convertedRetreatCost": 1,
    "number": "53",
    "artist": "Kagemaru Himeno",
    "rarity": "Common",
    "flavorText": "While lulling its enemies with its vacant look, this wily Pokémon will use psychokinetic powers.",
    "nationalPokedexNumbers": [
      54
    ],
    "legalities": {
      "unlimited": "Legal"
    },
    "images": {
      "small": "https://images.pokemontcg.io/base3/53.png",
      "large": "https://images.pokemontcg.io/base3/53_hires.png"
    }
  },
  {
    "id": "base3-54",
    "name": "Shellder",
    "supertype": "Pokémon",
    "subtypes": [
      "Basic"
    ],
    "level": "8",
    "hp": "30",
    "types": [
      "Water"
    ],
    "evolvesTo": [
      "Cloyster"
    ],
    "attacks": [
      {
        "name": "Supersonic",
        "cost": [
          "Water"
        ],
        "convertedEnergyCost": 1,
        "damage": "",
        "text": "Flip a coin. If heads, the Defending Pokémon is now Confused."
      },
      {
        "name": "Hide in Shell",
        "cost": [
          "Water"
        ],
        "convertedEnergyCost": 1,
        "damage": "",
        "text": "Flip a coin. If heads, prevent all damage done to Shellder during your opponent's next turn. (Any other effects of attacks still happen.)"
      }
    ],
    "weaknesses": [
      {
        "type": "Lightning",
        "value": "×2"
      }
    ],
    "retreatCost": [
      "Colorless"
    ],
    "convertedRetreatCost": 1,
    "number": "54",
    "artist": "Mitsuhiro Arita",
    "rarity": "Common",
    "flavorText": "Its hard shell repels any kind of attack. It is vulnerable only when its shell is open.",
    "nationalPokedexNumbers": [
      90
    ],
    "legalities": {
      "unlimited": "Legal"
    },
    "images": {
      "small": "https://images.pokemontcg.io/base3/54.png",
      "large": "https://images.pokemontcg.io/base3/54_hires.png"
    }
  },
  {
    "id": "base3-55",
    "name": "Slowpoke",
    "supertype": "Pokémon",
    "subtypes": [
      "Basic"
    ],
    "level": "18",
    "hp": "50",
    "types": [
      "Psychic"
    ],
    "evolvesTo": [
      "Slowbro",
      "Slowking"
    ],
    "attacks": [
      {
        "name": "Spacing Out",
        "cost": [
          "Colorless"
        ],
        "convertedEnergyCost": 1,
        "damage": "",
        "text": "Flip a coin. If heads, remove a damage counter from Slowpoke. This attack can't be used if Slowpoke has no damage counters on it."
      },
      {
        "name": "Scavenge",
        "cost": [
          "Psychic",
          "Psychic"
        ],
        "convertedEnergyCost": 2,
        "damage": "",
        "text": "Discard 1 Psychic Energy card attached to Slowpoke in order to use this attack. Put a Trainer card from your discard pile into your hand."
      }
    ],
    "weaknesses": [
      {
        "type": "Psychic",
        "value": "×2"
      }
    ],
    "retreatCost": [
      "Colorless"
    ],
    "convertedRetreatCost": 1,
    "number": "55",
    "artist": "Miki Tanaka",
    "rarity": "Common",
    "flavorText": "Incredibly slow and dopey. It takes 5 seconds for it to feel pain when under attack.",
    "nationalPokedexNumbers": [
      79
    ],
    "legalities": {
      "unlimited": "Legal"
    },
    "images": {
      "small": "https://images.pokemontcg.io/base3/55.png",
      "large": "https://images.pokemontcg.io/base3/55_hires.png"
    }
  },
  {
    "id": "base3-56",
    "name": "Tentacool",
    "supertype": "Pokémon",
    "subtypes": [
      "Basic"
    ],
    "level": "10",
    "hp": "30",
    "types": [
      "Water"
    ],
    "evolvesTo": [
      "Tentacruel"
    ],
    "abilities": [
      {
        "name": "Cowardice",
        "text": "At any time during your turn (before your attack), you may return Tentacool to your hand. (Discard all cards attached to Tentacool.) This power can't be used the turn you put Tentacool into play or if Tentacool is Asleep, Confused, or Paralyzed.",
        "type": "Pokémon Power"
      }
    ],
    "attacks": [
      {
        "name": "Acid",
        "cost": [
          "Water"
        ],
        "convertedEnergyCost": 1,
        "damage": "10",
        "text": ""
      }
    ],
    "weaknesses": [
      {
        "type": "Lightning",
        "value": "×2"
      }
    ],
    "number": "56",
    "artist": "Kagemaru Himeno",
    "rarity": "Common",
    "flavorText": "Drifts in shallow seas. Anglers who hook them by accident are often punished by its stinging acid.",
    "nationalPokedexNumbers": [
      72
    ],
    "legalities": {
      "unlimited": "Legal"
    },
    "images": {
      "small": "https://images.pokemontcg.io/base3/56.png",
      "large": "https://images.pokemontcg.io/base3/56_hires.png"
    }
  },
  {
    "id": "base3-57",
    "name": "Zubat",
    "supertype": "Pokémon",
    "subtypes": [
      "Basic"
    ],
    "level": "10",
    "hp": "40",
    "types": [
      "Grass"
    ],
    "evolvesTo": [
      "Golbat"
    ],
    "attacks": [
      {
        "name": "Supersonic",
        "cost": [
          "Colorless",
          "Colorless"
        ],
        "convertedEnergyCost": 2,
        "damage": "",
        "text": "Flip a coin. If heads, the Defending Pokémon is now Confused."
      },
      {
        "name": "Leech Life",
        "cost": [
          "Grass",
          "Colorless"
        ],
        "convertedEnergyCost": 2,
        "damage": "10",
        "text": "Remove a number of damage counters from Zubat equal to the damage done to the Defending Pokémon (after applying Weakness and Resistance). If Zubat has fewer damage counters than that, remove all of them."
      }
    ],
    "weaknesses": [
      {
        "type": "Psychic",
        "value": "×2"
      }
    ],
    "resistances": [
      {
        "type": "Fighting",
        "value": "-30"
      }
    ],
    "number": "57",
    "artist": "Kagemaru Himeno",
    "rarity": "Common",
    "flavorText": "Forms colonies in perpetually dark places. Uses ultrasonic waves to identify and approach targets.",
    "nationalPokedexNumbers": [
      41
    ],
    "legalities": {
      "unlimited": "Legal"
    },
    "images": {
      "small": "https://images.pokemontcg.io/base3/57.png",
      "large": "https://images.pokemontcg.io/base3/57_hires.png"
    }
  },
  {
    "id": "base3-58",
    "name": "Mr. Fuji",
    "supertype": "Trainer",
    "rules": [
      "Choose a Pokémon on your Bench. Shuffle it and any cards attached to it into your deck."
    ],
    "number": "58",
    "artist": "Ken Sugimori",
    "rarity": "Uncommon",
    "legalities": {
      "unlimited": "Legal"
    },
    "images": {
      "small": "https://images.pokemontcg.io/base3/58.png",
      "large": "https://images.pokemontcg.io/base3/58_hires.png"
    }
  },
  {
    "id": "base3-59",
    "name": "Energy Search",
    "supertype": "Trainer",
    "rules": [
      "Search your deck for a basic Energy card and put it into your hand. Shuffle your deck afterward."
    ],
    "number": "59",
    "artist": "Keiji Kinebuchi",
    "rarity": "Common",
    "legalities": {
      "unlimited": "Legal",
      "standard": "Legal",
      "expanded": "Legal"
    },
    "images": {
      "small": "https://images.pokemontcg.io/base3/59.png",
      "large": "https://images.pokemontcg.io/base3/59_hires.png"
    }
  },
  {
    "id": "base3-60",
    "name": "Gambler",
    "supertype": "Trainer",
    "rules": [
      "Shuffle your hand into your deck. Flip a coin. If heads, draw 8 cards. If tails, draw 1 card."
    ],
    "number": "60",
    "artist": "Keiji Kinebuchi",
    "rarity": "Common",
    "legalities": {
      "unlimited": "Legal"
    },
    "images": {
      "small": "https://images.pokemontcg.io/base3/60.png",
      "large": "https://images.pokemontcg.io/base3/60_hires.png"
    }
  },
  {
    "id": "base3-61",
    "name": "Recycle",
    "supertype": "Trainer",
    "rules": [
      "Flip a coin. If heads, put a card in your discard pile on top of your deck."
    ],
    "number": "61",
    "artist": "Keiji Kinebuchi",
    "rarity": "Common",
    "legalities": {
      "unlimited": "Legal",
      "expanded": "Legal"
    },
    "images": {
      "small": "https://images.pokemontcg.io/base3/61.png",
      "large": "https://images.pokemontcg.io/base3/61_hires.png"
    }
  },
  {
    "id": "base3-62",
    "name": "Mysterious Fossil",
    "supertype": "Trainer",
    "hp": "10",
    "rules": [
      "Play Mysterious Fossil as if it were a Basic Pokémon. While in play, Mysterious Fossil counts as a Pokémon (instead of a Trainer card). Mysterious Fossil has no attacks, can't retreat, and can't be Asleep, Confused, Paralyzed, or Poisoned. If Mysterious Fossil is Knocked Out, it doesn't count as a Knocked Out Pokémon. (Discard it anyway.) At any time during your turn before your attack, you may discard Mysterious Fossil from play."
    ],
    "number": "62",
    "artist": "Keiji Kinebuchi",
    "rarity": "Common",
    "legalities": {
      "unlimited": "Legal"
    },
    "images": {
      "small": "https://images.pokemontcg.io/base3/62.png",
      "large": "https://images.pokemontcg.io/base3/62_hires.png"
    }
  }
]
