[
  {
    "id": "basep-1",
    "name": "Pikachu",
    "supertype": "Pokémon",
    "subtypes": [
      "Basic"
    ],
    "level": "16",
    "hp": "60",
    "types": [
      "Lightning"
    ],
    "evolvesTo": [
      "Raichu"
    ],
    "attacks": [
      {
        "name": "Growl",
        "cost": [
          "Colorless"
        ],
        "convertedEnergyCost": 1,
        "damage": "",
        "text": "If the Defending Pokémon attacks Pikachu during your opponent's next turn, any damage done by the attack is reduced by 10 (after applying Weakness and Resistance). (Benching either Pokémon ends this effect.)"
      },
      {
        "name": "Thundershock",
        "cost": [
          "Lightning",
          "Lightning"
        ],
        "convertedEnergyCost": 2,
        "damage": "20",
        "text": "Flip a coin. If heads, the Defending Pokémon is now Paralyzed."
      }
    ],
    "weaknesses": [
      {
        "type": "Fighting",
        "value": "×2"
      }
    ],
    "retreatCost": [
      "Colorless"
    ],
    "convertedRetreatCost": 1,
    "number": "1",
    "artist": "Keiji Kinebuchi",
    "rarity": "Promo",
    "flavorText": "When several of these Pokémon gather, their electricity could build and cause lightning storms.",
    "nationalPokedexNumbers": [
      25
    ],
    "legalities": {
      "unlimited": "Legal"
    },
    "images": {
      "small": "https://images.pokemontcg.io/basep/1.png",
      "large": "https://images.pokemontcg.io/basep/1_hires.png"
    }
  },
  {
    "id": "basep-2",
    "name": "Electabuzz",
    "supertype": "Pokémon",
    "subtypes": [
      "Basic"
    ],
    "level": "20",
    "hp": "60",
    "types": [
      "Lightning"
    ],
    "evolvesTo": [
      "Electivire"
    ],
    "attacks": [
      {
        "name": "Light Screen",
        "cost": [
          "Lightning"
        ],
        "convertedEnergyCost": 1,
        "damage": "",
        "text": "Whenever an attack does damage to Electabuzz (after applying Weakness and Resistance) during your opponent's next turn, that attack only does half the damage to Electabuzz (rounded down to the nearest 10). (Any other effects of attacks still happen.)"
      },
      {
        "name": "Quick Attack",
        "cost": [
          "Colorless",
          "Colorless"
        ],
        "convertedEnergyCost": 2,
        "damage": "10+",
        "text": "Flip a coin. If heads, this attack does 10 damage plus 20 more damage; if tails, this attack does 10 damage."
      }
    ],
    "weaknesses": [
      {
        "type": "Fighting",
        "value": "×2"
      }
    ],
    "retreatCost": [
      "Colorless",
      "Colorless"
    ],
    "convertedRetreatCost": 2,
    "number": "2",
    "artist": "Ken Sugimori",
    "rarity": "Promo",
    "flavorText": "A wild Pokémon with a short temper. It is able to distinguish colors, and likes the color red.",
    "nationalPokedexNumbers": [
      125
    ],
    "legalities": {
      "unlimited": "Legal"
    },
    "images": {
      "small": "https://images.pokemontcg.io/basep/2.png",
      "large": "https://images.pokemontcg.io/basep/2_hires.png"
    }
  },
  {
    "id": "basep-3",
    "name": "Mewtwo",
    "supertype": "Pokémon",
    "subtypes": [
      "Basic"
    ],
    "level": "60",
    "hp": "70",
    "types": [
      "Psychic"
    ],
    "attacks": [
      {
        "name": "Energy Absorption",
        "cost": [
          "Psychic"
        ],
        "convertedEnergyCost": 1,
        "damage": "",
        "text": "Choose up to 2 Energy cards from your discard pile and attach them to Mewtwo."
      },
      {
        "name": "Psyburn",
        "cost": [
          "Psychic",
          "Psychic",
          "Colorless"
        ],
        "convertedEnergyCost": 3,
        "damage": "40",
        "text": ""
      }
    ],
    "weaknesses": [
      {
        "type": "Psychic",
        "value": "×2"
      }
    ],
    "retreatCost": [
      "Colorless",
      "Colorless"
    ],
    "convertedRetreatCost": 2,
    "number": "3",
    "artist": "Ken Sugimori",
    "rarity": "Promo",
    "flavorText": "Years of genetic experiments resulted in the creation of this never-before-seen violent Pokémon.",
    "nationalPokedexNumbers": [
      150
    ],
    "legalities": {
      "unlimited": "Legal"
    },
    "images": {
      "small": "https://images.pokemontcg.io/basep/3.png",
      "large": "https://images.pokemontcg.io/basep/3_hires.png"
    }
  },
  {
    "id": "basep-4",
    "name": "Pikachu",
    "supertype": "Pokémon",
    "subtypes": [
      "Basic"
    ],
    "level": "13",
    "hp": "50",
    "types": [
      "Lightning"
    ],
    "evolvesTo": [
      "Raichu"
    ],
    "attacks": [
      {
        "name": "Recharge",
        "cost": [
          "Lightning"
        ],
        "convertedEnergyCost": 1,
        "damage": "",
        "text": "Search your deck for a Lightning Energy card and attach it to Pikachu. Shuffle your deck afterward."
      },
      {
        "name": "Thunderbolt",
        "cost": [
          "Lightning",
          "Lightning",
          "Lightning"
        ],
        "convertedEnergyCost": 3,
        "damage": "50",
        "text": "Discard all Energy cards attached to Pikachu in order to use this attack."
      }
    ],
    "weaknesses": [
      {
        "type": "Fighting",
        "value": "×2"
      }
    ],
    "retreatCost": [
      "Colorless"
    ],
    "convertedRetreatCost": 1,
    "number": "4",
    "artist": "Ken Sugimori",
    "rarity": "Promo",
    "flavorText": "When several of these Pokémon gather, they attract so much electricity that they can cause lightning to strike.",
    "nationalPokedexNumbers": [
      25
    ],
    "legalities": {
      "unlimited": "Legal"
    },
    "images": {
      "small": "https://images.pokemontcg.io/basep/4.png",
      "large": "https://images.pokemontcg.io/basep/4_hires.png"
    }
  },
  {
    "id": "basep-5",
    "name": "Dragonite",
    "supertype": "Pokémon",
    "subtypes": [
      "Stage 2"
    ],
    "level": "43",
    "hp": "90",
    "types": [
      "Colorless"
    ],
    "evolvesFrom": "Dragonair",
    "abilities": [
      {
        "name": "Special Delivery",
        "text": "Once during your turn (before your attack), you may draw a card. If you do, choose a card from your hand and put it on top of your deck. This power can't be used if Dragonite is Asleep, Confused, or Paralyzed.",
        "type": "Pokémon Power"
      }
    ],
    "attacks": [
      {
        "name": "Supersonic Flight",
        "cost": [
          "Colorless",
          "Colorless",
          "Colorless"
        ],
        "convertedEnergyCost": 3,
        "damage": "60",
        "text": "Flip a coin. If tails, this attack does nothing."
      }
    ],
    "resistances": [
      {
        "type": "Fighting",
        "value": "-30"
      }
    ],
    "retreatCost": [
      "Colorless",
      "Colorless"
    ],
    "convertedRetreatCost": 2,
    "number": "5",
    "artist": "Toshinao Aoki",
    "rarity": "Promo",
    "flavorText": "This Pokémon can fly is spite of its large bulk. It is said to be able to circumnavigate the earth in just 16 hours.",
    "nationalPokedexNumbers": [
      149
    ],
    "legalities": {
      "unlimited": "Legal"
    },
    "images": {
      "small": "https://images.pokemontcg.io/basep/5.png",
      "large": "https://images.pokemontcg.io/basep/5_hires.png"
    }
  },
  {
    "id": "basep-6",
    "name": "Arcanine",
    "supertype": "Pokémon",
    "subtypes": [
      "Stage 1"
    ],
    "level": "34",
    "hp": "70",
    "types": [
      "Fire"
    ],
    "evolvesFrom": "Growlithe",
    "attacks": [
      {
        "name": "Quick Attack",
        "cost": [
          "Colorless",
          "Colorless"
        ],
        "convertedEnergyCost": 2,
        "damage": "10+",
        "text": "Flip a coin. If heads, this attack does 10 damage plus 20 more damage; if tails, this attack does 10 damage."
      },
      {
        "name": "Flames of Rage",
        "cost": [
          "Fire",
          "Fire"
        ],
        "convertedEnergyCost": 2,
        "damage": "40+",
        "text": "Discard 2 Fire Energy cards attached to Arcanine in order to use this attack. This attack does 40 damage plus 10 more damage for each damage counter on Arcanine."
      }
    ],
    "weaknesses": [
      {
        "type": "Water",
        "value": "×2"
      }
    ],
    "retreatCost": [
      "Colorless"
    ],
    "convertedRetreatCost": 1,
    "number": "6",
    "artist": "Ken Sugimori",
    "rarity": "Promo",
    "flavorText": "A legendary Pokémon famous for its beauty. It looks almost as if it flies when it runs.",
    "nationalPokedexNumbers": [
      59
    ],
    "legalities": {
      "unlimited": "Legal"
    },
    "images": {
      "small": "https://images.pokemontcg.io/basep/6.png",
      "large": "https://images.pokemontcg.io/basep/6_hires.png"
    }
  },
  {
    "id": "basep-7",
    "name": "Jigglypuff",
    "supertype": "Pokémon",
    "subtypes": [
      "Basic"
    ],
    "level": "12",
    "hp": "50",
    "types": [
      "Colorless"
    ],
    "evolvesTo": [
      "Wigglytuff"
    ],
    "attacks": [
      {
        "name": "First Aid",
        "cost": [
          "Colorless"
        ],
        "convertedEnergyCost": 1,
        "damage": "",
        "text": "Remove 1 damage counter from Jigglypuff."
      },
      {
        "name": "Double-edge",
        "cost": [
          "Colorless",
          "Colorless",
          "Colorless"
        ],
        "convertedEnergyCost": 3,
        "damage": "40",
        "text": "Jigglypuff does 20 damage to itself."
      }
    ],
    "weaknesses": [
      {
        "type": "Fighting",
        "value": "×2"
      }
    ],
    "resistances": [
      {
        "type": "Psychic",
        "value": "-30"
      }
    ],
    "retreatCost": [
      "Colorless"
    ],
    "convertedRetreatCost": 1,
    "number": "7",
    "artist": "Keiji Kinebuchi",
    "rarity": "Promo",
    "flavorText": "When its huge eyes light up, it sings a mysteriously soothing melody that lulls its enemies to sleep.",
    "nationalPokedexNumbers": [
      39
    ],
    "legalities": {
      "unlimited": "Legal"
    },
    "images": {
      "small": "https://images.pokemontcg.io/basep/7.png",
      "large": "https://images.pokemontcg.io/basep/7_hires.png"
    }
  },
  {
    "id": "basep-8",
    "name": "Mew",
    "supertype": "Pokémon",
    "subtypes": [
      "Basic"
    ],
    "level": "23",
    "hp": "50",
    "types": [
      "Psychic"
    ],
    "attacks": [
      {
        "name": "Psywave",
        "cost": [
          "Psychic"
        ],
        "convertedEnergyCost": 1,
        "damage": "10×",
        "text": "Does 10 damage times the number of Energy cards attached to the Defending Pokémon."
      },
      {
        "name": "Devolution Beam",
        "cost": [
          "Psychic",
          "Psychic"
        ],
        "convertedEnergyCost": 2,
        "damage": "",
        "text": "Choose an evolved Pokémon (your own or your opponent's). Return the highest Stage Evolution card on that Pokémon to its player's hand. That Pokémon is no longer Asleep, Confused, Paralyzed, or Poisoned, or anything else that might be the result of an attack (just as if you had evolved it)."
      }
    ],
    "weaknesses": [
      {
        "type": "Psychic",
        "value": "×2"
      }
    ],
    "retreatCost": [
      "Colorless"
    ],
    "convertedRetreatCost": 1,
    "number": "8",
    "artist": "Ken Sugimori",
    "rarity": "Promo",
    "flavorText": "So rare that it is still said to be a mirage by many experts. Only a few people have seen it worldwide.",
    "nationalPokedexNumbers": [
      151
    ],
    "legalities": {
      "unlimited": "Legal"
    },
    "images": {
      "small": "https://images.pokemontcg.io/basep/8.png",
      "large": "https://images.pokemontcg.io/basep/8_hires.png"
    }
  },
  {
    "id": "basep-9",
    "name": "Mew",
    "supertype": "Pokémon",
    "subtypes": [
      "Basic"
    ],
    "level": "51",
    "hp": "50",
    "types": [
      "Psychic"
    ],
    "attacks": [
      {
        "name": "Psywave",
        "cost": [
          "Psychic"
        ],
        "convertedEnergyCost": 1,
        "damage": "10×",
        "text": "Does 10 damage times the number of Energy cards attached to the Defending Pokémon."
      },
      {
        "name": "Devolution Beam",
        "cost": [
          "Psychic",
          "Psychic"
        ],
        "convertedEnergyCost": 2,
        "damage": "",
        "text": "Choose an evolved Pokémon (your own or your opponent's). Return the highest Stage Evolution card on that Pokémon to its player's hand. That Pokémon is no longer Asleep, Confused, Paralyzed, or Poisoned, or anything else that might be the result of an attack (just as if you had evolved it)."
      }
    ],
    "weaknesses": [
      {
        "type": "Psychic",
        "value": "×2"
      }
    ],
    "retreatCost": [
      "Colorless"
    ],
    "convertedRetreatCost": 1,
    "number": "9",
    "artist": "Ken Sugimori",
    "rarity": "Promo",
    "flavorText": "So rare that it is still said to be a mirage by many experts. Only a few people have seen it worldwide.",
    "nationalPokedexNumbers": [
      151
    ],
    "legalities": {
      "unlimited": "Legal"
    },
    "images": {
      "small": "https://images.pokemontcg.io/basep/9.png",
      "large": "https://images.pokemontcg.io/basep/9_hires.png"
    }
  },
  {
    "id": "basep-10",
    "name": "Meowth",
    "supertype": "Pokémon",
    "subtypes": [
      "Basic"
    ],
    "level": "13",
    "hp": "50",
    "types": [
      "Colorless"
    ],
    "evolvesTo": [
      "Persian"
    ],
    "attacks": [
      {
        "name": "Cat Punch",
        "cost": [
          "Colorless",
          "Colorless"
        ],
        "convertedEnergyCost": 2,
        "damage": "",
        "text": "Flip a coin. If heads, this attack does 20 damage. If tails and if your opponent has any Benched Pokémon, he or she chooses 1 of them and this attack does 20 damage to it. (Don't apply Weakness and Resistance for Benched Pokémon.)"
      }
    ],
    "weaknesses": [
      {
        "type": "Fighting",
        "value": "×2"
      }
    ],
    "resistances": [
      {
        "type": "Psychic",
        "value": "-30"
      }
    ],
    "retreatCost": [
      "Colorless"
    ],
    "convertedRetreatCost": 1,
    "number": "10",
    "artist": "Kagemaru Himeno",
    "rarity": "Promo",
    "flavorText": "Adores circular objects. Wanders the streets on a nightly basis to look for dropped loose change.",
    "nationalPokedexNumbers": [
      52
    ],
    "legalities": {
      "unlimited": "Legal"
    },
    "images": {
      "small": "https://images.pokemontcg.io/basep/10.png",
      "large": "https://images.pokemontcg.io/basep/10_hires.png"
    }
  },
  {
    "id": "basep-11",
    "name": "Eevee",
    "supertype": "Pokémon",
    "subtypes": [
      "Basic"
    ],
    "level": "7",
    "hp": "30",
    "types": [
      "Colorless"
    ],
    "evolvesTo": [
      "Vaporeon",
      "Jolteon",
      "Flareon",
      "Sylveon",
      "Espeon",
      "Umbreon",
      "Leafeon",
      "Glaceon"
    ],
    "abilities": [
      {
        "name": "Chain Reaction",
        "text": "This power can only be used when a Pokémon evolves. Search your deck for a card that evolves from Eevee and attach it to Eevee. This counts as evolving Eevee. Shuffle your deck afterward. This power can't be used if Eevee is Asleep, Confused, or Paralyzed.",
        "type": "Pokémon Power"
      }
    ],
    "attacks": [
      {
        "name": "Bite",
        "cost": [
          "Colorless"
        ],
        "convertedEnergyCost": 1,
        "damage": "20",
        "text": ""
      }
    ],
    "weaknesses": [
      {
        "type": "Fighting",
        "value": "×2"
      }
    ],
    "resistances": [
      {
        "type": "Psychic",
        "value": "-30"
      }
    ],
    "number": "11",
    "artist": "Kagemaru Himeno",
    "rarity": "Promo",
    "flavorText": "Its genetic code is irregular. It may mutate if it is exposed to radiation from elemental stones.",
    "nationalPokedexNumbers": [
      133
    ],
    "legalities": {
      "unlimited": "Legal"
    },
    "images": {
      "small": "https://images.pokemontcg.io/basep/11.png",
      "large": "https://images.pokemontcg.io/basep/11_hires.png"
    }
  },
  {
    "id": "basep-12",
    "name": "Mewtwo",
    "supertype": "Pokémon",
    "subtypes": [
      "Basic"
    ],
    "level": "13",
    "hp": "60",
    "types": [
      "Psychic"
    ],
    "attacks": [
      {
        "name": "Energy Control",
        "cost": [
          "Psychic"
        ],
        "convertedEnergyCost": 1,
        "damage": "",
        "text": "Flip a coin. If heads, choose a basic Energy card attached to 1 of your opponent's Pokémon and attach it to another of your opponent's Pokémon of your choice."
      },
      {
        "name": "Telekinesis",
        "cost": [
          "Psychic",
          "Psychic",
          "Psychic"
        ],
        "convertedEnergyCost": 3,
        "damage": "",
        "text": "Choose 1 of your opponent's Pokémon. This attack does 30 damage to that Pokémon. Don't apply Weakness and Resistance for this attack. (Any other effects that would happen after applying Weakness and Resistance still happen.)"
      }
    ],
    "weaknesses": [
      {
        "type": "Psychic",
        "value": "×2"
      }
    ],
    "retreatCost": [
      "Colorless",
      "Colorless"
    ],
    "convertedRetreatCost": 2,
    "number": "12",
    "artist": "Christopher Rush",
    "rarity": "Promo",
    "flavorText": "A scientist created this Pokémon after years of horrific gene-splicing and DNA engineering experiments.",
    "nationalPokedexNumbers": [
      150
    ],
    "legalities": {
      "unlimited": "Legal"
    },
    "images": {
      "small": "https://images.pokemontcg.io/basep/12.png",
      "large": "https://images.pokemontcg.io/basep/12_hires.png"
    }
  },
  {
    "id": "basep-13",
    "name": "Venusaur",
    "supertype": "Pokémon",
    "subtypes": [
      "Stage 2"
    ],
    "level": "16",
    "hp": "100",
    "types": [
      "Grass"
    ],
    "evolvesFrom": "Ivysaur",
    "abilities": [
      {
        "name": "Solar Power",
        "text": "Once during your turn (before your attack), you may use this power. Your Active Pokémon and the Defending Pokémon are no longer Asleep, Confused, Paralyzed, or Poisoned. This power can't be used if Venusaur is Asleep, Confused, or Paralyzed.",
        "type": "Pokémon Power"
      }
    ],
    "attacks": [
      {
        "name": "Mega Drain",
        "cost": [
          "Grass",
          "Grass",
          "Grass",
          "Grass"
        ],
        "convertedEnergyCost": 4,
        "damage": "40",
        "text": "Remove a number of damage counters from Venusaur equal to half the damage done to the Defending Pokémon (after applying Weakness and Resistance) (rounded up to the nearest 10). If Venusaur has fewer damage counters than that, remove all of them."
      }
    ],
    "weaknesses": [
      {
        "type": "Fire",
        "value": "×2"
      }
    ],
    "retreatCost": [
      "Colorless",
      "Colorless"
    ],
    "convertedRetreatCost": 2,
    "number": "13",
    "artist": "Ken Sugimori",
    "rarity": "Promo",
    "flavorText": "This plant blooms when it is absorbing solar energy. It stays on the move to seek sunlight.",
    "nationalPokedexNumbers": [
      3
    ],
    "legalities": {
      "unlimited": "Legal"
    },
    "images": {
      "small": "https://images.pokemontcg.io/basep/13.png",
      "large": "https://images.pokemontcg.io/basep/13_hires.png"
    }
  },
  {
    "id": "basep-14",
    "name": "Mewtwo",
    "supertype": "Pokémon",
    "subtypes": [
      "Basic"
    ],
    "level": "60",
    "hp": "70",
    "types": [
      "Psychic"
    ],
    "attacks": [
      {
        "name": "Energy Absorption",
        "cost": [
          "Psychic"
        ],
        "convertedEnergyCost": 1,
        "damage": "",
        "text": "Choose up to 2 Energy cards from your discard pile and attach them to Mewtwo."
      },
      {
        "name": "Psyburn",
        "cost": [
          "Psychic",
          "Psychic",
          "Colorless"
        ],
        "convertedEnergyCost": 3,
        "damage": "40",
        "text": ""
      }
    ],
    "weaknesses": [
      {
        "type": "Psychic",
        "value": "×2"
      }
    ],
    "retreatCost": [
      "Colorless",
      "Colorless"
    ],
    "convertedRetreatCost": 2,
    "number": "14",
    "artist": "Benimaru Itoh",
    "rarity": "Promo",
    "flavorText": "Years of genetic experiments resulted in the creation of this never-before-seen violent Pokémon.",
    "nationalPokedexNumbers": [
      150
    ],
    "legalities": {
      "unlimited": "Legal"
    },
    "images": {
      "small": "https://images.pokemontcg.io/basep/14.png",
      "large": "https://images.pokemontcg.io/basep/14_hires.png"
    }
  },
  {
    "id": "basep-15",
    "name": "Cool Porygon",
    "supertype": "Pokémon",
    "subtypes": [
      "Basic"
    ],
    "level": "15",
    "hp": "50",
    "types": [
      "Colorless"
    ],
    "evolvesTo": [
      "Porygon2"
    ],
    "attacks": [
      {
        "name": "Texture Magic",
        "cost": [
          "Colorless",
          "Colorless",
          "Colorless"
        ],
        "convertedEnergyCost": 3,
        "damage": "",
        "text": "You may change Cool Porygon's Resistance to a type of your choice other than Colorless. If the Defending Pokémon has a Weakness, you may change it to a type of your choice other than Colorless. (Benching either Pokémon ends the effect on that Pokémon.)"
      },
      {
        "name": "3-D Attack",
        "cost": [
          "Colorless",
          "Colorless",
          "Colorless"
        ],
        "convertedEnergyCost": 3,
        "damage": "20×",
        "text": "Flip 3 coins. This attack does 20 damage times the number of heads."
      }
    ],
    "weaknesses": [
      {
        "type": "Fighting",
        "value": "×2"
      }
    ],
    "resistances": [
      {
        "type": "Psychic",
        "value": "-30"
      }
    ],
    "retreatCost": [
      "Colorless"
    ],
    "convertedRetreatCost": 1,
    "number": "15",
    "artist": "Hiromichi Sugiyama",
    "rarity": "Promo",
    "flavorText": "A Pokémon that consists entirely of programming code. Capable of moving freely in cyberspace.",
    "nationalPokedexNumbers": [
      137
    ],
    "legalities": {
      "unlimited": "Legal"
    },
    "images": {
      "small": "https://images.pokemontcg.io/basep/15.png",
      "large": "https://images.pokemontcg.io/basep/15_hires.png"
    }
  },
  {
    "id": "basep-16",
    "name": "Computer Error",
    "supertype": "Trainer",
    "subtypes": [
      "Rocket's Secret Machine"
    ],
    "rules": [
      "You may draw up to 5 cards, then your opponent may draw up to 5 cards. Your turn is over now (you don't get to attack)."
    ],
    "number": "16",
    "artist": "Sumiyoshi Kizuki",
    "rarity": "Promo",
    "legalities": {
      "unlimited": "Legal"
    },
    "images": {
      "small": "https://images.pokemontcg.io/basep/16.png",
      "large": "https://images.pokemontcg.io/basep/16_hires.png"
    }
  },
  {
    "id": "basep-17",
    "name": "Dark Persian",
    "supertype": "Pokémon",
    "subtypes": [
      "Stage 1"
    ],
    "level": "28",
    "hp": "60",
    "types": [
      "Colorless"
    ],
    "evolvesFrom": "Meowth",
    "attacks": [
      {
        "name": "Tempt",
        "cost": [
          "Colorless"
        ],
        "convertedEnergyCost": 1,
        "damage": "",
        "text": "If your opponent has any Benched Pokémon, flip a coin. If heads, choose 1 of your opponent's Benched Pokémon and switch it with the Defending Pokémon."
      },
      {
        "name": "Poison Claws",
        "cost": [
          "Colorless",
          "Colorless"
        ],
        "convertedEnergyCost": 2,
        "damage": "10",
        "text": "Flip a coin. if heads, the Defending Pokémon is now Poisoned."
      }
    ],
    "weaknesses": [
      {
        "type": "Fighting",
        "value": "×2"
      }
    ],
    "resistances": [
      {
        "type": "Psychic",
        "value": "-30"
      }
    ],
    "number": "17",
    "artist": "Ken Sugimori",
    "rarity": "Promo",
    "flavorText": "Popular with women because of its beautiful fur. The leader of the Rockets keeps one as a pet.",
    "nationalPokedexNumbers": [
      53
    ],
    "legalities": {
      "unlimited": "Legal"
    },
    "images": {
      "small": "https://images.pokemontcg.io/basep/17.png",
      "large": "https://images.pokemontcg.io/basep/17_hires.png"
    }
  },
  {
    "id": "basep-18",
    "name": "Team Rocket's Meowth",
    "supertype": "Pokémon",
    "subtypes": [
      "Basic"
    ],
    "level": "30",
    "hp": "40",
    "types": [
      "Colorless"
    ],
    "evolvesTo": [
      "Persian"
    ],
    "attacks": [
      {
        "name": "Miraculous Comeback",
        "cost": [
          "Colorless"
        ],
        "convertedEnergyCost": 1,
        "damage": "",
        "text": "Flip a number of coins equal to the number of Pokémon in play. This attack does 10 damage times the number of heads. Then Team Rocket's Meowth does 10 damage times the number of tails to itself."
      }
    ],
    "weaknesses": [
      {
        "type": "Fighting",
        "value": "×2"
      }
    ],
    "resistances": [
      {
        "type": "Psychic",
        "value": "-30"
      }
    ],
    "retreatCost": [
      "Colorless"
    ],
    "convertedRetreatCost": 1,
    "number": "18",
    "artist": "Kunihiko Yuyama",
    "rarity": "Promo",
    "flavorText": "This Pokémon is more active at night. It likes bright, shiny things and cannot resist taking them and adding them to its collection.",
    "nationalPokedexNumbers": [
      52
    ],
    "legalities": {
      "unlimited": "Legal"
    },
    "images": {
      "small": "https://images.pokemontcg.io/basep/18.png",
      "large": "https://images.pokemontcg.io/basep/18_hires.png"
    }
  },
  {
    "id": "basep-19",
    "name": "Sabrina's Abra",
    "supertype": "Pokémon",
    "subtypes": [
      "Basic"
    ],
    "level": "15",
    "hp": "40",
    "types": [
      "Psychic"
    ],
    "evolvesTo": [
      "Kadabra"
    ],
    "attacks": [
      {
        "name": "Pound",
        "cost": [
          "Colorless"
        ],
        "convertedEnergyCost": 1,
        "damage": "10",
        "text": ""
      },
      {
        "name": "Synchronize",
        "cost": [
          "Psychic",
          "Colorless"
        ],
        "convertedEnergyCost": 2,
        "damage": "40",
        "text": "This attack can't be used unless Sabrina's Abra and the Defending Pokémon have the same number of Energy cards attached to them."
      }
    ],
    "weaknesses": [
      {
        "type": "Psychic",
        "value": "×2"
      }
    ],
    "number": "19",
    "artist": "Atsuko Nishida",
    "rarity": "Promo",
    "nationalPokedexNumbers": [
      63
    ],
    "legalities": {
      "unlimited": "Legal"
    },
    "images": {
      "small": "https://images.pokemontcg.io/basep/19.png",
      "large": "https://images.pokemontcg.io/basep/19_hires.png"
    }
  },
  {
    "id": "basep-20",
    "name": "Psyduck",
    "supertype": "Pokémon",
    "subtypes": [
      "Basic"
    ],
    "level": "15",
    "hp": "50",
    "types": [
      "Water"
    ],
    "evolvesTo": [
      "Golduck"
    ],
    "attacks": [
      {
        "name": "Headache",
        "cost": [
          "Psychic"
        ],
        "convertedEnergyCost": 1,
        "damage": "",
        "text": "Your opponent can't play Trainer cards during his or her next turn."
      },
      {
        "name": "Fury Swipes",
        "cost": [
          "Water"
        ],
        "convertedEnergyCost": 1,
        "damage": "10×",
        "text": "Flip 3 coins. This attack does 10 damage times the number of heads."
      }
    ],
    "weaknesses": [
      {
        "type": "Lightning",
        "value": "×2"
      }
    ],
    "retreatCost": [
      "Colorless"
    ],
    "convertedRetreatCost": 1,
    "number": "20",
    "artist": "Kagemaru Himeno",
    "rarity": "Promo",
    "flavorText": "While lulling its enemies with its vacant look, this wily Pokémon will use psychokinetic powers.",
    "nationalPokedexNumbers": [
      54
    ],
    "legalities": {
      "unlimited": "Legal"
    },
    "images": {
      "small": "https://images.pokemontcg.io/basep/20.png",
      "large": "https://images.pokemontcg.io/basep/20_hires.png"
    }
  },
  {
    "id": "basep-21",
    "name": "Moltres",
    "supertype": "Pokémon",
    "subtypes": [
      "Basic"
    ],
    "level": "33",
    "hp": "70",
    "types": [
      "Fire"
    ],
    "attacks": [
      {
        "name": "Hyper Flame",
        "cost": [
          "Fire",
          "Fire",
          "Fire"
        ],
        "convertedEnergyCost": 3,
        "damage": "60",
        "text": "Flip a coin. If heads, discard 1 Fire Energy card attached to Moltres. If tails, discard all Energy cards attached to Moltres. If you can't discard Energy cards, this attack does nothing."
      }
    ],
    "resistances": [
      {
        "type": "Fighting",
        "value": "-30"
      }
    ],
    "retreatCost": [
      "Colorless"
    ],
    "convertedRetreatCost": 1,
    "number": "21",
    "artist": "Toshinao Aoki",
    "rarity": "Promo",
    "flavorText": "The flames on this legendary Pokémon's wings burn so brightly that they can make night seem like day.",
    "nationalPokedexNumbers": [
      146
    ],
    "legalities": {
      "unlimited": "Legal"
    },
    "images": {
      "small": "https://images.pokemontcg.io/basep/21.png",
      "large": "https://images.pokemontcg.io/basep/21_hires.png"
    }
  },
  {
    "id": "basep-22",
    "name": "Articuno",
    "supertype": "Pokémon",
    "subtypes": [
      "Basic"
    ],
    "level": "34",
    "hp": "70",
    "types": [
      "Water"
    ],
    "attacks": [
      {
        "name": "Diamond Dust",
        "cost": [
          "Water",
          "Water",
          "Water"
        ],
        "convertedEnergyCost": 3,
        "damage": "20",
        "text": "Flip a coin. If heads, the Defending Pokémon is now Paralyzed and this attack does 10 damage to each of your opponent's Benched Pokémon. (Don't apply Weakness and Resistance for Benched Pokémon.)"
      }
    ],
    "resistances": [
      {
        "type": "Fighting",
        "value": "-30"
      }
    ],
    "retreatCost": [
      "Colorless"
    ],
    "convertedRetreatCost": 1,
    "number": "22",
    "artist": "Toshinao Aoki",
    "rarity": "Promo",
    "flavorText": "This legendary Pokémon is said to freeze the water in the air during winter, causing snow.",
    "nationalPokedexNumbers": [
      144
    ],
    "legalities": {
      "unlimited": "Legal"
    },
    "images": {
      "small": "https://images.pokemontcg.io/basep/22.png",
      "large": "https://images.pokemontcg.io/basep/22_hires.png"
    }
  },
  {
    "id": "basep-23",
    "name": "Zapdos",
    "supertype": "Pokémon",
    "subtypes": [
      "Basic"
    ],
    "level": "30",
    "hp": "70",
    "types": [
      "Lightning"
    ],
    "attacks": [
      {
        "name": "Lightning Burn",
        "cost": [
          "Lightning",
          "Lightning",
          "Lightning"
        ],
        "convertedEnergyCost": 3,
        "damage": "30",
        "text": "Flip a coin. If heads, and if your opponent has any Benched Pokémon, choose 1 of them. This attack does 30 damage to that Pokémon. (Don't apply Weakness and Resistance for Benched Pokémon.) If tails, Zapdos does 30 damage to itself."
      }
    ],
    "resistances": [
      {
        "type": "Fighting",
        "value": "-30"
      }
    ],
    "retreatCost": [
      "Colorless"
    ],
    "convertedRetreatCost": 1,
    "number": "23",
    "artist": "Toshinao Aoki",
    "rarity": "Promo",
    "flavorText": "This legendary Pokémon is said to be present wherever there is a lightning storm.",
    "nationalPokedexNumbers": [
      145
    ],
    "legalities": {
      "unlimited": "Legal"
    },
    "images": {
      "small": "https://images.pokemontcg.io/basep/23.png",
      "large": "https://images.pokemontcg.io/basep/23_hires.png"
    }
  },
  {
    "id": "basep-24",
    "name": "_____'s Pikachu",
    "supertype": "Pokémon",
    "subtypes": [
      "Basic"
    ],
    "level": "17",
    "hp": "50",
    "types": [
      "Lightning"
    ],
    "evolvesTo": [
      "Raichu"
    ],
    "attacks": [
      {
        "name": "Birthday Surprise",
        "cost": [
          "Lightning",
          "Lightning"
        ],
        "convertedEnergyCost": 2,
        "damage": "30+",
        "text": "If it's not your birthday, this attack does 30 damage. If it is your birthday, flip a coin. If heads, this attack does 30 damage plus 50 more damage; if tails, this attack does 30 damage."
      }
    ],
    "weaknesses": [
      {
        "type": "Fighting",
        "value": "×2"
      }
    ],
    "retreatCost": [
      "Colorless"
    ],
    "convertedRetreatCost": 1,
    "number": "24",
    "artist": "Kagemaru Himeno",
    "rarity": "Promo",
    "flavorText": "Your Birthdate: ______________________________",
    "nationalPokedexNumbers": [
      25
    ],
    "legalities": {
      "unlimited": "Legal"
    },
    "images": {
      "small": "https://images.pokemontcg.io/basep/24.png",
      "large": "https://images.pokemontcg.io/basep/24_hires.png"
    }
  },
  {
    "id": "basep-25",
    "name": "Flying Pikachu",
    "supertype": "Pokémon",
    "subtypes": [
      "Basic"
    ],
    "level": "12",
    "hp": "40",
    "types": [
      "Lightning"
    ],
    "evolvesTo": [
      "Raichu"
    ],
    "attacks": [
      {
        "name": "Thundershock",
        "cost": [
          "Lightning"
        ],
        "convertedEnergyCost": 1,
        "damage": "10",
        "text": "Flip a coin. If heads, the Defending Pokémon is now Paralyzed."
      },
      {
        "name": "Fly",
        "cost": [
          "Colorless",
          "Colorless",
          "Colorless"
        ],
        "convertedEnergyCost": 3,
        "damage": "30",
        "text": "Flip a coin. If heads, during your opponent's next turn, prevent all effects of attacks, including damage, done to Flying Pikachu; if tails, this attack does nothing (not even damage)."
      }
    ],
    "resistances": [
      {
        "type": "Fighting",
        "value": "-30"
      }
    ],
    "retreatCost": [
      "Colorless"
    ],
    "convertedRetreatCost": 1,
    "number": "25",
    "artist": "Toshinao Aoki",
    "rarity": "Promo",
    "flavorText": "By learning how to fly, Pikachu overcame its weakness to Fighting Pokémon.",
    "nationalPokedexNumbers": [
      25
    ],
    "legalities": {
      "unlimited": "Legal"
    },
    "images": {
      "small": "https://images.pokemontcg.io/basep/25.png",
      "large": "https://images.pokemontcg.io/basep/25_hires.png"
    }
  },
  {
    "id": "basep-26",
    "name": "Pikachu",
    "supertype": "Pokémon",
    "subtypes": [
      "Basic"
    ],
    "level": "9",
    "hp": "40",
    "types": [
      "Lightning"
    ],
    "evolvesTo": [
      "Raichu"
    ],
    "attacks": [
      {
        "name": "Scratch",
        "cost": [
          "Colorless"
        ],
        "convertedEnergyCost": 1,
        "damage": "10",
        "text": ""
      },
      {
        "name": "Thunderbolt",
        "cost": [
          "Lightning",
          "Lightning"
        ],
        "convertedEnergyCost": 2,
        "damage": "40",
        "text": "Discard all Energy cards attached to Pikachu."
      }
    ],
    "weaknesses": [
      {
        "type": "Fighting",
        "value": "×2"
      }
    ],
    "retreatCost": [
      "Colorless"
    ],
    "convertedRetreatCost": 1,
    "number": "26",
    "artist": "Gakuji Nomoto",
    "rarity": "Promo",
    "flavorText": "It uses its sensitive tail to sense its environment and has been known to react violently if its tail is grabbed.",
    "nationalPokedexNumbers": [
      25
    ],
    "legalities": {
      "unlimited": "Legal"
    },
    "images": {
      "small": "https://images.pokemontcg.io/basep/26.png",
      "large": "https://images.pokemontcg.io/basep/26_hires.png"
    }
  },
  {
    "id": "basep-27",
    "name": "Pikachu",
    "supertype": "Pokémon",
    "subtypes": [
      "Basic"
    ],
    "level": "5",
    "hp": "30",
    "types": [
      "Lightning"
    ],
    "evolvesTo": [
      "Raichu"
    ],
    "attacks": [
      {
        "name": "Thundershock",
        "cost": [
          "Lightning"
        ],
        "convertedEnergyCost": 1,
        "damage": "10",
        "text": "Flip a coin. If heads, the Defending Pokémon is now Paralyzed."
      },
      {
        "name": "Agility",
        "cost": [
          "Lightning",
          "Lightning"
        ],
        "convertedEnergyCost": 2,
        "damage": "20",
        "text": "Flip a coin. If heads, during your opponent's next turn, prevent all effects of attacks, including damage, done to Pikachu."
      }
    ],
    "weaknesses": [
      {
        "type": "Fighting",
        "value": "×2"
      }
    ],
    "number": "27",
    "artist": "Atsuko Nishida",
    "rarity": "Promo",
    "flavorText": "When several of these Pokémon gather, their electricity can cause lightning storms.",
    "nationalPokedexNumbers": [
      25
    ],
    "legalities": {
      "unlimited": "Legal"
    },
    "images": {
      "small": "https://images.pokemontcg.io/basep/27.png",
      "large": "https://images.pokemontcg.io/basep/27_hires.png"
    }
  },
  {
    "id": "basep-28",
    "name": "Surfing Pikachu",
    "supertype": "Pokémon",
    "subtypes": [
      "Basic"
    ],
    "level": "32",
    "hp": "50",
    "types": [
      "Lightning"
    ],
    "evolvesTo": [
      "Raichu"
    ],
    "attacks": [
      {
        "name": "Surf",
        "cost": [
          "Water",
          "Water"
        ],
        "convertedEnergyCost": 2,
        "damage": "30",
        "text": ""
      }
    ],
    "weaknesses": [
      {
        "type": "Fighting",
        "value": "×2"
      }
    ],
    "retreatCost": [
      "Colorless"
    ],
    "convertedRetreatCost": 1,
    "number": "28",
    "artist": "Toshinao Aoki",
    "rarity": "Promo",
    "flavorText": "One summer, a group of Pikachus was found riding the waves at the local beach.",
    "nationalPokedexNumbers": [
      25
    ],
    "legalities": {
      "unlimited": "Legal",
      "expanded": "Legal"
    },
    "images": {
      "small": "https://images.pokemontcg.io/basep/28.png",
      "large": "https://images.pokemontcg.io/basep/28_hires.png"
    }
  },
  {
    "id": "basep-29",
    "name": "Marill",
    "supertype": "Pokémon",
    "subtypes": [
      "Basic"
    ],
    "level": "64",
    "hp": "50",
    "types": [
      "Water"
    ],
    "evolvesTo": [
      "Azumarill"
    ],
    "attacks": [
      {
        "name": "Water Gun",
        "cost": [
          "Water",
          "Water"
        ],
        "convertedEnergyCost": 2,
        "damage": "20+",
        "text": "Does 20 damage plus 10 more damage for each Energy attached to Marill but not used to pay for this attack's Energy cost. You can't add more than 20 damage in this way."
      }
    ],
    "weaknesses": [
      {
        "type": "Lightning",
        "value": "×2"
      }
    ],
    "retreatCost": [
      "Colorless"
    ],
    "convertedRetreatCost": 1,
    "number": "29",
    "artist": "Ken Sugimori",
    "rarity": "Promo",
    "flavorText": "The tip of its tail, which contains oil that is lighter than water, lets it swim without drowning.",
    "nationalPokedexNumbers": [
      183
    ],
    "legalities": {
      "unlimited": "Legal"
    },
    "images": {
      "small": "https://images.pokemontcg.io/basep/29.png",
      "large": "https://images.pokemontcg.io/basep/29_hires.png"
    }
  },
  {
    "id": "basep-30",
    "name": "Togepi",
    "supertype": "Pokémon",
    "subtypes": [
      "Basic"
    ],
    "level": "8",
    "hp": "30",
    "types": [
      "Colorless"
    ],
    "evolvesTo": [
      "Togetic"
    ],
    "attacks": [
      {
        "name": "Snivel",
        "cost": [
          "Colorless"
        ],
        "convertedEnergyCost": 1,
        "damage": "",
        "text": "If the Defending Pokémon attacks Togepi during your opponent's next turn, any damage done to Togepi is reduced by 20 (before applying Weakness and Resistance). (Benching either Pokémon ends this effect.)"
      },
      {
        "name": "Mini-Metronome",
        "cost": [
          "Colorless",
          "Colorless"
        ],
        "convertedEnergyCost": 2,
        "damage": "",
        "text": "Flip a coin. If heads, choose 1 of the Defending Pokémon's attacks. Mini-Metronome copies that attack except for its Energy cost. (You must still do anything else in order to use that attack.) (No matter what type the Defending Pokémon is, Togepi's type is still Colorless.) Togepi performs that attack."
      }
    ],
    "resistances": [
      {
        "type": "Psychic",
        "value": "-30"
      }
    ],
    "retreatCost": [
      "Colorless"
    ],
    "convertedRetreatCost": 1,
    "number": "30",
    "artist": "Ken Sugimori",
    "rarity": "Promo",
    "flavorText": "Still only a hatchling, it uses poison to chase off its enemies when threatened.",
    "nationalPokedexNumbers": [
      175
    ],
    "legalities": {
      "unlimited": "Legal"
    },
    "images": {
      "small": "https://images.pokemontcg.io/basep/30.png",
      "large": "https://images.pokemontcg.io/basep/30_hires.png"
    }
  },
  {
    "id": "basep-31",
    "name": "Cleffa",
    "supertype": "Pokémon",
    "subtypes": [
      "Baby"
    ],
    "level": "5",
    "hp": "30",
    "types": [
      "Colorless"
    ],
    "evolvesTo": [
      "Clefairy"
    ],
    "rules": [
      "If this Baby Pokémon is your Active Pokémon and your opponent announces an attack, your opponent flips a coin (before doing anything else). If tails, your opponent's turn ends."
    ],
    "attacks": [
      {
        "name": "Eek",
        "cost": [
          "Colorless"
        ],
        "convertedEnergyCost": 1,
        "damage": "",
        "text": "Draw 2 cards."
      }
    ],
    "number": "31",
    "artist": "Ken Sugimori",
    "rarity": "Promo",
    "flavorText": "Because of its unusual, star-like silhouette, people believe that it came here on a meteor.",
    "nationalPokedexNumbers": [
      173
    ],
    "legalities": {
      "unlimited": "Legal"
    },
    "images": {
      "small": "https://images.pokemontcg.io/basep/31.png",
      "large": "https://images.pokemontcg.io/basep/31_hires.png"
    }
  },
  {
    "id": "basep-32",
    "name": "Smeargle",
    "supertype": "Pokémon",
    "subtypes": [
      "Basic"
    ],
    "level": "21",
    "hp": "40",
    "types": [
      "Colorless"
    ],
    "attacks": [
      {
        "name": "Paint",
        "cost": [
          "Colorless"
        ],
        "convertedEnergyCost": 1,
        "damage": "",
        "text": "Flip a coin. If heads, choose a type (other than Colorless) and put a Coloring counter on the Defending Pokémon. That Pokémon is now the type you chose. If it already had a Coloring counter, remove the old one. If tails, this attack does nothing."
      }
    ],
    "weaknesses": [
      {
        "type": "Fighting",
        "value": "×2"
      }
    ],
    "resistances": [
      {
        "type": "Psychic",
        "value": "-30"
      }
    ],
    "retreatCost": [
      "Colorless"
    ],
    "convertedRetreatCost": 1,
    "number": "32",
    "artist": "Tomokazu Komiya",
    "rarity": "Promo",
    "flavorText": "Once it becomes an adult, it has a tendency to let its comrades plant footprints on its back.",
    "nationalPokedexNumbers": [
      235
    ],
    "legalities": {
      "unlimited": "Legal"
    },
    "images": {
      "small": "https://images.pokemontcg.io/basep/32.png",
      "large": "https://images.pokemontcg.io/basep/32_hires.png"
    }
  },
  {
    "id": "basep-33",
    "name": "Scizor",
    "supertype": "Pokémon",
    "subtypes": [
      "Stage 1"
    ],
    "level": "36",
    "hp": "70",
    "types": [
      "Metal"
    ],
    "evolvesFrom": "Scyther",
    "attacks": [
      {
        "name": "Leer",
        "cost": [
          "Colorless"
        ],
        "convertedEnergyCost": 1,
        "damage": "",
        "text": "Flip a coin. If heads, the Defending Pokémon can't attack Scizor during your opponent's next turn. (Benching either Pokémon ends this effect.)"
      },
      {
        "name": "Metal Pincer",
        "cost": [
          "Metal",
          "Colorless",
          "Colorless"
        ],
        "convertedEnergyCost": 3,
        "damage": "30+",
        "text": "Flip a coin until you get tails. This attack does 30 damage plus 10 more damage for each heads."
      }
    ],
    "weaknesses": [
      {
        "type": "Fire",
        "value": "×2"
      }
    ],
    "resistances": [
      {
        "type": "Grass",
        "value": "-30"
      }
    ],
    "retreatCost": [
      "Colorless",
      "Colorless"
    ],
    "convertedRetreatCost": 2,
    "number": "33",
    "artist": "Hironobu Yoshida",
    "rarity": "Promo",
    "flavorText": "Its wings are not used for flying. They are flapped at high speed to adjust its body temperature.",
    "nationalPokedexNumbers": [
      212
    ],
    "legalities": {
      "unlimited": "Legal"
    },
    "images": {
      "small": "https://images.pokemontcg.io/basep/33.png",
      "large": "https://images.pokemontcg.io/basep/33_hires.png"
    }
  },
  {
    "id": "basep-34",
    "name": "Entei",
    "supertype": "Pokémon",
    "subtypes": [
      "Basic"
    ],
    "level": "37",
    "hp": "80",
    "types": [
      "Fire"
    ],
    "abilities": [
      {
        "name": "Bolt",
        "text": "Whenever your opponent's attack damages Entei, unless that attack Knocks Out Entei, flip a coin. If heads, shuffle Entei and all cards attached to it into your deck. This power can't be used if Entei is already Asleep, Confused, or Paralyzed when it is damaged.",
        "type": "Pokémon Power"
      }
    ],
    "attacks": [
      {
        "name": "Protective Flame",
        "cost": [
          "Fire",
          "Fire",
          "Fire"
        ],
        "convertedEnergyCost": 3,
        "damage": "50",
        "text": "During your opponent's next turn, prevent all effects of attacks, including damage, done to your Benched Pokémon."
      }
    ],
    "weaknesses": [
      {
        "type": "Water",
        "value": "×2"
      }
    ],
    "retreatCost": [
      "Colorless"
    ],
    "convertedRetreatCost": 1,
    "number": "34",
    "artist": "Ken Sugimori",
    "rarity": "Promo",
    "flavorText": "Volcanoes erupt when it barks. Unable to restrain its extreme power, it races headlong around the land.",
    "nationalPokedexNumbers": [
      244
    ],
    "legalities": {
      "unlimited": "Legal"
    },
    "images": {
      "small": "https://images.pokemontcg.io/basep/34.png",
      "large": "https://images.pokemontcg.io/basep/34_hires.png"
    }
  },
  {
    "id": "basep-35",
    "name": "Pichu",
    "supertype": "Pokémon",
    "subtypes": [
      "Baby"
    ],
    "level": "4",
    "hp": "30",
    "types": [
      "Lightning"
    ],
    "evolvesTo": [
      "Pikachu"
    ],
    "rules": [
      "If this Baby Pokémon is your Active Pokémon and your opponent announces an attack, your opponent flips a coin (before doing anything else). If tails, your opponent's turn ends."
    ],
    "attacks": [
      {
        "name": "Let's Play!",
        "cost": [
          "Colorless"
        ],
        "convertedEnergyCost": 1,
        "damage": "",
        "text": "Search your deck for a Baby Pokémon card and put it onto your Bench. Shuffle your deck afterward. (You can't use this attack if your Bench is full.)"
      }
    ],
    "number": "35",
    "artist": "Ken Sugimori",
    "rarity": "Promo",
    "flavorText": "It is not yet skilled at storing electricity. It may send out a jolt if amused or startled.",
    "nationalPokedexNumbers": [
      172
    ],
    "legalities": {
      "unlimited": "Legal"
    },
    "images": {
      "small": "https://images.pokemontcg.io/basep/35.png",
      "large": "https://images.pokemontcg.io/basep/35_hires.png"
    }
  },
  {
    "id": "basep-36",
    "name": "Igglybuff",
    "supertype": "Pokémon",
    "subtypes": [
      "Baby"
    ],
    "level": "5",
    "hp": "30",
    "types": [
      "Colorless"
    ],
    "evolvesTo": [
      "Jigglypuff"
    ],
    "rules": [
      "If this Baby Pokémon is your Active Pokémon and your opponent announces an attack, your opponent flips a coin (before doing anything else). If tails, your opponent's turn ends."
    ],
    "attacks": [
      {
        "name": "Good Night Song",
        "cost": [
          "Colorless"
        ],
        "convertedEnergyCost": 1,
        "damage": "",
        "text": "The Defending Pokémon is now Asleep."
      }
    ],
    "number": "36",
    "artist": "Kagemaru Himeno",
    "rarity": "Promo",
    "flavorText": "Its extremely flexible and elastic body makes it bounce continuously—anytime, anywhere.",
    "nationalPokedexNumbers": [
      174
    ],
    "legalities": {
      "unlimited": "Legal"
    },
    "images": {
      "small": "https://images.pokemontcg.io/basep/36.png",
      "large": "https://images.pokemontcg.io/basep/36_hires.png"
    }
  },
  {
    "id": "basep-37",
    "name": "Hitmontop",
    "supertype": "Pokémon",
    "subtypes": [
      "Basic"
    ],
    "level": "29",
    "hp": "60",
    "types": [
      "Fighting"
    ],
    "attacks": [
      {
        "name": "Repeating Kick",
        "cost": [
          "Fighting",
          "Fighting"
        ],
        "convertedEnergyCost": 2,
        "damage": "20×",
        "text": "Flip a coin until you get tails. This attack does 20 damage times the number of heads."
      },
      {
        "name": "Rapid Spin",
        "cost": [
          "Fighting",
          "Fighting",
          "Colorless"
        ],
        "convertedEnergyCost": 3,
        "damage": "30",
        "text": "If your opponent has any Benched Pokémon, he or she chooses 1 of them and switches it with his or her Active Pokémon, then, if you have any Benched Pokémon, you switch 1 of them with your Active Pokémon. (Do the damage before switching the Pokémon.)"
      }
    ],
    "weaknesses": [
      {
        "type": "Psychic",
        "value": "×2"
      }
    ],
    "retreatCost": [
      "Colorless"
    ],
    "convertedRetreatCost": 1,
    "number": "37",
    "artist": "Atsuko Nishida",
    "rarity": "Promo",
    "flavorText": "It launches kicks while spinning. If it spins at high speed, it may bore its way into the ground.",
    "nationalPokedexNumbers": [
      237
    ],
    "legalities": {
      "unlimited": "Legal"
    },
    "images": {
      "small": "https://images.pokemontcg.io/basep/37.png",
      "large": "https://images.pokemontcg.io/basep/37_hires.png"
    }
  },
  {
    "id": "basep-38",
    "name": "Unown [J]",
    "supertype": "Pokémon",
    "subtypes": [
      "Basic"
    ],
    "level": "17",
    "hp": "40",
    "types": [
      "Psychic"
    ],
    "rules": [
      "You may have up to 4 Basic Pokémon cards in your deck with Unown in their names."
    ],
    "abilities": [
      {
        "name": "[Join]",
        "text": "Once during your turn (before your attack), if you have Unown [J], Unown [O], Unown [I], and Unown Dragon on your Bench, you may search your deck for a Basic Pokémon or Evolution card. Show that card to your opponent, then put it into your hand. Shuffle your deck afterward.",
        "type": "Pokémon Power"
      }
    ],
    "attacks": [
      {
        "name": "Hidden Power",
        "cost": [
          "Psychic"
        ],
        "convertedEnergyCost": 1,
        "damage": "10",
        "text": ""
      }
    ],
    "weaknesses": [
      {
        "type": "Psychic",
        "value": "×2"
      }
    ],
    "retreatCost": [
      "Colorless"
    ],
    "convertedRetreatCost": 1,
    "number": "38",
    "artist": "Hideki Kazama",
    "rarity": "Promo",
    "flavorText": "Their shapes look like hieroglyphs on ancient tablets. It is said that the two are somehow related.",
    "nationalPokedexNumbers": [
      201
    ],
    "legalities": {
      "unlimited": "Legal"
    },
    "images": {
      "small": "https://images.pokemontcg.io/basep/38.png",
      "large": "https://images.pokemontcg.io/basep/38_hires.png"
    }
  },
  {
    "id": "basep-39",
    "name": "Misdreavus",
    "supertype": "Pokémon",
    "subtypes": [
      "Basic"
    ],
    "level": "23",
    "hp": "50",
    "types": [
      "Psychic"
    ],
    "evolvesTo": [
      "Mismagius"
    ],
    "attacks": [
      {
        "name": "Pain Split",
        "cost": [
          "Psychic"
        ],
        "convertedEnergyCost": 1,
        "damage": "",
        "text": "Put 1 damage counter on the Defending Pokémon for each damage counter on Misdreavus."
      },
      {
        "name": "Confuse Ray",
        "cost": [
          "Psychic",
          "Psychic"
        ],
        "convertedEnergyCost": 2,
        "damage": "10",
        "text": "Flip a coin. If heads, the Defending Pokémon is now Confused."
      }
    ],
    "resistances": [
      {
        "type": "Fighting",
        "value": "-30"
      }
    ],
    "retreatCost": [
      "Colorless"
    ],
    "convertedRetreatCost": 1,
    "number": "39",
    "artist": "Shin-ichi Yoshida",
    "rarity": "Promo",
    "flavorText": "It loves to bite and yank people's hair from behind without warning, just to see their shocked reactions.",
    "nationalPokedexNumbers": [
      200
    ],
    "legalities": {
      "unlimited": "Legal"
    },
    "images": {
      "small": "https://images.pokemontcg.io/basep/39.png",
      "large": "https://images.pokemontcg.io/basep/39_hires.png"
    }
  },
  {
    "id": "basep-40",
    "name": "Pokémon Center",
    "supertype": "Trainer",
    "rules": [
      "Remove all damage counters from all of your own Pokémon with damage counters on them, then discard all Energy cards attached to those Pokémon."
    ],
    "number": "40",
    "artist": "\"Big Mama\" Tagawa",
    "rarity": "Promo",
    "legalities": {
      "unlimited": "Legal"
    },
    "images": {
      "small": "https://images.pokemontcg.io/basep/40.png",
      "large": "https://images.pokemontcg.io/basep/40_hires.png"
    }
  },
  {
    "id": "basep-41",
    "name": "Lucky Stadium",
    "supertype": "Trainer",
    "subtypes": [
      "Stadium"
    ],
    "rules": [
      "This card stays in play when you play it. Discard this card if another Stadium card comes into play.",
      "Once during each player's turn (before attacking), that player may flip a coin. If heads, that player draws a card."
    ],
    "number": "41",
    "artist": "\"Big Mama\" Tagawa",
    "rarity": "Promo",
    "legalities": {
      "unlimited": "Legal"
    },
    "images": {
      "small": "https://images.pokemontcg.io/basep/41.png",
      "large": "https://images.pokemontcg.io/basep/41_hires.png"
    }
  },
  {
    "id": "basep-42",
    "name": "Pokémon Tower",
    "supertype": "Trainer",
    "subtypes": [
      "Stadium"
    ],
    "rules": [
      "This card stays in play when you play it. Discard this card if another Stadium card comes into play.",
      "If the effect of a Pokémon Power, attack, Energy card, or Trainer card would put a card in a discard pile into its owner's hand, that card stays in that discard pile instead."
    ],
    "number": "42",
    "artist": "Keiji Kinebuchi",
    "rarity": "Promo",
    "legalities": {
      "unlimited": "Legal"
    },
    "images": {
      "small": "https://images.pokemontcg.io/basep/42.png",
      "large": "https://images.pokemontcg.io/basep/42_hires.png"
    }
  },
  {
    "id": "basep-43",
    "name": "Machamp",
    "supertype": "Pokémon",
    "subtypes": [
      "Stage 2"
    ],
    "level": "54",
    "hp": "90",
    "types": [
      "Fighting"
    ],
    "evolvesFrom": "Machoke",
    "attacks": [
      {
        "name": "Seething Anger",
        "cost": [
          "Fighting",
          "Fighting"
        ],
        "convertedEnergyCost": 2,
        "damage": "20+",
        "text": "Flip a number of coins equal to the number of damage counters on Machamp. This attack does 20 damage plus 10 more damage for each heads."
      },
      {
        "name": "Fling",
        "cost": [
          "Fighting",
          "Fighting",
          "Colorless",
          "Colorless"
        ],
        "convertedEnergyCost": 4,
        "damage": "50",
        "text": "If your opponent has any Benched Pokémon, he or she chooses 1 of them and switches it with the Defending Pokémon. (Do the damage before switching the Pokémon.)"
      }
    ],
    "weaknesses": [
      {
        "type": "Psychic",
        "value": "×2"
      }
    ],
    "retreatCost": [
      "Colorless",
      "Colorless",
      "Colorless"
    ],
    "convertedRetreatCost": 3,
    "number": "43",
    "artist": "Tomokazu Komiya",
    "rarity": "Promo",
    "flavorText": "Using its amazing muscles, it throws powerful punches that can knock its victim clear over the horizon.",
    "nationalPokedexNumbers": [
      68
    ],
    "legalities": {
      "unlimited": "Legal"
    },
    "images": {
      "small": "https://images.pokemontcg.io/basep/43.png",
      "large": "https://images.pokemontcg.io/basep/43_hires.png"
    }
  },
  {
    "id": "basep-44",
    "name": "Magmar",
    "supertype": "Pokémon",
    "subtypes": [
      "Basic"
    ],
    "level": "27",
    "hp": "60",
    "types": [
      "Fire"
    ],
    "evolvesTo": [
      "Magmortar"
    ],
    "attacks": [
      {
        "name": "Burning Fire",
        "cost": [
          "Fire"
        ],
        "convertedEnergyCost": 1,
        "damage": "10+",
        "text": "When you use this attack, you may discard any number of Fire Energy cards attached to your Pokémon in play. This attack does 10 damage plus 10 more damage for each Fire Energy card you discarded in this way."
      },
      {
        "name": "Magma Punch",
        "cost": [
          "Fire",
          "Fire",
          "Colorless"
        ],
        "convertedEnergyCost": 3,
        "damage": "40",
        "text": ""
      }
    ],
    "weaknesses": [
      {
        "type": "Water",
        "value": "×2"
      }
    ],
    "retreatCost": [
      "Colorless",
      "Colorless"
    ],
    "convertedRetreatCost": 2,
    "number": "44",
    "artist": "Atsuko Nishida",
    "rarity": "Promo",
    "flavorText": "Its body always burns with an orange glow that enables it to hide perfectly among flames.",
    "nationalPokedexNumbers": [
      126
    ],
    "legalities": {
      "unlimited": "Legal"
    },
    "images": {
      "small": "https://images.pokemontcg.io/basep/44.png",
      "large": "https://images.pokemontcg.io/basep/44_hires.png"
    }
  },
  {
    "id": "basep-45",
    "name": "Scyther",
    "supertype": "Pokémon",
    "subtypes": [
      "Basic"
    ],
    "level": "23",
    "hp": "60",
    "types": [
      "Grass"
    ],
    "evolvesTo": [
      "Scizor"
    ],
    "attacks": [
      {
        "name": "Slashing Strike",
        "cost": [
          "Grass",
          "Grass"
        ],
        "convertedEnergyCost": 2,
        "damage": "40",
        "text": "Scyther can't use this attack during your next turn. (Benching or evolving Scyther ends this effect.)"
      }
    ],
    "weaknesses": [
      {
        "type": "Fire",
        "value": "×2"
      }
    ],
    "resistances": [
      {
        "type": "Fighting",
        "value": "-30"
      }
    ],
    "retreatCost": [
      "Colorless"
    ],
    "convertedRetreatCost": 1,
    "number": "45",
    "artist": "Hironobu Yoshida",
    "rarity": "Promo",
    "flavorText": "With ninja-like agility and speed, it can create the illusion that there is more than one.",
    "nationalPokedexNumbers": [
      123
    ],
    "legalities": {
      "unlimited": "Legal"
    },
    "images": {
      "small": "https://images.pokemontcg.io/basep/45.png",
      "large": "https://images.pokemontcg.io/basep/45_hires.png"
    }
  },
  {
    "id": "basep-46",
    "name": "Electabuzz",
    "supertype": "Pokémon",
    "subtypes": [
      "Basic"
    ],
    "level": "22",
    "hp": "60",
    "types": [
      "Lightning"
    ],
    "evolvesTo": [
      "Electivire"
    ],
    "attacks": [
      {
        "name": "Lightning Rod",
        "cost": [
          "Lightning"
        ],
        "convertedEnergyCost": 1,
        "damage": "",
        "text": "Choose 1 of your opponent's Pokémon and put a Lightning Rod marker on it. (A Pokémon can have only 1 Lightning Rod marker on it at a time.)"
      },
      {
        "name": "Lightning Bolt",
        "cost": [
          "Lightning",
          "Lightning"
        ],
        "convertedEnergyCost": 2,
        "damage": "10",
        "text": "This attack does 20 damage to any Pokémon with a Lightning Rod marker on it. Apply Weakness and Resistance."
      }
    ],
    "weaknesses": [
      {
        "type": "Fighting",
        "value": "×2"
      }
    ],
    "retreatCost": [
      "Colorless"
    ],
    "convertedRetreatCost": 1,
    "number": "46",
    "artist": "Miki Tanaka",
    "rarity": "Promo",
    "flavorText": "Normally found near power plants, it can wander away and cause major blackouts in cities.",
    "nationalPokedexNumbers": [
      125
    ],
    "legalities": {
      "unlimited": "Legal"
    },
    "images": {
      "small": "https://images.pokemontcg.io/basep/46.png",
      "large": "https://images.pokemontcg.io/basep/46_hires.png"
    }
  },
  {
    "id": "basep-47",
    "name": "Mew",
    "supertype": "Pokémon",
    "subtypes": [
      "Basic"
    ],
    "level": "8",
    "hp": "40",
    "types": [
      "Psychic"
    ],
    "abilities": [
      {
        "name": "Neutral Shield",
        "text": "Prevent all effects of attacks, including damage, done to Mew by Evolved Pokémon. You can't use this power if Mew is Asleep, Confused, or Paralyzed.",
        "type": "Pokémon Power"
      }
    ],
    "attacks": [
      {
        "name": "Psyshock",
        "cost": [
          "Psychic"
        ],
        "convertedEnergyCost": 1,
        "damage": "10",
        "text": "Flip a coin. If heads, the Defending Pokémon is now Confused."
      }
    ],
    "weaknesses": [
      {
        "type": "Psychic",
        "value": "×2"
      }
    ],
    "retreatCost": [
      "Colorless"
    ],
    "convertedRetreatCost": 1,
    "number": "47",
    "artist": "Ken Sugimori",
    "rarity": "Promo",
    "flavorText": "So rare that it is still said to be a mirage by many experts. Only a few people have seen it worldwide.",
    "nationalPokedexNumbers": [
      151
    ],
    "legalities": {
      "unlimited": "Legal"
    },
    "images": {
      "small": "https://images.pokemontcg.io/basep/47.png",
      "large": "https://images.pokemontcg.io/basep/47_hires.png"
    }
  },
  {
    "id": "basep-48",
    "name": "Articuno",
    "supertype": "Pokémon",
    "subtypes": [
      "Basic"
    ],
    "level": "34",
    "hp": "80",
    "types": [
      "Water"
    ],
    "abilities": [
      {
        "name": "Aurora Veil",
        "text": "As long as Articuno is your Active Pokémon, your Benched Pokémon do not take damage from and are not affected by attacks. This power cannot be used if Articuno is affected by a Special Condition.",
        "type": "Pokémon Power"
      }
    ],
    "attacks": [
      {
        "name": "Ice Beam",
        "cost": [
          "Water",
          "Water",
          "Colorless",
          "Colorless"
        ],
        "convertedEnergyCost": 4,
        "damage": "30",
        "text": "Flip a coin. If heads, the Defending Pokémon is now Paralyzed."
      }
    ],
    "resistances": [
      {
        "type": "Fighting",
        "value": "-30"
      }
    ],
    "retreatCost": [
      "Colorless",
      "Colorless"
    ],
    "convertedRetreatCost": 2,
    "number": "48",
    "artist": "Atsuko Nishida",
    "rarity": "Promo",
    "flavorText": "A legendary bird Pokémon that is said to appear to doomed people who are lost in icy mountains.",
    "nationalPokedexNumbers": [
      144
    ],
    "legalities": {
      "unlimited": "Legal"
    },
    "images": {
      "small": "https://images.pokemontcg.io/basep/48.png",
      "large": "https://images.pokemontcg.io/basep/48_hires.png"
    }
  },
  {
    "id": "basep-49",
    "name": "Snorlax",
    "supertype": "Pokémon",
    "subtypes": [
      "Basic"
    ],
    "level": "35",
    "hp": "90",
    "types": [
      "Colorless"
    ],
    "abilities": [
      {
        "name": "Guard",
        "text": "As long as Snorlax is your Active Pokémon, the Defending Pokémon can't Retreat. This power stops working when Snorlax is affected by a Special Condition.",
        "type": "Pokémon Power"
      }
    ],
    "attacks": [
      {
        "name": "Roll Over",
        "cost": [
          "Colorless",
          "Colorless",
          "Colorless",
          "Colorless"
        ],
        "convertedEnergyCost": 4,
        "damage": "30",
        "text": "Snorlax is now Asleep. Flip a coin. If heads, the Defending Pokémon is now Asleep."
      }
    ],
    "weaknesses": [
      {
        "type": "Fighting",
        "value": "×2"
      }
    ],
    "resistances": [
      {
        "type": "Psychic",
        "value": "-30"
      }
    ],
    "retreatCost": [
      "Colorless",
      "Colorless",
      "Colorless",
      "Colorless"
    ],
    "convertedRetreatCost": 4,
    "number": "49",
    "artist": "Craig Turvey",
    "rarity": "Promo",
    "flavorText": "Very lazy. Just eats and sleeps. As its rotund bulk builds, it becomes steadily more slothful.",
    "nationalPokedexNumbers": [
      143
    ],
    "legalities": {
      "unlimited": "Legal"
    },
    "images": {
      "small": "https://images.pokemontcg.io/basep/49.png",
      "large": "https://images.pokemontcg.io/basep/49_hires.png"
    }
  },
  {
    "id": "basep-50",
    "name": "Celebi",
    "supertype": "Pokémon",
    "subtypes": [
      "Basic"
    ],
    "hp": "50",
    "types": [
      "Grass"
    ],
    "attacks": [
      {
        "name": "Leaf Slice",
        "cost": [
          "Grass",
          "Colorless"
        ],
        "convertedEnergyCost": 2,
        "damage": "20×",
        "text": "Flip 2 coins. This attack does 20 damage times the number of heads."
      }
    ],
    "weaknesses": [
      {
        "type": "Fire",
        "value": "×2"
      }
    ],
    "retreatCost": [
      "Colorless"
    ],
    "convertedRetreatCost": 1,
    "number": "50",
    "artist": "Hajime Kusajima",
    "rarity": "Promo",
    "nationalPokedexNumbers": [
      251
    ],
    "legalities": {
      "unlimited": "Legal"
    },
    "images": {
      "small": "https://images.pokemontcg.io/basep/50.png",
      "large": "https://images.pokemontcg.io/basep/50_hires.png"
    }
  },
  {
    "id": "basep-51",
    "name": "Rapidash",
    "supertype": "Pokémon",
    "subtypes": [
      "Stage 1"
    ],
    "hp": "60",
    "types": [
      "Fire"
    ],
    "evolvesFrom": "Ponyta",
    "attacks": [
      {
        "name": "Jump Over",
        "cost": [
          "Colorless",
          "Colorless"
        ],
        "convertedEnergyCost": 2,
        "damage": "",
        "text": "If your opponent has any Benched Pokémon, choose 1 of them. Flip a coin. If heads, this attack does 20 damage to that Pokémon. (Don't apply Weakness and Resistance for Benched Pokémon.)"
      },
      {
        "name": "Super Singe",
        "cost": [
          "Fire",
          "Colorless",
          "Colorless"
        ],
        "convertedEnergyCost": 3,
        "damage": "30",
        "text": "Flip a coin. If heads, the Defending Pokémon is now Burned."
      }
    ],
    "weaknesses": [
      {
        "type": "Water",
        "value": "×2"
      }
    ],
    "number": "51",
    "artist": "Mitsuhiro Arita",
    "rarity": "Promo",
    "nationalPokedexNumbers": [
      78
    ],
    "legalities": {
      "unlimited": "Legal"
    },
    "images": {
      "small": "https://images.pokemontcg.io/basep/51.png",
      "large": "https://images.pokemontcg.io/basep/51_hires.png"
    }
  },
  {
    "id": "basep-52",
    "name": "Ho-oh",
    "supertype": "Pokémon",
    "subtypes": [
      "Basic"
    ],
    "hp": "80",
    "types": [
      "Fire"
    ],
    "attacks": [
      {
        "name": "Sacred Wing",
        "cost": [
          "Fire",
          "Fire",
          "Colorless",
          "Colorless"
        ],
        "convertedEnergyCost": 4,
        "damage": "60",
        "text": "Flip a coin. If tails, this attack's base damage is 20 instead of 60."
      }
    ],
    "weaknesses": [
      {
        "type": "Water",
        "value": "×2"
      }
    ],
    "resistances": [
      {
        "type": "Fighting",
        "value": "-30"
      }
    ],
    "retreatCost": [
      "Colorless",
      "Colorless"
    ],
    "convertedRetreatCost": 2,
    "number": "52",
    "artist": "Mitsuhiro Arita",
    "rarity": "Promo",
    "nationalPokedexNumbers": [
      250
    ],
    "legalities": {
      "unlimited": "Legal"
    },
    "images": {
      "small": "https://images.pokemontcg.io/basep/52.png",
      "large": "https://images.pokemontcg.io/basep/52_hires.png"
    }
  },
  {
    "id": "basep-53",
    "name": "Suicune",
    "supertype": "Pokémon",
    "subtypes": [
      "Basic"
    ],
    "hp": "70",
    "types": [
      "Water"
    ],
    "abilities": [
      {
        "name": "Pure Body",
        "text": "To attach a Water Energy card from your hand to Suicune, you must discard an Energy card attached to Suicune. (Attach the Water Energy, and then discard an Energy card from Suicune.)",
        "type": "Poké-Body"
      }
    ],
    "attacks": [
      {
        "name": "Hypno Wave",
        "cost": [
          "Water",
          "Colorless",
          "Colorless"
        ],
        "convertedEnergyCost": 3,
        "damage": "30+",
        "text": "Flip a coin. If heads, this attack does 30 damage plus 20 more damage. If tails, this attack does 30 damage and the Defending Pokémon is now Asleep."
      }
    ],
    "weaknesses": [
      {
        "type": "Lightning",
        "value": "×2"
      }
    ],
    "retreatCost": [
      "Colorless"
    ],
    "convertedRetreatCost": 1,
    "number": "53",
    "artist": "Atsuko Nishida",
    "rarity": "Promo",
    "nationalPokedexNumbers": [
      245
    ],
    "legalities": {
      "unlimited": "Legal"
    },
    "images": {
      "small": "https://images.pokemontcg.io/basep/53.png",
      "large": "https://images.pokemontcg.io/basep/53_hires.png"
    }
  }
]
