[
  {
    "id": "det1-1",
    "name": "Bulbasaur",
    "supertype": "Pokémon",
    "subtypes": [
      "Basic"
    ],
    "hp": "60",
    "types": [
      "Grass"
    ],
    "evolvesTo": [
      "Ivysaur"
    ],
    "attacks": [
      {
        "name": "Find a Friend",
        "cost": [
          "Grass"
        ],
        "convertedEnergyCost": 1,
        "damage": "",
        "text": "Search your deck for a Grass Pokémon, reveal it, and put it into your hand. Then, shuffle your deck."
      }
    ],
    "weaknesses": [
      {
        "type": "Fire",
        "value": "×2"
      }
    ],
    "retreatCost": [
      "Colorless"
    ],
    "convertedRetreatCost": 1,
    "number": "1",
    "artist": "MPC Film",
    "rarity": "Common",
    "flavorText": "A strange seed was planted on its back at birth. The plant sprouts and grows with this Pokémon.",
    "nationalPokedexNumbers": [
      1
    ],
    "legalities": {
      "unlimited": "Legal",
      "expanded": "Legal"
    },
    "images": {
      "small": "https://images.pokemontcg.io/det1/1.png",
      "large": "https://images.pokemontcg.io/det1/1_hires.png"
    }
  },
  {
    "id": "det1-2",
    "name": "Ludicolo",
    "supertype": "Pokémon",
    "subtypes": [
      "Stage 2"
    ],
    "hp": "140",
    "types": [
      "Grass"
    ],
    "evolvesFrom": "Lombre",
    "abilities": [
      {
        "name": "Table Service",
        "text": "Once during your turn (before your attack), you may heal 30 damage from 1 of your Pokémon.",
        "type": "Ability"
      }
    ],
    "attacks": [
      {
        "name": "Punch and Run",
        "cost": [
          "Grass",
          "Colorless",
          "Colorless"
        ],
        "convertedEnergyCost": 3,
        "damage": "70",
        "text": "Switch this Pokémon with 1 of your Benched Pokémon."
      }
    ],
    "weaknesses": [
      {
        "type": "Fire",
        "value": "×2"
      }
    ],
    "retreatCost": [
      "Colorless",
      "Colorless",
      "Colorless"
    ],
    "convertedRetreatCost": 3,
    "number": "2",
    "artist": "Framestore",
    "rarity": "Rare",
    "flavorText": "If it hears festive music, all its muscles fill with energy. It can't help breaking out into a dance.",
    "nationalPokedexNumbers": [
      272
    ],
    "legalities": {
      "unlimited": "Legal",
      "expanded": "Legal"
    },
    "images": {
      "small": "https://images.pokemontcg.io/det1/2.png",
      "large": "https://images.pokemontcg.io/det1/2_hires.png"
    }
  },
  {
    "id": "det1-3",
    "name": "Morelull",
    "supertype": "Pokémon",
    "subtypes": [
      "Basic"
    ],
    "hp": "50",
    "types": [
      "Grass"
    ],
    "evolvesTo": [
      "Shiinotic"
    ],
    "attacks": [
      {
        "name": "Sleep Spore",
        "cost": [
          "Grass"
        ],
        "convertedEnergyCost": 1,
        "damage": "10",
        "text": "Your opponent's Active Pokémon is now Asleep."
      }
    ],
    "weaknesses": [
      {
        "type": "Fire",
        "value": "×2"
      }
    ],
    "retreatCost": [
      "Colorless"
    ],
    "convertedRetreatCost": 1,
    "number": "3",
    "artist": "MPC Film",
    "rarity": "Common",
    "flavorText": "It scatters its shining spores around itself. Even though they're dangerous, nighttime tours of forests where Morelull live are popular.",
    "nationalPokedexNumbers": [
      755
    ],
    "legalities": {
      "unlimited": "Legal",
      "expanded": "Legal"
    },
    "images": {
      "small": "https://images.pokemontcg.io/det1/3.png",
      "large": "https://images.pokemontcg.io/det1/3_hires.png"
    }
  },
  {
    "id": "det1-4",
    "name": "Charmander",
    "supertype": "Pokémon",
    "subtypes": [
      "Basic"
    ],
    "hp": "60",
    "types": [
      "Fire"
    ],
    "evolvesTo": [
      "Charmeleon"
    ],
    "attacks": [
      {
        "name": "Reckless Charge",
        "cost": [
          "Colorless"
        ],
        "convertedEnergyCost": 1,
        "damage": "20",
        "text": "This Pokémon does 10 damage to itself."
      }
    ],
    "weaknesses": [
      {
        "type": "Water",
        "value": "×2"
      }
    ],
    "retreatCost": [
      "Colorless"
    ],
    "convertedRetreatCost": 1,
    "number": "4",
    "artist": "MPC Film",
    "rarity": "Common",
    "flavorText": "The flame on its tail indicates Charmander's life force. If it is healthy, the flame burns brightly.",
    "nationalPokedexNumbers": [
      4
    ],
    "legalities": {
      "unlimited": "Legal",
      "expanded": "Legal"
    },
    "images": {
      "small": "https://images.pokemontcg.io/det1/4.png",
      "large": "https://images.pokemontcg.io/det1/4_hires.png"
    }
  },
  {
    "id": "det1-5",
    "name": "Charizard",
    "supertype": "Pokémon",
    "subtypes": [
      "Stage 2"
    ],
    "hp": "180",
    "types": [
      "Fire"
    ],
    "evolvesFrom": "Charmeleon",
    "attacks": [
      {
        "name": "Slash",
        "cost": [
          "Fire",
          "Colorless",
          "Colorless"
        ],
        "convertedEnergyCost": 3,
        "damage": "70",
        "text": ""
      },
      {
        "name": "Wild Tackle",
        "cost": [
          "Fire",
          "Colorless",
          "Colorless",
          "Colorless"
        ],
        "convertedEnergyCost": 4,
        "damage": "180",
        "text": "This Pokémon does 50 damage to itself."
      }
    ],
    "weaknesses": [
      {
        "type": "Water",
        "value": "×2"
      }
    ],
    "retreatCost": [
      "Colorless",
      "Colorless",
      "Colorless"
    ],
    "convertedRetreatCost": 3,
    "number": "5",
    "artist": "Framestore",
    "rarity": "Rare Ultra",
    "flavorText": "When expelling a blast of superhot fire, the red flame at the tip of its tail burns more intensely.",
    "nationalPokedexNumbers": [
      6
    ],
    "legalities": {
      "unlimited": "Legal",
      "expanded": "Legal"
    },
    "images": {
      "small": "https://images.pokemontcg.io/det1/5.png",
      "large": "https://images.pokemontcg.io/det1/5_hires.png"
    }
  },
  {
    "id": "det1-6",
    "name": "Arcanine",
    "supertype": "Pokémon",
    "subtypes": [
      "Stage 1"
    ],
    "hp": "120",
    "types": [
      "Fire"
    ],
    "evolvesFrom": "Growlithe",
    "abilities": [
      {
        "name": "Security Guard",
        "text": "As long as this Pokémon is your Active Pokémon, all of your Pokémon take 30 less damage from your opponent's attacks (after applying Weakness and Resistance).",
        "type": "Ability"
      }
    ],
    "attacks": [
      {
        "name": "Sharp Fang",
        "cost": [
          "Fire",
          "Colorless",
          "Colorless"
        ],
        "convertedEnergyCost": 3,
        "damage": "90",
        "text": ""
      }
    ],
    "weaknesses": [
      {
        "type": "Water",
        "value": "×2"
      }
    ],
    "retreatCost": [
      "Colorless",
      "Colorless",
      "Colorless"
    ],
    "convertedRetreatCost": 3,
    "number": "6",
    "artist": "MPC Film",
    "rarity": "Rare",
    "flavorText": "Legends tell of its fighting alongside a general and conquering a whole country.",
    "nationalPokedexNumbers": [
      59
    ],
    "legalities": {
      "unlimited": "Legal",
      "expanded": "Legal"
    },
    "images": {
      "small": "https://images.pokemontcg.io/det1/6.png",
      "large": "https://images.pokemontcg.io/det1/6_hires.png"
    }
  },
  {
    "id": "det1-7",
    "name": "Psyduck",
    "supertype": "Pokémon",
    "subtypes": [
      "Basic"
    ],
    "hp": "80",
    "types": [
      "Water"
    ],
    "evolvesTo": [
      "Golduck"
    ],
    "attacks": [
      {
        "name": "Panic",
        "cost": [
          "Water"
        ],
        "convertedEnergyCost": 1,
        "damage": "10",
        "text": "This Pokémon is now Confused."
      }
    ],
    "weaknesses": [
      {
        "type": "Grass",
        "value": "×2"
      }
    ],
    "retreatCost": [
      "Colorless",
      "Colorless",
      "Colorless"
    ],
    "convertedRetreatCost": 3,
    "number": "7",
    "artist": "Framestore",
    "rarity": "Common",
    "flavorText": "Using psychokinesis gives it a headache, so it normally passes the time spacing out and doing as little as possible.",
    "nationalPokedexNumbers": [
      54
    ],
    "legalities": {
      "unlimited": "Legal",
      "expanded": "Legal"
    },
    "images": {
      "small": "https://images.pokemontcg.io/det1/7.png",
      "large": "https://images.pokemontcg.io/det1/7_hires.png"
    }
  },
  {
    "id": "det1-8",
    "name": "Magikarp",
    "supertype": "Pokémon",
    "subtypes": [
      "Basic"
    ],
    "hp": "30",
    "types": [
      "Water"
    ],
    "evolvesTo": [
      "Gyarados"
    ],
    "attacks": [
      {
        "name": "Hold Still",
        "cost": [
          "Water"
        ],
        "convertedEnergyCost": 1,
        "damage": "",
        "text": "Heal 10 damage from this Pokémon."
      }
    ],
    "weaknesses": [
      {
        "type": "Lightning",
        "value": "×2"
      }
    ],
    "retreatCost": [
      "Colorless"
    ],
    "convertedRetreatCost": 1,
    "number": "8",
    "artist": "Framestore",
    "rarity": "Common",
    "flavorText": "In the distant past, they were fairly strong, but they have become gradually weaker over time.",
    "nationalPokedexNumbers": [
      129
    ],
    "legalities": {
      "unlimited": "Legal",
      "expanded": "Legal"
    },
    "images": {
      "small": "https://images.pokemontcg.io/det1/8.png",
      "large": "https://images.pokemontcg.io/det1/8_hires.png"
    }
  },
  {
    "id": "det1-9",
    "name": "Greninja",
    "supertype": "Pokémon",
    "subtypes": [
      "Stage 2"
    ],
    "hp": "140",
    "types": [
      "Water"
    ],
    "evolvesFrom": "Frogadier",
    "abilities": [
      {
        "name": "Evasion Jutsu",
        "text": "If any damage is done to this Pokémon by attacks, flip a coin. If heads, prevent that damage.",
        "type": "Ability"
      }
    ],
    "attacks": [
      {
        "name": "Furious Shurikens",
        "cost": [
          "Water",
          "Water"
        ],
        "convertedEnergyCost": 2,
        "damage": "",
        "text": "This attack does 50 damage to 2 of your opponent's Pokémon. (Don't apply Weakness and Resistance for Benched Pokémon.)"
      }
    ],
    "weaknesses": [
      {
        "type": "Grass",
        "value": "×2"
      }
    ],
    "retreatCost": [
      "Colorless"
    ],
    "convertedRetreatCost": 1,
    "number": "9",
    "artist": "MPC Film",
    "rarity": "Rare Ultra",
    "flavorText": "It creates throwing stars out of compressed water. When it spins them and throws them at high speed, these stars can split metal in two.",
    "nationalPokedexNumbers": [
      658
    ],
    "legalities": {
      "unlimited": "Legal",
      "expanded": "Legal"
    },
    "images": {
      "small": "https://images.pokemontcg.io/det1/9.png",
      "large": "https://images.pokemontcg.io/det1/9_hires.png"
    }
  },
  {
    "id": "det1-10",
    "name": "Detective Pikachu",
    "supertype": "Pokémon",
    "subtypes": [
      "Basic"
    ],
    "hp": "90",
    "types": [
      "Lightning"
    ],
    "evolvesTo": [
      "Raichu"
    ],
    "attacks": [
      {
        "name": "Scout",
        "cost": [
          "Lightning"
        ],
        "convertedEnergyCost": 1,
        "damage": "",
        "text": "Your opponent reveals their hand."
      },
      {
        "name": "Surprise Attack",
        "cost": [
          "Colorless",
          "Colorless",
          "Colorless"
        ],
        "convertedEnergyCost": 3,
        "damage": "80",
        "text": "Flip a coin. If tails, this attack does nothing."
      }
    ],
    "weaknesses": [
      {
        "type": "Fighting",
        "value": "×2"
      }
    ],
    "resistances": [
      {
        "type": "Metal",
        "value": "-20"
      }
    ],
    "retreatCost": [
      "Colorless",
      "Colorless"
    ],
    "convertedRetreatCost": 2,
    "number": "10",
    "artist": "MPC Film",
    "rarity": "Rare",
    "flavorText": "He loves to show off his vast knowledge. This expressive Pikachu is like a middle-aged man.",
    "nationalPokedexNumbers": [
      25
    ],
    "legalities": {
      "unlimited": "Legal",
      "expanded": "Legal"
    },
    "images": {
      "small": "https://images.pokemontcg.io/det1/10.png",
      "large": "https://images.pokemontcg.io/det1/10_hires.png"
    }
  },
  {
    "id": "det1-11",
    "name": "Mr. Mime",
    "supertype": "Pokémon",
    "subtypes": [
      "Basic"
    ],
    "hp": "80",
    "types": [
      "Psychic"
    ],
    "abilities": [
      {
        "name": "Pantomime",
        "text": "When you play this Pokémon from your hand onto your Bench during your turn, you may switch 1 of your face-down Prize cards with the top card of your deck.",
        "type": "Ability"
      }
    ],
    "attacks": [
      {
        "name": "Juggling",
        "cost": [
          "Psychic",
          "Colorless"
        ],
        "convertedEnergyCost": 2,
        "damage": "20×",
        "text": "Flip 4 coins. This attack does 20 damage for each heads."
      }
    ],
    "weaknesses": [
      {
        "type": "Psychic",
        "value": "×2"
      }
    ],
    "retreatCost": [
      "Colorless"
    ],
    "convertedRetreatCost": 1,
    "number": "11",
    "artist": "MPC Film",
    "rarity": "Rare",
    "flavorText": "Its pantomime skills are wonderful. You may become enraptured while watching it, but next thing you know, Mr. Mime has made a real wall.",
    "nationalPokedexNumbers": [
      122
    ],
    "legalities": {
      "unlimited": "Legal",
      "expanded": "Legal"
    },
    "images": {
      "small": "https://images.pokemontcg.io/det1/11.png",
      "large": "https://images.pokemontcg.io/det1/11_hires.png"
    }
  },
  {
    "id": "det1-12",
    "name": "Mewtwo",
    "supertype": "Pokémon",
    "subtypes": [
      "Basic"
    ],
    "hp": "130",
    "types": [
      "Psychic"
    ],
    "attacks": [
      {
        "name": "Psyjack",
        "cost": [
          "Psychic",
          "Colorless"
        ],
        "convertedEnergyCost": 2,
        "damage": "30",
        "text": "Choose 1 of your opponent's Active Pokémon's attacks. That Pokémon can't use that attack during your opponent's next turn."
      },
      {
        "name": "Break Burn",
        "cost": [
          "Psychic",
          "Psychic",
          "Colorless"
        ],
        "convertedEnergyCost": 3,
        "damage": "130",
        "text": "Discard 2 Psychic Energy from this Pokémon."
      }
    ],
    "weaknesses": [
      {
        "type": "Psychic",
        "value": "×2"
      }
    ],
    "retreatCost": [
      "Colorless",
      "Colorless"
    ],
    "convertedRetreatCost": 2,
    "number": "12",
    "artist": "MPC Film",
    "rarity": "Rare Ultra",
    "flavorText": "This Pokémon was created by years of horrific gene splicing and DNA engineering experiments.",
    "nationalPokedexNumbers": [
      150
    ],
    "legalities": {
      "unlimited": "Legal",
      "expanded": "Legal"
    },
    "images": {
      "small": "https://images.pokemontcg.io/det1/12.png",
      "large": "https://images.pokemontcg.io/det1/12_hires.png"
    }
  },
  {
    "id": "det1-13",
    "name": "Machamp",
    "supertype": "Pokémon",
    "subtypes": [
      "Stage 2"
    ],
    "hp": "160",
    "types": [
      "Fighting"
    ],
    "evolvesFrom": "Machoke",
    "attacks": [
      {
        "name": "Directing Traffic",
        "cost": [
          "Fighting"
        ],
        "convertedEnergyCost": 1,
        "damage": "",
        "text": "Look at the top 5 cards of your deck and put them back in any order."
      },
      {
        "name": "Cross Chop",
        "cost": [
          "Fighting",
          "Fighting"
        ],
        "convertedEnergyCost": 2,
        "damage": "80+",
        "text": "Flip a coin. If heads, this attack does 60 more damage."
      }
    ],
    "weaknesses": [
      {
        "type": "Psychic",
        "value": "×2"
      }
    ],
    "retreatCost": [
      "Colorless",
      "Colorless"
    ],
    "convertedRetreatCost": 2,
    "number": "13",
    "artist": "MPC Film",
    "rarity": "Rare",
    "flavorText": "It grasps its opponents with its four arms and twists them up in an intricate hold. People call it \"the Machamp special.\"",
    "nationalPokedexNumbers": [
      68
    ],
    "legalities": {
      "unlimited": "Legal",
      "expanded": "Legal"
    },
    "images": {
      "small": "https://images.pokemontcg.io/det1/13.png",
      "large": "https://images.pokemontcg.io/det1/13_hires.png"
    }
  },
  {
    "id": "det1-14",
    "name": "Jigglypuff",
    "supertype": "Pokémon",
    "subtypes": [
      "Basic"
    ],
    "hp": "60",
    "types": [
      "Fairy"
    ],
    "evolvesTo": [
      "Wigglytuff"
    ],
    "attacks": [
      {
        "name": "Healing Melody",
        "cost": [
          "Fairy"
        ],
        "convertedEnergyCost": 1,
        "damage": "",
        "text": "Heal 10 damage from each of your Pokémon."
      }
    ],
    "weaknesses": [
      {
        "type": "Metal",
        "value": "×2"
      }
    ],
    "resistances": [
      {
        "type": "Darkness",
        "value": "-20"
      }
    ],
    "retreatCost": [
      "Colorless"
    ],
    "convertedRetreatCost": 1,
    "number": "14",
    "artist": "Framestore",
    "rarity": "Common",
    "flavorText": "Recordings of Jigglypuff's strange lullabies can be purchased from department stores. These CDs can be found near the bedding area.",
    "nationalPokedexNumbers": [
      39
    ],
    "legalities": {
      "unlimited": "Legal",
      "expanded": "Legal"
    },
    "images": {
      "small": "https://images.pokemontcg.io/det1/14.png",
      "large": "https://images.pokemontcg.io/det1/14_hires.png"
    }
  },
  {
    "id": "det1-15",
    "name": "Snubbull",
    "supertype": "Pokémon",
    "subtypes": [
      "Basic"
    ],
    "hp": "70",
    "types": [
      "Fairy"
    ],
    "evolvesTo": [
      "Granbull"
    ],
    "attacks": [
      {
        "name": "Play Rough",
        "cost": [
          "Colorless",
          "Colorless"
        ],
        "convertedEnergyCost": 2,
        "damage": "10+",
        "text": "Flip a coin. If heads, this attack does 30 more damage."
      }
    ],
    "weaknesses": [
      {
        "type": "Metal",
        "value": "×2"
      }
    ],
    "resistances": [
      {
        "type": "Darkness",
        "value": "-20"
      }
    ],
    "retreatCost": [
      "Colorless",
      "Colorless"
    ],
    "convertedRetreatCost": 2,
    "number": "15",
    "artist": "Framestore",
    "rarity": "Common",
    "flavorText": "It grows close to others easily and is also easily spoiled. The disparity between its face and its actions makes many young people wild about it.",
    "nationalPokedexNumbers": [
      209
    ],
    "legalities": {
      "unlimited": "Legal",
      "expanded": "Legal"
    },
    "images": {
      "small": "https://images.pokemontcg.io/det1/15.png",
      "large": "https://images.pokemontcg.io/det1/15_hires.png"
    }
  },
  {
    "id": "det1-16",
    "name": "Lickitung",
    "supertype": "Pokémon",
    "subtypes": [
      "Basic"
    ],
    "hp": "100",
    "types": [
      "Colorless"
    ],
    "evolvesTo": [
      "Lickilicky"
    ],
    "attacks": [
      {
        "name": "Continuous Lick",
        "cost": [
          "Colorless",
          "Colorless"
        ],
        "convertedEnergyCost": 2,
        "damage": "20×",
        "text": "Flip a coin until you get tails. This attack does 20 damage for each heads."
      }
    ],
    "weaknesses": [
      {
        "type": "Fighting",
        "value": "×2"
      }
    ],
    "retreatCost": [
      "Colorless",
      "Colorless",
      "Colorless"
    ],
    "convertedRetreatCost": 3,
    "number": "16",
    "artist": "MPC Film",
    "rarity": "Common",
    "flavorText": "It checks out whatever's around it by licking everything. If you don't clean off a spot where it's licked you, you'll break out in a rash!",
    "nationalPokedexNumbers": [
      108
    ],
    "legalities": {
      "unlimited": "Legal",
      "expanded": "Legal"
    },
    "images": {
      "small": "https://images.pokemontcg.io/det1/16.png",
      "large": "https://images.pokemontcg.io/det1/16_hires.png"
    }
  },
  {
    "id": "det1-17",
    "name": "Ditto",
    "supertype": "Pokémon",
    "subtypes": [
      "Basic"
    ],
    "hp": "60",
    "types": [
      "Colorless"
    ],
    "attacks": [
      {
        "name": "Copy Anything",
        "cost": [
          "Colorless"
        ],
        "convertedEnergyCost": 1,
        "damage": "",
        "text": "Choose 1 of your opponent's Pokémon's attacks and use it as this attack. If this Pokémon doesn't have the necessary Energy to use that attack, this attack does nothing."
      }
    ],
    "weaknesses": [
      {
        "type": "Fighting",
        "value": "×2"
      }
    ],
    "retreatCost": [
      "Colorless"
    ],
    "convertedRetreatCost": 1,
    "number": "17",
    "artist": "MPC Film",
    "rarity": "Rare Ultra",
    "flavorText": "While it can transform into anything, each Ditto apparently has its own strengths and weaknesses when it comes to transformations.",
    "nationalPokedexNumbers": [
      132
    ],
    "legalities": {
      "unlimited": "Legal",
      "expanded": "Legal"
    },
    "images": {
      "small": "https://images.pokemontcg.io/det1/17.png",
      "large": "https://images.pokemontcg.io/det1/17_hires.png"
    }
  },
  {
    "id": "det1-18",
    "name": "Slaking",
    "supertype": "Pokémon",
    "subtypes": [
      "Stage 2"
    ],
    "hp": "180",
    "types": [
      "Colorless"
    ],
    "evolvesFrom": "Vigoroth",
    "attacks": [
      {
        "name": "Pitch",
        "cost": [
          "Colorless",
          "Colorless",
          "Colorless",
          "Colorless"
        ],
        "convertedEnergyCost": 4,
        "damage": "150",
        "text": "Your opponent switches their Active Pokémon with 1 of their Benched Pokémon."
      }
    ],
    "weaknesses": [
      {
        "type": "Fighting",
        "value": "×2"
      }
    ],
    "retreatCost": [
      "Colorless",
      "Colorless",
      "Colorless",
      "Colorless"
    ],
    "convertedRetreatCost": 4,
    "number": "18",
    "artist": "Framestore",
    "rarity": "Rare",
    "flavorText": "The world's laziest Pokémon. It moves to another spot when there's no food left within its reach.",
    "nationalPokedexNumbers": [
      289
    ],
    "legalities": {
      "unlimited": "Legal",
      "expanded": "Legal"
    },
    "images": {
      "small": "https://images.pokemontcg.io/det1/18.png",
      "large": "https://images.pokemontcg.io/det1/18_hires.png"
    }
  }
]
