[
  {
    "id": "dpp-DP01",
    "name": "Turtwig",
    "supertype": "Pokémon",
    "subtypes": [
      "Basic"
    ],
    "level": "10",
    "hp": "60",
    "types": [
      "Grass"
    ],
    "evolvesTo": [
      "Grotle"
    ],
    "attacks": [
      {
        "name": "Tackle",
        "cost": [

        ],
        "convertedEnergyCost": 0,
        "damage": "10",
        "text": ""
      },
      {
        "name": "Razor Leaf",
        "cost": [
          "Grass"
        ],
        "convertedEnergyCost": 1,
        "damage": "20",
        "text": ""
      }
    ],
    "weaknesses": [
      {
        "type": "Fire",
        "value": "+10"
      }
    ],
    "resistances": [
      {
        "type": "Water",
        "value": "-20"
      }
    ],
    "retreatCost": [
      "Colorless",
      "Colorless"
    ],
    "convertedRetreatCost": 2,
    "number": "DP01",
    "artist": "Masakazu Fukuda",
    "rarity": "Promo",
    "flavorText": "Made from soil, the shell on its back hardens when it drinks water. It lives along lakes.",
    "nationalPokedexNumbers": [
      387
    ],
    "legalities": {
      "unlimited": "Legal"
    },
    "images": {
      "small": "https://images.pokemontcg.io/dpp/DP01.png",
      "large": "https://images.pokemontcg.io/dpp/DP01_hires.png"
    }
  },
  {
    "id": "dpp-DP02",
    "name": "Chimchar",
    "supertype": "Pokémon",
    "subtypes": [
      "Basic"
    ],
    "level": "8",
    "hp": "50",
    "types": [
      "Fire"
    ],
    "evolvesTo": [
      "Monferno"
    ],
    "attacks": [
      {
        "name": "Scratch",
        "cost": [

        ],
        "convertedEnergyCost": 0,
        "damage": "10",
        "text": ""
      },
      {
        "name": "Ember",
        "cost": [
          "Fire",
          "Colorless"
        ],
        "convertedEnergyCost": 2,
        "damage": "30",
        "text": "Flip a coin. If tails, discard a Fire Energy attached to Chimchar."
      }
    ],
    "weaknesses": [
      {
        "type": "Water",
        "value": "+10"
      }
    ],
    "retreatCost": [
      "Colorless"
    ],
    "convertedRetreatCost": 1,
    "number": "DP02",
    "artist": "Kagemaru Himeno",
    "rarity": "Promo",
    "flavorText": "It agilely scales sheer cliffs to live atop craggy mountains. Its fire is put out when it sleeps.",
    "nationalPokedexNumbers": [
      390
    ],
    "legalities": {
      "unlimited": "Legal"
    },
    "images": {
      "small": "https://images.pokemontcg.io/dpp/DP02.png",
      "large": "https://images.pokemontcg.io/dpp/DP02_hires.png"
    }
  },
  {
    "id": "dpp-DP03",
    "name": "Piplup",
    "supertype": "Pokémon",
    "subtypes": [
      "Basic"
    ],
    "level": "9",
    "hp": "60",
    "types": [
      "Water"
    ],
    "evolvesTo": [
      "Prinplup"
    ],
    "attacks": [
      {
        "name": "Peck",
        "cost": [

        ],
        "convertedEnergyCost": 0,
        "damage": "10",
        "text": ""
      },
      {
        "name": "Water Splash",
        "cost": [
          "Water",
          "Colorless"
        ],
        "convertedEnergyCost": 2,
        "damage": "20+",
        "text": "Flip a coin. If heads, this attack does 20 damage plus 10 more damage."
      }
    ],
    "weaknesses": [
      {
        "type": "Lightning",
        "value": "+10"
      }
    ],
    "retreatCost": [
      "Colorless"
    ],
    "convertedRetreatCost": 1,
    "number": "DP03",
    "artist": "Atsuko Nishida",
    "rarity": "Promo",
    "flavorText": "Because it is very proud, it hates accepting food from people. Its thick down guards it from cold.",
    "nationalPokedexNumbers": [
      393
    ],
    "legalities": {
      "unlimited": "Legal"
    },
    "images": {
      "small": "https://images.pokemontcg.io/dpp/DP03.png",
      "large": "https://images.pokemontcg.io/dpp/DP03_hires.png"
    }
  },
  {
    "id": "dpp-DP04",
    "name": "Pachirisu",
    "supertype": "Pokémon",
    "subtypes": [
      "Basic"
    ],
    "level": "23",
    "hp": "70",
    "types": [
      "Lightning"
    ],
    "attacks": [
      {
        "name": "Minor Errand-Running",
        "cost": [
          "Colorless"
        ],
        "convertedEnergyCost": 1,
        "damage": "",
        "text": "Search your deck for a basic Energy card, show it to your opponent, and put it into your hand. Shuffle your deck afterward."
      },
      {
        "name": "Thunder Jolt",
        "cost": [
          "Lightning"
        ],
        "convertedEnergyCost": 1,
        "damage": "20",
        "text": "Flip a coin. If tails, Pachirisu does 10 damage to itself."
      }
    ],
    "weaknesses": [
      {
        "type": "Fighting",
        "value": "+20"
      }
    ],
    "resistances": [
      {
        "type": "Metal",
        "value": "-20"
      }
    ],
    "retreatCost": [
      "Colorless"
    ],
    "convertedRetreatCost": 1,
    "number": "DP04",
    "artist": "Atsuko Nishida",
    "rarity": "Promo",
    "flavorText": "It makes fur balls that crackle with static electricity. It stores them with berries in tree holes.",
    "nationalPokedexNumbers": [
      417
    ],
    "legalities": {
      "unlimited": "Legal"
    },
    "images": {
      "small": "https://images.pokemontcg.io/dpp/DP04.png",
      "large": "https://images.pokemontcg.io/dpp/DP04_hires.png"
    }
  },
  {
    "id": "dpp-DP05",
    "name": "Tropical Wind",
    "supertype": "Trainer",
    "subtypes": [
      "Item"
    ],
    "rules": [
      "Flip a coin. If heads, remove 2 damage counters from each Active Pokémon (remove 1 damage counter if a Pokémon has only 1). If tails, each Active Pokémon is now Asleep."
    ],
    "number": "DP05",
    "artist": "Sumiyoshi Kizuki",
    "rarity": "Promo",
    "legalities": {
      "unlimited": "Legal"
    },
    "images": {
      "small": "https://images.pokemontcg.io/dpp/DP05.png",
      "large": "https://images.pokemontcg.io/dpp/DP05_hires.png"
    }
  },
  {
    "id": "dpp-DP06",
    "name": "Buneary",
    "supertype": "Pokémon",
    "subtypes": [
      "Basic"
    ],
    "level": "11",
    "hp": "50",
    "types": [
      "Colorless"
    ],
    "evolvesTo": [
      "Lopunny"
    ],
    "attacks": [
      {
        "name": "Splash",
        "cost": [
          "Colorless"
        ],
        "convertedEnergyCost": 1,
        "damage": "10",
        "text": ""
      },
      {
        "name": "Jump Kick",
        "cost": [
          "Colorless",
          "Colorless"
        ],
        "convertedEnergyCost": 2,
        "damage": "10",
        "text": "Does 10 damage to 1 of your opponent's Benched Pokémon. (Don't apply Weakness and Resistance for Benched Pokémon.)"
      }
    ],
    "weaknesses": [
      {
        "type": "Fighting",
        "value": "+10"
      }
    ],
    "retreatCost": [
      "Colorless"
    ],
    "convertedRetreatCost": 1,
    "number": "DP06",
    "artist": "Kagemaru Himeno",
    "rarity": "Promo",
    "flavorText": "It slams foes by sharply uncoiling its rolled ears. It stings enough to make a grown-up cry in pain.",
    "nationalPokedexNumbers": [
      427
    ],
    "legalities": {
      "unlimited": "Legal"
    },
    "images": {
      "small": "https://images.pokemontcg.io/dpp/DP06.png",
      "large": "https://images.pokemontcg.io/dpp/DP06_hires.png"
    }
  },
  {
    "id": "dpp-DP07",
    "name": "Cranidos",
    "supertype": "Pokémon",
    "subtypes": [
      "Stage 1"
    ],
    "level": "24",
    "hp": "70",
    "types": [
      "Fighting"
    ],
    "evolvesFrom": "Skull Fossil",
    "evolvesTo": [
      "Rampardos"
    ],
    "attacks": [
      {
        "name": "Headbutt",
        "cost": [
          "Colorless"
        ],
        "convertedEnergyCost": 1,
        "damage": "20",
        "text": ""
      },
      {
        "name": "Steamroll",
        "cost": [
          "Fighting",
          "Colorless"
        ],
        "convertedEnergyCost": 2,
        "damage": "30",
        "text": "Does 20 damage to 1 of your opponent's Benched Pokémon. (Don't apply Weakness and Resistance for Benched Pokémon.)"
      }
    ],
    "weaknesses": [
      {
        "type": "Grass",
        "value": "+20"
      }
    ],
    "retreatCost": [
      "Colorless"
    ],
    "convertedRetreatCost": 1,
    "number": "DP07",
    "artist": "Mitsuhiro Arita",
    "rarity": "Promo",
    "flavorText": "It lived in jungles around 100 million years ago. Its skull is as hard as iron.",
    "nationalPokedexNumbers": [
      408
    ],
    "legalities": {
      "unlimited": "Legal"
    },
    "images": {
      "small": "https://images.pokemontcg.io/dpp/DP07.png",
      "large": "https://images.pokemontcg.io/dpp/DP07_hires.png"
    }
  },
  {
    "id": "dpp-DP08",
    "name": "Shieldon",
    "supertype": "Pokémon",
    "subtypes": [
      "Stage 1"
    ],
    "level": "26",
    "hp": "80",
    "types": [
      "Metal"
    ],
    "evolvesFrom": "Armor Fossil",
    "evolvesTo": [
      "Bastiodon"
    ],
    "attacks": [
      {
        "name": "Hard Face",
        "cost": [
          "Metal",
          "Colorless"
        ],
        "convertedEnergyCost": 2,
        "damage": "20",
        "text": "During your opponent's next turn, any damage done to Shieldon by attacks is reduced by 20 (after applying Weakness and Resistance)."
      },
      {
        "name": "Shield Attack",
        "cost": [
          "Metal",
          "Colorless",
          "Colorless"
        ],
        "convertedEnergyCost": 3,
        "damage": "40+",
        "text": "Flip a coin. If heads, this attack does 40 damage plus 20 more damage."
      }
    ],
    "weaknesses": [
      {
        "type": "Fire",
        "value": "+20"
      }
    ],
    "resistances": [
      {
        "type": "Psychic",
        "value": "-20"
      }
    ],
    "retreatCost": [
      "Colorless",
      "Colorless"
    ],
    "convertedRetreatCost": 2,
    "number": "DP08",
    "artist": "Kouki Saitou",
    "rarity": "Promo",
    "flavorText": "A Pokémon that lived in jungles around 100 million years ago. Its facial hide is extremely hard.",
    "nationalPokedexNumbers": [
      410
    ],
    "legalities": {
      "unlimited": "Legal"
    },
    "images": {
      "small": "https://images.pokemontcg.io/dpp/DP08.png",
      "large": "https://images.pokemontcg.io/dpp/DP08_hires.png"
    }
  },
  {
    "id": "dpp-DP09",
    "name": "Torterra LV.X",
    "supertype": "Pokémon",
    "subtypes": [
      "Level-Up"
    ],
    "level": "X",
    "hp": "160",
    "types": [
      "Grass"
    ],
    "evolvesFrom": "Torterra",
    "rules": [
      "Put this card onto your Active Torterra. Torterra LV.X can use any attack, Poké-Power, or Poké-Body from its previous level."
    ],
    "abilities": [
      {
        "name": "Forest Murmurs",
        "text": "Once during your turn (before your attack), if you have more Prize cards left than your opponent, you may choose 1 of your opponent's Benched Pokémon and switch it with 1 of the Defending Pokémon. This power can't be used if Torterra is affected by a Special Condition.",
        "type": "Poké-Power"
      }
    ],
    "attacks": [
      {
        "name": "Vigorous Dash",
        "cost": [
          "Grass",
          "Grass",
          "Grass",
          "Colorless"
        ],
        "convertedEnergyCost": 4,
        "damage": "100",
        "text": "Does 30 damage to 1 of your opponent's Benched Pokémon. (Don't apply Weakness and Resistance for Benched Pokémon.) Torterra does 30 damage to itself."
      }
    ],
    "weaknesses": [
      {
        "type": "Fire",
        "value": "+30"
      }
    ],
    "retreatCost": [
      "Colorless",
      "Colorless",
      "Colorless",
      "Colorless"
    ],
    "convertedRetreatCost": 4,
    "number": "DP09",
    "artist": "Shizurow",
    "rarity": "Promo",
    "nationalPokedexNumbers": [
      389
    ],
    "legalities": {
      "unlimited": "Legal"
    },
    "images": {
      "small": "https://images.pokemontcg.io/dpp/DP09.png",
      "large": "https://images.pokemontcg.io/dpp/DP09_hires.png"
    }
  },
  {
    "id": "dpp-DP10",
    "name": "Infernape LV.X",
    "supertype": "Pokémon",
    "subtypes": [
      "Level-Up"
    ],
    "level": "X",
    "hp": "120",
    "types": [
      "Fire"
    ],
    "evolvesFrom": "Infernape",
    "rules": [
      "Put this card onto your Active Infernape. Infernape LV.X can use any attack, Poké-Power, or Poké-Body from its previous level."
    ],
    "abilities": [
      {
        "name": "Burning Head",
        "text": "Once during your turn (before your attack), you may look at the top 3 cards of your deck, choose 1 of them, and put it into your hand. Discard the other 2 cards. This power can't be used if Infernape is affected by a Special Condition.",
        "type": "Poké-Power"
      }
    ],
    "attacks": [
      {
        "name": "Flare Up",
        "cost": [
          "Fire",
          "Fire"
        ],
        "convertedEnergyCost": 2,
        "damage": "150",
        "text": "Search your discard pile for 8 Fire Energy cards, show them to your opponent, and shuffle them into your deck. (This attack does nothing if you don't have 8 Fire Energy cards in your discard pile.)"
      }
    ],
    "weaknesses": [
      {
        "type": "Water",
        "value": "+30"
      }
    ],
    "number": "DP10",
    "artist": "Shizurow",
    "rarity": "Promo",
    "nationalPokedexNumbers": [
      392
    ],
    "legalities": {
      "unlimited": "Legal"
    },
    "images": {
      "small": "https://images.pokemontcg.io/dpp/DP10.png",
      "large": "https://images.pokemontcg.io/dpp/DP10_hires.png"
    }
  },
  {
    "id": "dpp-DP11",
    "name": "Empoleon LV.X",
    "supertype": "Pokémon",
    "subtypes": [
      "Level-Up"
    ],
    "level": "X",
    "hp": "140",
    "types": [
      "Water"
    ],
    "evolvesFrom": "Empoleon",
    "rules": [
      "Put this card onto your Active Empoleon. Empoleon LV.X can use any attack, Poké-Power, or Poké-Body from its previous level."
    ],
    "abilities": [
      {
        "name": "Supreme Command",
        "text": "Once during your turn (before your attack), you may choose up to 2 cards from your opponent's hand without looking and put them face down next to the Defending Pokémon. (These cards are not in play or in your opponent's hand.) At the end of your opponent's next turn, return those cards to your opponent's hand. This power can't be used if Empoleon is affected by a Special Condition.",
        "type": "Poké-Power"
      }
    ],
    "attacks": [
      {
        "name": "Hydro Impact",
        "cost": [
          "Water",
          "Water",
          "Water"
        ],
        "convertedEnergyCost": 3,
        "damage": "",
        "text": "Choose 1 of your opponent's Pokémon. This attack does 80 damage to that Pokémon (Don't apply Weakness and Resistance for Benched Pokémon.) Empoleon can't attack during your next turn."
      }
    ],
    "weaknesses": [
      {
        "type": "Lightning",
        "value": "+30"
      }
    ],
    "retreatCost": [
      "Colorless",
      "Colorless"
    ],
    "convertedRetreatCost": 2,
    "number": "DP11",
    "artist": "Shizurow",
    "rarity": "Promo",
    "nationalPokedexNumbers": [
      395
    ],
    "legalities": {
      "unlimited": "Legal"
    },
    "images": {
      "small": "https://images.pokemontcg.io/dpp/DP11.png",
      "large": "https://images.pokemontcg.io/dpp/DP11_hires.png"
    }
  },
  {
    "id": "dpp-DP12",
    "name": "Lucario LV.X",
    "supertype": "Pokémon",
    "subtypes": [
      "Level-Up"
    ],
    "level": "X",
    "hp": "110",
    "types": [
      "Fighting"
    ],
    "evolvesFrom": "Lucario",
    "rules": [
      "Put this card onto your Active Lucario. Lucario LV.X can use any attack, Poké-Power, or Poké-Body from its previous level."
    ],
    "abilities": [
      {
        "name": "Stance",
        "text": "Once during your turn (before your attack), when you put Lucario LV.X from your hand onto your Active Lucario, you may use this power. Prevent all effects of an attack, including damage, done to Lucario during your opponent's next turn. (If Lucario is no longer your Active Pokémon, this effect ends.)",
        "type": "Poké-Power"
      }
    ],
    "attacks": [
      {
        "name": "Close Combat",
        "cost": [
          "Fighting",
          "Fighting",
          "Colorless"
        ],
        "convertedEnergyCost": 3,
        "damage": "80",
        "text": "During your opponent's next turn, any damage done to Lucario by attacks is increased by 30 (after applying Weakness and Resistance)."
      }
    ],
    "weaknesses": [
      {
        "type": "Psychic",
        "value": "×2"
      }
    ],
    "retreatCost": [
      "Colorless"
    ],
    "convertedRetreatCost": 1,
    "number": "DP12",
    "artist": "Ryo Ueda",
    "rarity": "Promo",
    "nationalPokedexNumbers": [
      448
    ],
    "legalities": {
      "unlimited": "Legal"
    },
    "images": {
      "small": "https://images.pokemontcg.io/dpp/DP12.png",
      "large": "https://images.pokemontcg.io/dpp/DP12_hires.png"
    }
  },
  {
    "id": "dpp-DP13",
    "name": "Buizel",
    "supertype": "Pokémon",
    "subtypes": [
      "Basic"
    ],
    "level": "10",
    "hp": "60",
    "types": [
      "Water"
    ],
    "evolvesTo": [
      "Floatzel"
    ],
    "attacks": [
      {
        "name": "Splash About",
        "cost": [
          "Water"
        ],
        "convertedEnergyCost": 1,
        "damage": "10+",
        "text": "If Buizel has less Energy attached to it than the Defending Pokémon, this attack does 10 damage plus 10 more damage."
      }
    ],
    "weaknesses": [
      {
        "type": "Lightning",
        "value": "+10"
      }
    ],
    "retreatCost": [
      "Colorless"
    ],
    "convertedRetreatCost": 1,
    "number": "DP13",
    "artist": "Mitsuhiro Arita",
    "rarity": "Promo",
    "flavorText": "It has a flotation sac that is like an inflatable collar. It floats on water with its head out.",
    "nationalPokedexNumbers": [
      418
    ],
    "legalities": {
      "unlimited": "Legal"
    },
    "images": {
      "small": "https://images.pokemontcg.io/dpp/DP13.png",
      "large": "https://images.pokemontcg.io/dpp/DP13_hires.png"
    }
  },
  {
    "id": "dpp-DP14",
    "name": "Chatot",
    "supertype": "Pokémon",
    "subtypes": [
      "Basic"
    ],
    "level": "27",
    "hp": "60",
    "types": [
      "Colorless"
    ],
    "attacks": [
      {
        "name": "Me First",
        "cost": [
          "Colorless"
        ],
        "convertedEnergyCost": 1,
        "damage": "",
        "text": "Draw a card."
      },
      {
        "name": "Tone-Deaf",
        "cost": [
          "Colorless"
        ],
        "convertedEnergyCost": 1,
        "damage": "10",
        "text": "Flip a coin. If heads, the Defending Pokémon is now Confused."
      }
    ],
    "weaknesses": [
      {
        "type": "Lightning",
        "value": "+10"
      }
    ],
    "resistances": [
      {
        "type": "Fighting",
        "value": "-20"
      }
    ],
    "retreatCost": [
      "Colorless"
    ],
    "convertedRetreatCost": 1,
    "number": "DP14",
    "artist": "Masakazu Fukuda",
    "rarity": "Promo",
    "flavorText": "It can learn and speak human words. If they gather, they all learn the same saying.",
    "nationalPokedexNumbers": [
      441
    ],
    "legalities": {
      "unlimited": "Legal"
    },
    "images": {
      "small": "https://images.pokemontcg.io/dpp/DP14.png",
      "large": "https://images.pokemontcg.io/dpp/DP14_hires.png"
    }
  },
  {
    "id": "dpp-DP15",
    "name": "Shinx",
    "supertype": "Pokémon",
    "subtypes": [
      "Basic"
    ],
    "level": "7",
    "hp": "60",
    "types": [
      "Lightning"
    ],
    "evolvesTo": [
      "Luxio"
    ],
    "attacks": [
      {
        "name": "Spark",
        "cost": [
          "Lightning"
        ],
        "convertedEnergyCost": 1,
        "damage": "10",
        "text": "Does 10 damage to 1 of your opponent's Benched Pokémon. (Don't apply Weakness and Resistance for Benched Pokémon.)"
      }
    ],
    "weaknesses": [
      {
        "type": "Fighting",
        "value": "+10"
      }
    ],
    "resistances": [
      {
        "type": "Metal",
        "value": "-20"
      }
    ],
    "retreatCost": [
      "Colorless"
    ],
    "convertedRetreatCost": 1,
    "number": "DP15",
    "artist": "Kagemaru Himeno",
    "rarity": "Promo",
    "flavorText": "All of its fur dazzles if danger is sensed. It flees while the foe is momentarily blinded.",
    "nationalPokedexNumbers": [
      403
    ],
    "legalities": {
      "unlimited": "Legal"
    },
    "images": {
      "small": "https://images.pokemontcg.io/dpp/DP15.png",
      "large": "https://images.pokemontcg.io/dpp/DP15_hires.png"
    }
  },
  {
    "id": "dpp-DP16",
    "name": "Pikachu",
    "supertype": "Pokémon",
    "subtypes": [
      "Basic"
    ],
    "level": "15",
    "hp": "60",
    "types": [
      "Lightning"
    ],
    "evolvesTo": [
      "Raichu"
    ],
    "abilities": [
      {
        "name": "Electro Recycle",
        "text": "Once during your turn (before your attack), if Pichu is anywhere under Pikachu, you may search your discard pile for a Lightning Energy card, show it to your opponent, and put it into your hand. This power can't be used if Pikachu is affected by a Special Condition.",
        "type": "Poké-Power"
      }
    ],
    "attacks": [
      {
        "name": "BikaBika",
        "cost": [
          "Lightning",
          "Colorless"
        ],
        "convertedEnergyCost": 2,
        "damage": "20+",
        "text": "Flip a coin. If heads, this attack does 20 damage plus 10 more damage."
      }
    ],
    "weaknesses": [
      {
        "type": "Fighting",
        "value": "+10"
      }
    ],
    "resistances": [
      {
        "type": "Metal",
        "value": "-20"
      }
    ],
    "retreatCost": [
      "Colorless"
    ],
    "convertedRetreatCost": 1,
    "number": "DP16",
    "artist": "Sumiyoshi Kizuki",
    "rarity": "Promo",
    "flavorText": "It lives in forests with others. It stores electricity in the pouches on its cheeks.",
    "nationalPokedexNumbers": [
      25
    ],
    "legalities": {
      "unlimited": "Legal"
    },
    "images": {
      "small": "https://images.pokemontcg.io/dpp/DP16.png",
      "large": "https://images.pokemontcg.io/dpp/DP16_hires.png"
    }
  },
  {
    "id": "dpp-DP17",
    "name": "Dialga LV.X",
    "supertype": "Pokémon",
    "subtypes": [
      "Level-Up"
    ],
    "level": "X",
    "hp": "110",
    "types": [
      "Metal"
    ],
    "evolvesFrom": "Dialga",
    "rules": [
      "Put this card onto your Active Dialga. Dialga LV.X can use any attack, Poké-Power, or Poké-Body from its previous level."
    ],
    "abilities": [
      {
        "name": "Time Skip",
        "text": "Once during your turn (before your attack), you may have your opponent flip 2 coins. If both of them are heads, your turn ends. If both of them are tails, after your opponent draws a card at the beginning of his or her next turn, his or her turn ends. This power can't be used if Dialga is affected by a Special Condition.",
        "type": "Poké-Power"
      }
    ],
    "attacks": [
      {
        "name": "Metal Flash",
        "cost": [
          "Metal",
          "Metal",
          "Colorless",
          "Colorless"
        ],
        "convertedEnergyCost": 4,
        "damage": "80",
        "text": "During your next turn, Dialga can't use Metal Flash."
      }
    ],
    "weaknesses": [
      {
        "type": "Fire",
        "value": "×2"
      }
    ],
    "resistances": [
      {
        "type": "Psychic",
        "value": "-20"
      }
    ],
    "retreatCost": [
      "Colorless",
      "Colorless"
    ],
    "convertedRetreatCost": 2,
    "number": "DP17",
    "artist": "Ryo Ueda",
    "rarity": "Promo",
    "nationalPokedexNumbers": [
      483
    ],
    "legalities": {
      "unlimited": "Legal"
    },
    "images": {
      "small": "https://images.pokemontcg.io/dpp/DP17.png",
      "large": "https://images.pokemontcg.io/dpp/DP17_hires.png"
    }
  },
  {
    "id": "dpp-DP18",
    "name": "Palkia LV.X",
    "supertype": "Pokémon",
    "subtypes": [
      "Level-Up"
    ],
    "level": "X",
    "hp": "120",
    "types": [
      "Water"
    ],
    "evolvesFrom": "Palkia",
    "rules": [
      "Put this card onto your Active Palkia. Palkia LV.X can use any attack, Poké-Power, or Poké-Body from its previous level."
    ],
    "abilities": [
      {
        "name": "Restructure",
        "text": "Once during your turn (before your attack), you may have your opponent switch 1 of your Active Pokémon with 1 of your Benched Pokémon. Then, you switch 1 of the Defending Pokémon with 1 of your opponent's Benched Pokémon. This power can't be used if Palkia is affected by a Special Condition.",
        "type": "Poké-Power"
      }
    ],
    "attacks": [
      {
        "name": "Hydro Reflect",
        "cost": [
          "Water",
          "Water",
          "Water"
        ],
        "convertedEnergyCost": 3,
        "damage": "60",
        "text": "You may move all Energy cards attached to Palkia to your Benched Pokémon in any way you like. (Ignore this effect if you don't have any Benched Pokémon.)"
      }
    ],
    "weaknesses": [
      {
        "type": "Lightning",
        "value": "×2"
      }
    ],
    "retreatCost": [
      "Colorless",
      "Colorless",
      "Colorless"
    ],
    "convertedRetreatCost": 3,
    "number": "DP18",
    "artist": "Ryo Ueda",
    "rarity": "Promo",
    "nationalPokedexNumbers": [
      484
    ],
    "legalities": {
      "unlimited": "Legal"
    },
    "images": {
      "small": "https://images.pokemontcg.io/dpp/DP18.png",
      "large": "https://images.pokemontcg.io/dpp/DP18_hires.png"
    }
  },
  {
    "id": "dpp-DP19",
    "name": "Darkrai LV.X",
    "supertype": "Pokémon",
    "subtypes": [
      "Level-Up"
    ],
    "level": "X",
    "hp": "100",
    "types": [
      "Darkness"
    ],
    "evolvesFrom": "Darkrai",
    "rules": [
      "Put this card onto your Active Darkrai. Darkrai LV.X can use any attack, Poké-Power, or Poké-Body from its previous level."
    ],
    "abilities": [
      {
        "name": "Dark Shadow",
        "text": "Each basic Darkness Energy card attached to your Darkness Pokémon now has the effect \"If the Pokémon Darkness Energy is attached to attacks, the attack does 10 more damage to the Active Pokémon (before applying Weakness and Resistance).\" You can't use more than 1 Dark Shadow Poké-Body each turn.",
        "type": "Poké-Body"
      }
    ],
    "attacks": [
      {
        "name": "Endless Darkness",
        "cost": [
          "Darkness",
          "Darkness",
          "Colorless"
        ],
        "convertedEnergyCost": 3,
        "damage": "40",
        "text": "The Defending Pokémon is now Asleep. Flip 2 coins instead of 1 between turns. If either of them is tails, the Defending Pokémon is still Asleep. If both of them are tails, the Defending Pokémon is Knocked Out."
      }
    ],
    "weaknesses": [
      {
        "type": "Fighting",
        "value": "×2"
      }
    ],
    "resistances": [
      {
        "type": "Psychic",
        "value": "-20"
      }
    ],
    "retreatCost": [
      "Colorless"
    ],
    "convertedRetreatCost": 1,
    "number": "DP19",
    "artist": "Shizurow",
    "rarity": "Promo",
    "nationalPokedexNumbers": [
      491
    ],
    "legalities": {
      "unlimited": "Legal"
    },
    "images": {
      "small": "https://images.pokemontcg.io/dpp/DP19.png",
      "large": "https://images.pokemontcg.io/dpp/DP19_hires.png"
    }
  },
  {
    "id": "dpp-DP20",
    "name": "Magmortar",
    "supertype": "Pokémon",
    "subtypes": [
      "Stage 1"
    ],
    "level": "48",
    "hp": "100",
    "types": [
      "Fire"
    ],
    "evolvesFrom": "Magmar",
    "attacks": [
      {
        "name": "Smoke Bomb",
        "cost": [
          "Fire",
          "Colorless"
        ],
        "convertedEnergyCost": 2,
        "damage": "30",
        "text": "If the Defending Pokémon tries to attack during your opponent's next turn, your opponent flips a coin. If tails, that attack does nothing."
      },
      {
        "name": "Flame Drum",
        "cost": [
          "Fire",
          "Fire",
          "Colorless"
        ],
        "convertedEnergyCost": 3,
        "damage": "80",
        "text": "If Magby isn't anywhere under Magmortar, discard 2 Energy cards from your hand. (If you can't discard 2 Energy cards from your hand, this attack does nothing.)"
      }
    ],
    "weaknesses": [
      {
        "type": "Water",
        "value": "+30"
      }
    ],
    "retreatCost": [
      "Colorless",
      "Colorless",
      "Colorless"
    ],
    "convertedRetreatCost": 3,
    "number": "DP20",
    "artist": "Daisuke Ito",
    "rarity": "Promo",
    "flavorText": "It blasts fireballs of over 3,600 degrees F from the ends of its arms. It lives in volcanic craters.",
    "nationalPokedexNumbers": [
      467
    ],
    "legalities": {
      "unlimited": "Legal"
    },
    "images": {
      "small": "https://images.pokemontcg.io/dpp/DP20.png",
      "large": "https://images.pokemontcg.io/dpp/DP20_hires.png"
    }
  },
  {
    "id": "dpp-DP21",
    "name": "Raichu",
    "supertype": "Pokémon",
    "subtypes": [
      "Stage 1"
    ],
    "level": "40",
    "hp": "90",
    "types": [
      "Lightning"
    ],
    "evolvesFrom": "Pikachu",
    "attacks": [
      {
        "name": "Electromagnetic Induction",
        "cost": [

        ],
        "convertedEnergyCost": 0,
        "damage": "",
        "text": "Search your deck for up to 2 Lightning Energy cards and attach them to 1 of your Pokémon. Shuffle your deck afterward."
      },
      {
        "name": "Explosive Thunder",
        "cost": [
          "Lightning",
          "Colorless"
        ],
        "convertedEnergyCost": 2,
        "damage": "30×",
        "text": "Discard all basic Lightning Energy cards attached to Raichu. This attack does 30 damage times the number of Lightning Energy cards you discarded."
      }
    ],
    "weaknesses": [
      {
        "type": "Fighting",
        "value": "+20"
      }
    ],
    "resistances": [
      {
        "type": "Metal",
        "value": "-20"
      }
    ],
    "retreatCost": [
      "Colorless"
    ],
    "convertedRetreatCost": 1,
    "number": "DP21",
    "artist": "Daisuke Ito",
    "rarity": "Promo",
    "flavorText": "It turns aggressive if it has too much electricity in its body. It discharges power through its tail.",
    "nationalPokedexNumbers": [
      26
    ],
    "legalities": {
      "unlimited": "Legal"
    },
    "images": {
      "small": "https://images.pokemontcg.io/dpp/DP21.png",
      "large": "https://images.pokemontcg.io/dpp/DP21_hires.png"
    }
  },
  {
    "id": "dpp-DP22",
    "name": "Mime Jr.",
    "supertype": "Pokémon",
    "subtypes": [
      "Basic"
    ],
    "level": "5",
    "hp": "40",
    "types": [
      "Psychic"
    ],
    "abilities": [
      {
        "name": "Baby Evolution",
        "text": "Once during your turn (before your attack), you may put Mr. Mime from your hand onto Mime Jr. (this counts as evolving Mime Jr.) and remove all damage counters from Mime Jr.",
        "type": "Poké-Power"
      }
    ],
    "attacks": [
      {
        "name": "Mime",
        "cost": [
          "Psychic"
        ],
        "convertedEnergyCost": 1,
        "damage": "",
        "text": "Shuffle your hand into your deck. Then, draw a number of cards equal to the number of cards in your opponent's hand."
      }
    ],
    "weaknesses": [
      {
        "type": "Psychic",
        "value": "+10"
      }
    ],
    "retreatCost": [
      "Colorless"
    ],
    "convertedRetreatCost": 1,
    "number": "DP22",
    "artist": "Mitsuhiro Arita",
    "rarity": "Promo",
    "flavorText": "It habitually mimics foes. Once mimicked, the foe cannot take its eyes off this Pokémon.",
    "nationalPokedexNumbers": [
      439
    ],
    "legalities": {
      "unlimited": "Legal"
    },
    "images": {
      "small": "https://images.pokemontcg.io/dpp/DP22.png",
      "large": "https://images.pokemontcg.io/dpp/DP22_hires.png"
    }
  },
  {
    "id": "dpp-DP23",
    "name": "Glameow",
    "supertype": "Pokémon",
    "subtypes": [
      "Basic"
    ],
    "level": "12",
    "hp": "50",
    "types": [
      "Colorless"
    ],
    "evolvesTo": [
      "Purugly"
    ],
    "attacks": [
      {
        "name": "Charm",
        "cost": [
          "Colorless"
        ],
        "convertedEnergyCost": 1,
        "damage": "",
        "text": "During your opponent's next turn, any damage done by attacks from the Defending Pokémon is reduced by 20 (before applying Weakness and Resistance)."
      },
      {
        "name": "Pose",
        "cost": [
          "Colorless",
          "Colorless"
        ],
        "convertedEnergyCost": 2,
        "damage": "30",
        "text": "Flip a coin. If tails, this attack does nothing."
      }
    ],
    "weaknesses": [
      {
        "type": "Fighting",
        "value": "+10"
      }
    ],
    "retreatCost": [
      "Colorless"
    ],
    "convertedRetreatCost": 1,
    "number": "DP23",
    "artist": "Mitsuhiro Arita",
    "rarity": "Promo",
    "flavorText": "It claws if displeased and purrs when affectionate. Its fickleness if very popular among some.",
    "nationalPokedexNumbers": [
      431
    ],
    "legalities": {
      "unlimited": "Legal"
    },
    "images": {
      "small": "https://images.pokemontcg.io/dpp/DP23.png",
      "large": "https://images.pokemontcg.io/dpp/DP23_hires.png"
    }
  },
  {
    "id": "dpp-DP24",
    "name": "Darkrai",
    "supertype": "Pokémon",
    "subtypes": [
      "Basic"
    ],
    "level": "50",
    "hp": "80",
    "types": [
      "Darkness"
    ],
    "rules": [
      "Enigma Berry: If Darkrai is damaged by an attack from your opponent's Fighting Pokémon, remove 4 damage counters at the end of that turn."
    ],
    "attacks": [
      {
        "name": "Spacial Rend",
        "cost": [
          "Water"
        ],
        "convertedEnergyCost": 1,
        "damage": "10",
        "text": "Search your deck for a Stadium card, show it to your opponent, and put it into your hand. Shuffle your deck afterward. If there is any Stadium card in play, discard it."
      },
      {
        "name": "Roar of Time",
        "cost": [
          "Metal",
          "Metal",
          "Metal"
        ],
        "convertedEnergyCost": 3,
        "damage": "80",
        "text": "Search your discard pile for 3 Pokémon, show them to your opponent, and put them on top of your deck. Shuffle your deck afterward. (If you don't have 3 Pokémon in your discard pile, this attack does nothing.)"
      }
    ],
    "weaknesses": [
      {
        "type": "Fighting",
        "value": "+20"
      }
    ],
    "resistances": [
      {
        "type": "Psychic",
        "value": "-20"
      }
    ],
    "retreatCost": [
      "Colorless"
    ],
    "convertedRetreatCost": 1,
    "number": "DP24",
    "artist": "Kouki Saitou",
    "rarity": "Promo",
    "nationalPokedexNumbers": [
      491
    ],
    "legalities": {
      "unlimited": "Legal"
    },
    "images": {
      "small": "https://images.pokemontcg.io/dpp/DP24.png",
      "large": "https://images.pokemontcg.io/dpp/DP24_hires.png"
    }
  },
  {
    "id": "dpp-DP25",
    "name": "Tropical Wind",
    "supertype": "Trainer",
    "subtypes": [
      "Item"
    ],
    "rules": [
      "Flip a coin. If heads, remove 2 damage counters from each Active Pokémon (remove 1 damage counter if a Pokémon has only 1). If tails, each Active Pokémon is now Asleep."
    ],
    "number": "DP25",
    "artist": "Sumiyoshi Kizuki",
    "rarity": "Promo",
    "legalities": {
      "unlimited": "Legal"
    },
    "images": {
      "small": "https://images.pokemontcg.io/dpp/DP25.png",
      "large": "https://images.pokemontcg.io/dpp/DP25_hires.png"
    }
  },
  {
    "id": "dpp-DP26",
    "name": "Dialga",
    "supertype": "Pokémon",
    "subtypes": [
      "Basic"
    ],
    "level": "68",
    "hp": "90",
    "types": [
      "Metal"
    ],
    "attacks": [
      {
        "name": "Time Bellow",
        "cost": [
          "Metal"
        ],
        "convertedEnergyCost": 1,
        "damage": "10",
        "text": "Draw a card."
      },
      {
        "name": "Flash Cannon",
        "cost": [
          "Metal",
          "Metal",
          "Colorless"
        ],
        "convertedEnergyCost": 3,
        "damage": "40",
        "text": "You may return all Energy cards attached to Dialga to your hand. If you do, remove the highest Stage Evolution card from the Defending Pokémon and shuffle that card into your opponent's deck."
      }
    ],
    "weaknesses": [
      {
        "type": "Fire",
        "value": "+20"
      }
    ],
    "resistances": [
      {
        "type": "Psychic",
        "value": "-20"
      }
    ],
    "retreatCost": [
      "Colorless",
      "Colorless"
    ],
    "convertedRetreatCost": 2,
    "number": "DP26",
    "artist": "Kazuyuki Kano",
    "rarity": "Promo",
    "flavorText": "It has the power to control time. It appears in Sinnoh-region myths as an ancient deity.",
    "nationalPokedexNumbers": [
      483
    ],
    "legalities": {
      "unlimited": "Legal"
    },
    "images": {
      "small": "https://images.pokemontcg.io/dpp/DP26.png",
      "large": "https://images.pokemontcg.io/dpp/DP26_hires.png"
    }
  },
  {
    "id": "dpp-DP27",
    "name": "Palkia",
    "supertype": "Pokémon",
    "subtypes": [
      "Basic"
    ],
    "level": "67",
    "hp": "90",
    "types": [
      "Water"
    ],
    "attacks": [
      {
        "name": "Spacial Rend",
        "cost": [
          "Water"
        ],
        "convertedEnergyCost": 1,
        "damage": "10",
        "text": "Search your deck for a Stadium card, show it to your opponent, and put it into your hand. Shuffle your deck afterward. If there is any Stadium card in play, discard it."
      },
      {
        "name": "Transback",
        "cost": [
          "Water",
          "Water",
          "Colorless"
        ],
        "convertedEnergyCost": 3,
        "damage": "40",
        "text": "You may flip a coin. If heads, discard all Energy attached to Palkia and put the Defending Pokémon and all cards attached to it on top of your opponent's deck. Your opponent shuffles his or her deck afterward."
      }
    ],
    "weaknesses": [
      {
        "type": "Lightning",
        "value": "+20"
      }
    ],
    "retreatCost": [
      "Colorless",
      "Colorless"
    ],
    "convertedRetreatCost": 2,
    "number": "DP27",
    "artist": "Daisuke Ito",
    "rarity": "Promo",
    "flavorText": "It has the ability to distort space. It is described as a deity in Sinnoh-region mythology.",
    "nationalPokedexNumbers": [
      484
    ],
    "legalities": {
      "unlimited": "Legal"
    },
    "images": {
      "small": "https://images.pokemontcg.io/dpp/DP27.png",
      "large": "https://images.pokemontcg.io/dpp/DP27_hires.png"
    }
  },
  {
    "id": "dpp-DP28",
    "name": "Mewtwo LV.X",
    "supertype": "Pokémon",
    "subtypes": [
      "Level-Up"
    ],
    "level": "X",
    "hp": "120",
    "types": [
      "Psychic"
    ],
    "evolvesFrom": "Mewtwo",
    "rules": [
      "Put this card onto your Active Mewtwo. Mewtwo LV.X can use any attack, Poké-Power, or Poké-Body from its previous level."
    ],
    "abilities": [
      {
        "name": "Psybarrier",
        "text": "Prevent all effects of attacks, including damage, done to Mewtwo by your opponent's Pokémon that isn't an Evolved Pokémon.",
        "type": "Poké-Body"
      }
    ],
    "attacks": [
      {
        "name": "Giga Burn",
        "cost": [
          "Psychic",
          "Psychic",
          "Colorless"
        ],
        "convertedEnergyCost": 3,
        "damage": "120",
        "text": "Discard all Energy attached to Mewtwo."
      }
    ],
    "weaknesses": [
      {
        "type": "Psychic",
        "value": "×2"
      }
    ],
    "retreatCost": [
      "Colorless",
      "Colorless"
    ],
    "convertedRetreatCost": 2,
    "number": "DP28",
    "artist": "Shizurow",
    "rarity": "Promo",
    "nationalPokedexNumbers": [
      150
    ],
    "legalities": {
      "unlimited": "Legal"
    },
    "images": {
      "small": "https://images.pokemontcg.io/dpp/DP28.png",
      "large": "https://images.pokemontcg.io/dpp/DP28_hires.png"
    }
  },
  {
    "id": "dpp-DP29",
    "name": "Rhyperior LV.X",
    "supertype": "Pokémon",
    "subtypes": [
      "Level-Up"
    ],
    "level": "X",
    "hp": "170",
    "types": [
      "Fighting"
    ],
    "evolvesFrom": "Rhyperior",
    "rules": [
      "Put this card onto your Active Rhyperior. Rhyperior LV.X can use any attack, Poké-Power, or Poké-Body from its previous level."
    ],
    "attacks": [
      {
        "name": "Hard Crush",
        "cost": [

        ],
        "convertedEnergyCost": 0,
        "damage": "50×",
        "text": "Discard the top 5 cards from your deck. This attack does 50 damage for each Energy card you discarded."
      },
      {
        "name": "Upthrow",
        "cost": [
          "Fighting",
          "Fighting",
          "Colorless"
        ],
        "convertedEnergyCost": 3,
        "damage": "60",
        "text": "Search your discard pile for all Fighting Energy cards, show them to your opponent, and shuffle them into your deck."
      }
    ],
    "weaknesses": [
      {
        "type": "Water",
        "value": "×2"
      }
    ],
    "resistances": [
      {
        "type": "Lightning",
        "value": "-20"
      }
    ],
    "retreatCost": [
      "Colorless",
      "Colorless",
      "Colorless",
      "Colorless"
    ],
    "convertedRetreatCost": 4,
    "number": "DP29",
    "artist": "Ryo Ueda",
    "rarity": "Promo",
    "nationalPokedexNumbers": [
      464
    ],
    "legalities": {
      "unlimited": "Legal"
    },
    "images": {
      "small": "https://images.pokemontcg.io/dpp/DP29.png",
      "large": "https://images.pokemontcg.io/dpp/DP29_hires.png"
    }
  },
  {
    "id": "dpp-DP30",
    "name": "Regigigas LV.X",
    "supertype": "Pokémon",
    "subtypes": [
      "Level-Up"
    ],
    "level": "X",
    "hp": "150",
    "types": [
      "Colorless"
    ],
    "evolvesFrom": "Regigigas",
    "rules": [
      "Put this card onto your Active Regigigas. Regigigas LV.X can use any attack, Poké-Power, or Poké-Body from its previous level."
    ],
    "abilities": [
      {
        "name": "Sacrifice",
        "text": "Once during your turn (before your attack), you may choose 1 of your Pokémon in play and that Pokémon is Knocked Out. Then, search your discard pile for up to 2 basic Energy cards, attach them to Regigigas, and remove 8 damage counters from Regigigas. This power can't be used if Regigigas is affected by a Special Condition.",
        "type": "Poké-Power"
      }
    ],
    "attacks": [
      {
        "name": "Giga Blaster",
        "cost": [
          "Water",
          "Fighting",
          "Metal",
          "Colorless"
        ],
        "convertedEnergyCost": 4,
        "damage": "100",
        "text": "Discard the top card from your opponent's deck. Then, choose 1 card from your opponent's hand without looking and discard it. Regigigas can't use Giga Blaster during your next turn."
      }
    ],
    "weaknesses": [
      {
        "type": "Fighting",
        "value": "×2"
      }
    ],
    "retreatCost": [
      "Colorless",
      "Colorless",
      "Colorless",
      "Colorless"
    ],
    "convertedRetreatCost": 4,
    "number": "DP30",
    "artist": "Shizurow",
    "rarity": "Promo",
    "nationalPokedexNumbers": [
      486
    ],
    "legalities": {
      "unlimited": "Legal"
    },
    "images": {
      "small": "https://images.pokemontcg.io/dpp/DP30.png",
      "large": "https://images.pokemontcg.io/dpp/DP30_hires.png"
    }
  },
  {
    "id": "dpp-DP31",
    "name": "Heatran LV.X",
    "supertype": "Pokémon",
    "subtypes": [
      "Level-Up"
    ],
    "level": "X",
    "hp": "120",
    "types": [
      "Fire"
    ],
    "evolvesFrom": "Heatran",
    "rules": [
      "Put this card onto your Active Heatran. Heatran LV.X can use any attack, Poké-Power, or Poké-Body from its previous level."
    ],
    "abilities": [
      {
        "name": "Heat Metal",
        "text": "Your opponent can't remove the Special Condition Burned by evolving or devolving his or her Burned Pokémon. (This also includes putting a Pokémon Level-Up card onto the Burned Pokémon.) Whenever your opponent flips a coin for the Special Condition Burned between turns, treat it as tails.",
        "type": "Poké-Body"
      },
      {
        "name": "Heat Wave",
        "text": "Once at the end of your turn, if Heatran is on your Bench, you may use this power. If you discarded basic Energy cards attached to your Fire or Metal Active Pokémon by using that Pokémon's attack this turn, attach up to 2 of those Energy cards to that Pokémon.",
        "type": "Poké-Power"
      }
    ],
    "weaknesses": [
      {
        "type": "Water",
        "value": "×2"
      }
    ],
    "retreatCost": [
      "Colorless",
      "Colorless",
      "Colorless",
      "Colorless"
    ],
    "convertedRetreatCost": 4,
    "number": "DP31",
    "artist": "Shizurow",
    "rarity": "Promo",
    "nationalPokedexNumbers": [
      485
    ],
    "legalities": {
      "unlimited": "Legal"
    },
    "images": {
      "small": "https://images.pokemontcg.io/dpp/DP31.png",
      "large": "https://images.pokemontcg.io/dpp/DP31_hires.png"
    }
  },
  {
    "id": "dpp-DP32",
    "name": "Magnezone",
    "supertype": "Pokémon",
    "subtypes": [
      "Stage 2"
    ],
    "level": "51",
    "hp": "130",
    "types": [
      "Metal"
    ],
    "evolvesFrom": "Magneton",
    "attacks": [
      {
        "name": "Mirror Shot",
        "cost": [
          "Metal",
          "Colorless"
        ],
        "convertedEnergyCost": 2,
        "damage": "40",
        "text": "If the Defending Pokémon tries to attack during your opponent's next turn, your opponent flips a coin. If tails, that attack does nothing."
      },
      {
        "name": "Magnet Slash",
        "cost": [
          "Lightning",
          "Metal",
          "Colorless",
          "Colorless"
        ],
        "convertedEnergyCost": 4,
        "damage": "100",
        "text": "Discard all Lightning Energy attached to Magnezone."
      }
    ],
    "weaknesses": [
      {
        "type": "Fire",
        "value": "+30"
      }
    ],
    "resistances": [
      {
        "type": "Psychic",
        "value": "-20"
      }
    ],
    "retreatCost": [
      "Colorless",
      "Colorless"
    ],
    "convertedRetreatCost": 2,
    "number": "DP32",
    "artist": "Kent Kanetsuna",
    "rarity": "Promo",
    "flavorText": "It evolved from exposure to a special magnetic field. Three units generate magnetism.",
    "nationalPokedexNumbers": [
      462
    ],
    "legalities": {
      "unlimited": "Legal"
    },
    "images": {
      "small": "https://images.pokemontcg.io/dpp/DP32.png",
      "large": "https://images.pokemontcg.io/dpp/DP32_hires.png"
    }
  },
  {
    "id": "dpp-DP33",
    "name": "Dusknoir",
    "supertype": "Pokémon",
    "subtypes": [
      "Stage 2"
    ],
    "level": "49",
    "hp": "130",
    "types": [
      "Psychic"
    ],
    "evolvesFrom": "Dusclops",
    "abilities": [
      {
        "name": "Dark Hide",
        "text": "Once during your turn (before your attack), you may flip a coin. If heads, look at your opponent's hand, choose a Pokémon you find there, and put it on the bottom of his or her deck. This power can't be used if Dusknoir is affected by a Special Condition.",
        "type": "Poké-Power"
      }
    ],
    "attacks": [
      {
        "name": "Reaper Pulse",
        "cost": [
          "Psychic",
          "Psychic",
          "Colorless"
        ],
        "convertedEnergyCost": 3,
        "damage": "70",
        "text": "Move up to 2 damage counters from Dusknoir to 1 of your opponent's Benched Pokémon."
      }
    ],
    "weaknesses": [
      {
        "type": "Darkness",
        "value": "+30"
      }
    ],
    "resistances": [
      {
        "type": "Colorless",
        "value": "-20"
      }
    ],
    "retreatCost": [
      "Colorless",
      "Colorless"
    ],
    "convertedRetreatCost": 2,
    "number": "DP33",
    "artist": "Kent Kanetsuna",
    "rarity": "Promo",
    "flavorText": "The antenna on its head captures radio waves from the world of spirits that command it to take people there.",
    "nationalPokedexNumbers": [
      477
    ],
    "legalities": {
      "unlimited": "Legal"
    },
    "images": {
      "small": "https://images.pokemontcg.io/dpp/DP33.png",
      "large": "https://images.pokemontcg.io/dpp/DP33_hires.png"
    }
  },
  {
    "id": "dpp-DP34",
    "name": "Drifblim",
    "supertype": "Pokémon",
    "subtypes": [
      "Stage 1"
    ],
    "level": "40",
    "hp": "80",
    "types": [
      "Psychic"
    ],
    "evolvesFrom": "Drifloon",
    "attacks": [
      {
        "name": "Wind Wave",
        "cost": [
          "Colorless"
        ],
        "convertedEnergyCost": 1,
        "damage": "",
        "text": "Search your discard pile for up to 5 in any combination of Pokémon and Supporter cards. Show them to your opponent and shuffle them into your deck."
      },
      {
        "name": "Explosive Smoke",
        "cost": [
          "Psychic",
          "Psychic",
          "Psychic"
        ],
        "convertedEnergyCost": 3,
        "damage": "60",
        "text": "Does 10 damage to each Benched Pokémon (both yours and your opponent's). (Don't apply Weakness and Resistance for Benched Pokémon.)"
      }
    ],
    "weaknesses": [
      {
        "type": "Darkness",
        "value": "+20"
      }
    ],
    "resistances": [
      {
        "type": "Colorless",
        "value": "-20"
      }
    ],
    "number": "DP34",
    "artist": "Mitsuhiro Arita",
    "rarity": "Promo",
    "flavorText": "It's drowzy in daytime, but flies off in the evening in big groups. No one knows where they go.",
    "nationalPokedexNumbers": [
      426
    ],
    "legalities": {
      "unlimited": "Legal"
    },
    "images": {
      "small": "https://images.pokemontcg.io/dpp/DP34.png",
      "large": "https://images.pokemontcg.io/dpp/DP34_hires.png"
    }
  },
  {
    "id": "dpp-DP35",
    "name": "Porygon-Z",
    "supertype": "Pokémon",
    "subtypes": [
      "Stage 2"
    ],
    "level": "56",
    "hp": "120",
    "types": [
      "Colorless"
    ],
    "evolvesFrom": "Porygon2",
    "abilities": [
      {
        "name": "Install",
        "text": "As often as you like during your turn (before your attack), move a Technical Machine card attached to 1 of your Pokémon to another of your Pokémon. This power can't be used if Porygon-Z is affected by a Special Condition.",
        "type": "Poké-Power"
      }
    ],
    "attacks": [
      {
        "name": "Learning",
        "cost": [

        ],
        "convertedEnergyCost": 0,
        "damage": "",
        "text": "Search your deck for a Pokémon LV.X that levels up from 1 of your Pokémon, and put it onto that Pokémon. (This counts as leveling up that Pokémon.) Shuffle your deck afterward."
      },
      {
        "name": "Overload",
        "cost": [
          "Colorless",
          "Colorless"
        ],
        "convertedEnergyCost": 2,
        "damage": "40+",
        "text": "Does 40 damage plus 20 more damage for each Technical Machine card attached to Porygon-Z."
      }
    ],
    "weaknesses": [
      {
        "type": "Fighting",
        "value": "+30"
      }
    ],
    "retreatCost": [
      "Colorless",
      "Colorless"
    ],
    "convertedRetreatCost": 2,
    "number": "DP35",
    "artist": "Kagemaru Himeno",
    "rarity": "Promo",
    "nationalPokedexNumbers": [
      474
    ],
    "legalities": {
      "unlimited": "Legal"
    },
    "images": {
      "small": "https://images.pokemontcg.io/dpp/DP35.png",
      "large": "https://images.pokemontcg.io/dpp/DP35_hires.png"
    }
  },
  {
    "id": "dpp-DP36",
    "name": "Gliscor",
    "supertype": "Pokémon",
    "subtypes": [
      "Stage 1"
    ],
    "level": "47",
    "hp": "90",
    "types": [
      "Fighting"
    ],
    "evolvesFrom": "Gligar",
    "abilities": [
      {
        "name": "Bind Eye",
        "text": "As long as Gliscor is your Active Pokémon, your opponent can't remove any Special Conditions by evolving or devolving his or her Pokémon. (This also includes putting a Pokémon Level-Up card onto that Pokémon.)",
        "type": "Poké-Body"
      }
    ],
    "attacks": [
      {
        "name": "Cutting Turn",
        "cost": [
          "Colorless"
        ],
        "convertedEnergyCost": 1,
        "damage": "",
        "text": "Flip a coin. If heads, put damage counters on the Defending Pokémon until it is 10HP away from being Knocked Out. If you do, shuffle Gliscor and all cards attached to it back into your deck."
      },
      {
        "name": "Friction Heat",
        "cost": [
          "Fighting"
        ],
        "convertedEnergyCost": 1,
        "damage": "20",
        "text": "The Defending Pokémon is now Burned."
      }
    ],
    "weaknesses": [
      {
        "type": "Water",
        "value": "+20"
      }
    ],
    "resistances": [
      {
        "type": "Fighting",
        "value": "-20"
      }
    ],
    "number": "DP36",
    "artist": "Kagemaru Himeno",
    "rarity": "Promo",
    "nationalPokedexNumbers": [
      472
    ],
    "legalities": {
      "unlimited": "Legal"
    },
    "images": {
      "small": "https://images.pokemontcg.io/dpp/DP36.png",
      "large": "https://images.pokemontcg.io/dpp/DP36_hires.png"
    }
  },
  {
    "id": "dpp-DP37",
    "name": "Dialga LV.X",
    "supertype": "Pokémon",
    "subtypes": [
      "Level-Up"
    ],
    "level": "X",
    "hp": "110",
    "types": [
      "Metal"
    ],
    "evolvesFrom": "Dialga",
    "rules": [
      "Put this card onto your Active Dialga. Dialga LV.X can use any attack, Poké-Power, or Poké-Body from its previous level."
    ],
    "abilities": [
      {
        "name": "Time Skip",
        "text": "Once during your turn (before your attack), you may have your opponent flip 2 coins. If both of them are heads, your turn ends. If both of them are tails, after your opponent draws a card at the beginning of his or her next turn, his or her turn ends. This power can't be used if Dialga is affected by a Special Condition.",
        "type": "Poké-Power"
      }
    ],
    "attacks": [
      {
        "name": "Metal Flash",
        "cost": [
          "Metal",
          "Metal",
          "Colorless",
          "Colorless"
        ],
        "convertedEnergyCost": 4,
        "damage": "80",
        "text": "During your next turn, Dialga can't use Metal Flash."
      }
    ],
    "weaknesses": [
      {
        "type": "Fire",
        "value": "×2"
      }
    ],
    "resistances": [
      {
        "type": "Psychic",
        "value": "-20"
      }
    ],
    "retreatCost": [
      "Colorless",
      "Colorless"
    ],
    "convertedRetreatCost": 2,
    "number": "DP37",
    "artist": "Ryo Ueda",
    "rarity": "Promo",
    "nationalPokedexNumbers": [
      483
    ],
    "legalities": {
      "unlimited": "Legal"
    },
    "images": {
      "small": "https://images.pokemontcg.io/dpp/DP37.png",
      "large": "https://images.pokemontcg.io/dpp/DP37_hires.png"
    }
  },
  {
    "id": "dpp-DP38",
    "name": "Giratina LV.X",
    "supertype": "Pokémon",
    "subtypes": [
      "Level-Up"
    ],
    "level": "X",
    "hp": "130",
    "types": [
      "Psychic"
    ],
    "evolvesFrom": "Giratina",
    "rules": [
      "Put this card onto your Active Giratina. Giratina LV.X can use any attack, Poké-Power, or Poké-Body from its previous level."
    ],
    "abilities": [
      {
        "name": "Invisible Tentacles",
        "text": "Whenever your opponent's Pokémon tries to attack, your opponent discards 1 card from his or her hand. (If your opponent can't discard 1 card, your opponent's Pokémon can't attack.) You can't use more than 1 Invisible Tentacles Poké-Body each turn.",
        "type": "Poké-Body"
      }
    ],
    "attacks": [
      {
        "name": "Darkness Lost",
        "cost": [
          "Psychic",
          "Psychic",
          "Colorless",
          "Colorless"
        ],
        "convertedEnergyCost": 4,
        "damage": "",
        "text": "This attack does 30 damage to each of your opponent's Pokémon. (Don't apply Weakness and Resistance for Benched Pokémon.) If any of your opponent's Pokémon would be Knocked Out by damage from this attack, put that Pokémon and all cards attached to it in the Lost Zone instead of discarding it."
      }
    ],
    "weaknesses": [
      {
        "type": "Darkness",
        "value": "×2"
      }
    ],
    "resistances": [
      {
        "type": "Colorless",
        "value": "-20"
      }
    ],
    "retreatCost": [
      "Colorless",
      "Colorless",
      "Colorless"
    ],
    "convertedRetreatCost": 3,
    "number": "DP38",
    "artist": "Shizurow",
    "rarity": "Promo",
    "nationalPokedexNumbers": [
      487
    ],
    "legalities": {
      "unlimited": "Legal"
    },
    "images": {
      "small": "https://images.pokemontcg.io/dpp/DP38.png",
      "large": "https://images.pokemontcg.io/dpp/DP38_hires.png"
    }
  },
  {
    "id": "dpp-DP39",
    "name": "Shaymin LV.X",
    "supertype": "Pokémon",
    "subtypes": [
      "Level-Up"
    ],
    "level": "X",
    "hp": "110",
    "types": [
      "Grass"
    ],
    "evolvesFrom": "Shaymin",
    "rules": [
      "Put this card onto your Active Shaymin. Shaymin LV.X can use any attack, Poké-Power, or Poké-Body from its previous level."
    ],
    "abilities": [
      {
        "name": "Revenge Seed",
        "text": "If any of your Grass Pokémon were Knocked Out by damage from an opponent's attack during his or her last turn, each of Shaymin's attacks does 60 more damage to the Active Pokémon (before applying Weakness and Resistance).",
        "type": "Poké-Body"
      }
    ],
    "attacks": [
      {
        "name": "Energy Flare",
        "cost": [
          "Grass",
          "Colorless"
        ],
        "convertedEnergyCost": 2,
        "damage": "50",
        "text": "You may move any number of Energy cards attached to your Pokémon to your other Pokémon in any way you like."
      }
    ],
    "weaknesses": [
      {
        "type": "Fire",
        "value": "×2"
      }
    ],
    "resistances": [
      {
        "type": "Fighting",
        "value": "-20"
      }
    ],
    "number": "DP39",
    "artist": "Shizurow",
    "rarity": "Promo",
    "nationalPokedexNumbers": [
      492
    ],
    "legalities": {
      "unlimited": "Legal"
    },
    "images": {
      "small": "https://images.pokemontcg.io/dpp/DP39.png",
      "large": "https://images.pokemontcg.io/dpp/DP39_hires.png"
    }
  },
  {
    "id": "dpp-DP40",
    "name": "Regigigas",
    "supertype": "Pokémon",
    "subtypes": [
      "Basic"
    ],
    "level": "46",
    "hp": "100",
    "types": [
      "Colorless"
    ],
    "attacks": [
      {
        "name": "Drag Off",
        "cost": [
          "Colorless",
          "Colorless",
          "Colorless"
        ],
        "convertedEnergyCost": 3,
        "damage": "30",
        "text": "Before doing damage, you may choose 1 of your opponent's Benched Pokémon and switch it with the Defending Pokémon."
      },
      {
        "name": "Giga Hammer",
        "cost": [
          "Colorless",
          "Colorless",
          "Colorless",
          "Colorless"
        ],
        "convertedEnergyCost": 4,
        "damage": "80",
        "text": "Regigigas can't use Giga Hammer during your next turn."
      }
    ],
    "weaknesses": [
      {
        "type": "Fighting",
        "value": "×2"
      }
    ],
    "retreatCost": [
      "Colorless",
      "Colorless",
      "Colorless",
      "Colorless"
    ],
    "convertedRetreatCost": 4,
    "number": "DP40",
    "artist": "Kagemaru Himeno",
    "rarity": "Promo",
    "flavorText": "There is an enduring legend that states this Pokémon towed continents with ropes.",
    "nationalPokedexNumbers": [
      486
    ],
    "legalities": {
      "unlimited": "Legal"
    },
    "images": {
      "small": "https://images.pokemontcg.io/dpp/DP40.png",
      "large": "https://images.pokemontcg.io/dpp/DP40_hires.png"
    }
  },
  {
    "id": "dpp-DP41",
    "name": "Toxicroak G",
    "supertype": "Pokémon",
    "subtypes": [
      "Basic",
      "SP"
    ],
    "level": "45",
    "hp": "90",
    "types": [
      "Fighting"
    ],
    "abilities": [
      {
        "name": "Leap Away",
        "text": "Once during your turn (before your attack), if Toxicroak G is your Active Pokémon, you may flip a coin. If heads, return Toxicroak G and all cards attached to it to your hand. This power can't be used if Toxicroak G is affected by a Special Condition.",
        "type": "Poké-Power"
      }
    ],
    "attacks": [
      {
        "name": "Poison Revenge",
        "cost": [
          "Psychic",
          "Colorless"
        ],
        "convertedEnergyCost": 2,
        "damage": "20+",
        "text": "If any of your Pokémon were Knocked Out by damage from an opponent's attack during his or her last turn, this attack does 20 damage plus 40 more damage and the Defending Pokémon is now Poisoned."
      }
    ],
    "weaknesses": [
      {
        "type": "Psychic",
        "value": "×2"
      }
    ],
    "retreatCost": [
      "Colorless",
      "Colorless"
    ],
    "convertedRetreatCost": 2,
    "number": "DP41",
    "artist": "Ryota Saito",
    "rarity": "Promo",
    "nationalPokedexNumbers": [
      454
    ],
    "legalities": {
      "unlimited": "Legal"
    },
    "images": {
      "small": "https://images.pokemontcg.io/dpp/DP41.png",
      "large": "https://images.pokemontcg.io/dpp/DP41_hires.png"
    }
  },
  {
    "id": "dpp-DP42",
    "name": "Carnivine G",
    "supertype": "Pokémon",
    "subtypes": [
      "Basic",
      "SP"
    ],
    "level": "43",
    "hp": "80",
    "types": [
      "Grass"
    ],
    "attacks": [
      {
        "name": "Power Whip",
        "cost": [
          "Colorless"
        ],
        "convertedEnergyCost": 1,
        "damage": "",
        "text": "Choose 1 of your opponent's Pokémon. This attack does 10 damage for each Energy attached to Carnivine G to that Pokémon. (Don't apply Weakness and Resistance for Benched Pokémon.)"
      },
      {
        "name": "Grass Knot",
        "cost": [
          "Grass",
          "Colorless"
        ],
        "convertedEnergyCost": 2,
        "damage": "20+",
        "text": "Does 20 damage plus 10 more damage for each Colorless Energy in the Defending Pokémon's Retreat Cost (after applying effects to the Retreat Cost)."
      }
    ],
    "weaknesses": [
      {
        "type": "Fire",
        "value": "×2"
      }
    ],
    "resistances": [
      {
        "type": "Water",
        "value": "-20"
      }
    ],
    "retreatCost": [
      "Colorless"
    ],
    "convertedRetreatCost": 1,
    "number": "DP42",
    "artist": "Makoto Imai",
    "rarity": "Promo",
    "nationalPokedexNumbers": [
      455
    ],
    "legalities": {
      "unlimited": "Legal"
    },
    "images": {
      "small": "https://images.pokemontcg.io/dpp/DP42.png",
      "large": "https://images.pokemontcg.io/dpp/DP42_hires.png"
    }
  },
  {
    "id": "dpp-DP43",
    "name": "Probopass G",
    "supertype": "Pokémon",
    "subtypes": [
      "Basic",
      "SP"
    ],
    "level": "53",
    "hp": "90",
    "types": [
      "Fighting"
    ],
    "attacks": [
      {
        "name": "Nose Unit",
        "cost": [
          "Metal",
          "Colorless"
        ],
        "convertedEnergyCost": 2,
        "damage": "",
        "text": "This attack does 20 damage to each of your opponent's Pokémon that has any Poké-Bodies. (Don't apply Weakness and Resistance for Benched Pokémon.)"
      },
      {
        "name": "Loud Snort",
        "cost": [
          "Metal",
          "Colorless",
          "Colorless",
          "Colorless"
        ],
        "convertedEnergyCost": 4,
        "damage": "70",
        "text": "Probopass G's Retreat Cost is 0 until the end of your next turn."
      }
    ],
    "weaknesses": [
      {
        "type": "Water",
        "value": "×2"
      }
    ],
    "retreatCost": [
      "Colorless",
      "Colorless",
      "Colorless"
    ],
    "convertedRetreatCost": 3,
    "number": "DP43",
    "artist": "Ryota Saito",
    "rarity": "Promo",
    "nationalPokedexNumbers": [
      476
    ],
    "legalities": {
      "unlimited": "Legal"
    },
    "images": {
      "small": "https://images.pokemontcg.io/dpp/DP43.png",
      "large": "https://images.pokemontcg.io/dpp/DP43_hires.png"
    }
  },
  {
    "id": "dpp-DP44",
    "name": "Magnezone",
    "supertype": "Pokémon",
    "subtypes": [
      "Stage 2"
    ],
    "level": "53",
    "hp": "130",
    "types": [
      "Lightning"
    ],
    "evolvesFrom": "Magneton",
    "attacks": [
      {
        "name": "Charge Beam",
        "cost": [
          "Lightning"
        ],
        "convertedEnergyCost": 1,
        "damage": "30",
        "text": "Search your discard pile for an Energy card and attach it to Magnezone."
      },
      {
        "name": "Metallic Bolt",
        "cost": [
          "Lightning",
          "Metal",
          "Colorless",
          "Colorless"
        ],
        "convertedEnergyCost": 4,
        "damage": "60",
        "text": "You may discard a Lightning Energy and a Metal Energy attached to Magnezone. If you do, this attack's base damage is 120 instead of 60."
      }
    ],
    "weaknesses": [
      {
        "type": "Fighting",
        "value": "+30"
      }
    ],
    "resistances": [
      {
        "type": "Metal",
        "value": "-20"
      }
    ],
    "retreatCost": [
      "Colorless",
      "Colorless"
    ],
    "convertedRetreatCost": 2,
    "number": "DP44",
    "artist": "Kagemaru Himeno",
    "rarity": "Promo",
    "flavorText": "It evolved from exposure to a special magnetic field. Three units generate magnetism.",
    "nationalPokedexNumbers": [
      462
    ],
    "legalities": {
      "unlimited": "Legal"
    },
    "images": {
      "small": "https://images.pokemontcg.io/dpp/DP44.png",
      "large": "https://images.pokemontcg.io/dpp/DP44_hires.png"
    }
  },
  {
    "id": "dpp-DP45",
    "name": "Charizard G LV.X",
    "supertype": "Pokémon",
    "subtypes": [
      "Level-Up",
      "SP"
    ],
    "level": "X",
    "hp": "120",
    "types": [
      "Fire"
    ],
    "evolvesFrom": "Charizard G",
    "rules": [
      "Put this card onto your Active Charizard G. Charizard G LV.X can use any attack, Poké-Power, or Poké-Body from its previous level."
    ],
    "abilities": [
      {
        "name": "Call for Power",
        "text": "As often as you like during your turn (before your attack), you may move an Energy attached to 1 of your Pokémon to Charizard G. This power can't be used if Charizard G is affected by a Special Condition.",
        "type": "Poké-Power"
      }
    ],
    "attacks": [
      {
        "name": "Malevolent Fire",
        "cost": [
          "Fire",
          "Fire",
          "Colorless",
          "Colorless",
          "Colorless"
        ],
        "convertedEnergyCost": 5,
        "damage": "150",
        "text": "Flip a coin. If tails, discard all Energy attached to Charizard G."
      }
    ],
    "weaknesses": [
      {
        "type": "Water",
        "value": "×2"
      }
    ],
    "resistances": [
      {
        "type": "Fighting",
        "value": "-20"
      }
    ],
    "retreatCost": [
      "Colorless",
      "Colorless",
      "Colorless"
    ],
    "convertedRetreatCost": 3,
    "number": "DP45",
    "artist": "Wataru Kawahara",
    "rarity": "Promo",
    "nationalPokedexNumbers": [
      6
    ],
    "legalities": {
      "unlimited": "Legal"
    },
    "images": {
      "small": "https://images.pokemontcg.io/dpp/DP45.png",
      "large": "https://images.pokemontcg.io/dpp/DP45_hires.png"
    }
  },
  {
    "id": "dpp-DP46",
    "name": "Garchomp C LV.X",
    "supertype": "Pokémon",
    "subtypes": [
      "Level-Up",
      "SP"
    ],
    "level": "X",
    "hp": "110",
    "types": [
      "Colorless"
    ],
    "evolvesFrom": "Garchomp C",
    "rules": [
      "Put this card onto your Active Garchomp C. Garchomp C LV.X can use any attack, Poké-Power, or Poké-Body from its previous level."
    ],
    "abilities": [
      {
        "name": "Healing Breath",
        "text": "Once during your turn (before your attack), when you put Garchomp C LV.X from your hand onto your Active Garchomp C, you may remove all damage counters from each of your Pokémon SP.",
        "type": "Poké-Power"
      }
    ],
    "attacks": [
      {
        "name": "Dragon Rush",
        "cost": [
          "Colorless",
          "Colorless",
          "Colorless"
        ],
        "convertedEnergyCost": 3,
        "damage": "",
        "text": "Discard 2 Energy attached to Garchomp C. Choose 1 of your opponent's Pokémon. This attack does 80 damage to that Pokémon. (Don't apply Weakness and Resistance for Benched Pokémon.) Garchomp C can't use Dragon Rush during your next turn."
      }
    ],
    "weaknesses": [
      {
        "type": "Colorless",
        "value": "×2"
      }
    ],
    "number": "DP46",
    "artist": "Shizurow",
    "rarity": "Promo",
    "nationalPokedexNumbers": [
      445
    ],
    "legalities": {
      "unlimited": "Legal"
    },
    "images": {
      "small": "https://images.pokemontcg.io/dpp/DP46.png",
      "large": "https://images.pokemontcg.io/dpp/DP46_hires.png"
    }
  },
  {
    "id": "dpp-DP47",
    "name": "Rayquaza C LV.X",
    "supertype": "Pokémon",
    "subtypes": [
      "Level-Up",
      "SP"
    ],
    "level": "X",
    "hp": "120",
    "types": [
      "Colorless"
    ],
    "evolvesFrom": "Rayquaza C",
    "rules": [
      "Put this card onto your Active Rayquaza C. Rayquaza C LV.X can use any attack, Poké-Power, or Poké-Body from its previous level."
    ],
    "abilities": [
      {
        "name": "Dragon Spirit",
        "text": "If Rayquaza C is your Active Pokémon and is damaged but not Knocked Out by an opponent's attack, you may search your discard pile for an Energy card and attach it to Rayquaza C.",
        "type": "Poké-Body"
      }
    ],
    "attacks": [
      {
        "name": "Final Blowup",
        "cost": [
          "Water",
          "Psychic",
          "Fighting",
          "Colorless"
        ],
        "convertedEnergyCost": 4,
        "damage": "200",
        "text": "Discard all Energy attached to Rayquaza C. Ignore this effect if you have no cards in your hand."
      }
    ],
    "weaknesses": [
      {
        "type": "Colorless",
        "value": "×2"
      }
    ],
    "resistances": [
      {
        "type": "Fighting",
        "value": "-20"
      }
    ],
    "retreatCost": [
      "Colorless",
      "Colorless",
      "Colorless"
    ],
    "convertedRetreatCost": 3,
    "number": "DP47",
    "artist": "Shizurow",
    "rarity": "Promo",
    "nationalPokedexNumbers": [
      384
    ],
    "legalities": {
      "unlimited": "Legal"
    },
    "images": {
      "small": "https://images.pokemontcg.io/dpp/DP47.png",
      "large": "https://images.pokemontcg.io/dpp/DP47_hires.png"
    }
  },
  {
    "id": "dpp-DP48",
    "name": "Tropical Wind",
    "supertype": "Trainer",
    "subtypes": [
      "Item"
    ],
    "rules": [
      "Flip a coin. If heads, remove 2 damage counters from each Active Pokémon (remove 1 damage counter if a Pokémon has only 1). If tails, each Active Pokémon is now Asleep."
    ],
    "number": "DP48",
    "artist": "Sumiyoshi Kizuki",
    "rarity": "Promo",
    "legalities": {
      "unlimited": "Legal"
    },
    "images": {
      "small": "https://images.pokemontcg.io/dpp/DP48.png",
      "large": "https://images.pokemontcg.io/dpp/DP48_hires.png"
    }
  },
  {
    "id": "dpp-DP49",
    "name": "Dialga",
    "supertype": "Pokémon",
    "subtypes": [
      "Basic"
    ],
    "level": "69",
    "hp": "100",
    "types": [
      "Metal"
    ],
    "attacks": [
      {
        "name": "Time Call",
        "cost": [
          "Metal"
        ],
        "convertedEnergyCost": 1,
        "damage": "",
        "text": "Search your deck for a card that evolves from 1 of your Pokémon and put it onto that Pokémon. (This counts as evolving that Pokémon.) Shuffle your deck afterward."
      },
      {
        "name": "Time Wager",
        "cost": [
          "Metal",
          "Colorless",
          "Colorless"
        ],
        "convertedEnergyCost": 3,
        "damage": "100",
        "text": "Flip 2 coins. If either of them is tails, this attack's base damage is 50 instead of 100."
      }
    ],
    "weaknesses": [
      {
        "type": "Fire",
        "value": "×2"
      }
    ],
    "resistances": [
      {
        "type": "Psychic",
        "value": "-20"
      }
    ],
    "retreatCost": [
      "Colorless",
      "Colorless"
    ],
    "convertedRetreatCost": 2,
    "number": "DP49",
    "artist": "Kagemaru Himeno",
    "rarity": "Promo",
    "flavorText": "It has the power to control time. It appears in Sinnoh-region myths as an ancient deity.",
    "nationalPokedexNumbers": [
      483
    ],
    "legalities": {
      "unlimited": "Legal"
    },
    "images": {
      "small": "https://images.pokemontcg.io/dpp/DP49.png",
      "large": "https://images.pokemontcg.io/dpp/DP49_hires.png"
    }
  },
  {
    "id": "dpp-DP50",
    "name": "Arceus",
    "supertype": "Pokémon",
    "subtypes": [
      "Basic"
    ],
    "level": "100",
    "hp": "90",
    "types": [
      "Colorless"
    ],
    "rules": [
      "You may have as many of this card in your deck as you like."
    ],
    "attacks": [
      {
        "name": "Judgment",
        "cost": [
          "Colorless",
          "Colorless",
          "Colorless",
          "Colorless"
        ],
        "convertedEnergyCost": 4,
        "damage": "80",
        "text": "Discard all Energy cards attached to Arceus and this attack does 10 damage to each of your opponent's Benched Pokémon. (Don't apply Weakness and Resistance for Benched Pokémon.)"
      }
    ],
    "weaknesses": [
      {
        "type": "Fighting",
        "value": "×2"
      }
    ],
    "retreatCost": [
      "Colorless",
      "Colorless"
    ],
    "convertedRetreatCost": 2,
    "number": "DP50",
    "artist": "Kunihiko Yuyama",
    "rarity": "Promo",
    "flavorText": "It is said to have emerged from an egg in a place where there was nothing, then shaped the world.",
    "nationalPokedexNumbers": [
      493
    ],
    "legalities": {
      "unlimited": "Legal"
    },
    "images": {
      "small": "https://images.pokemontcg.io/dpp/DP50.png",
      "large": "https://images.pokemontcg.io/dpp/DP50_hires.png"
    }
  },
  {
    "id": "dpp-DP51",
    "name": "Cresselia",
    "supertype": "Pokémon",
    "subtypes": [
      "Basic"
    ],
    "level": "62",
    "hp": "90",
    "types": [
      "Psychic"
    ],
    "abilities": [
      {
        "name": "Lunar Aura",
        "text": "If you have Darkrai in play, remove 1 damage counter from Cresselia between turns.",
        "type": "Poké-Body"
      }
    ],
    "attacks": [
      {
        "name": "Lunar Flight",
        "cost": [
          "Psychic",
          "Psychic",
          "Colorless"
        ],
        "convertedEnergyCost": 3,
        "damage": "80-",
        "text": "Does 80 damage minus 10 damage for each damage counter on Cresselia."
      }
    ],
    "weaknesses": [
      {
        "type": "Psychic",
        "value": "×2"
      }
    ],
    "retreatCost": [
      "Colorless",
      "Colorless"
    ],
    "convertedRetreatCost": 2,
    "number": "DP51",
    "artist": "Wataru Kawahara",
    "rarity": "Promo",
    "flavorText": "On nights around the quarter moon, the aurora from its tail extends and undulates beautifully.",
    "nationalPokedexNumbers": [
      488
    ],
    "legalities": {
      "unlimited": "Legal"
    },
    "images": {
      "small": "https://images.pokemontcg.io/dpp/DP51.png",
      "large": "https://images.pokemontcg.io/dpp/DP51_hires.png"
    }
  },
  {
    "id": "dpp-DP52",
    "name": "Darkrai",
    "supertype": "Pokémon",
    "subtypes": [
      "Basic"
    ],
    "level": "61",
    "hp": "90",
    "types": [
      "Darkness"
    ],
    "abilities": [
      {
        "name": "Darkness Aura",
        "text": "If you have Cresselia in play, each of Darkrai's attack does 20 more damage to the Defending Pokémon (before applying Weakness and Resistance).",
        "type": "Poké-Body"
      }
    ],
    "attacks": [
      {
        "name": "Hypnoblast",
        "cost": [
          "Darkness",
          "Darkness",
          "Colorless"
        ],
        "convertedEnergyCost": 3,
        "damage": "60",
        "text": "Flip a coin. If heads, the Defending Pokémon is now Asleep."
      }
    ],
    "weaknesses": [
      {
        "type": "Fighting",
        "value": "×2"
      }
    ],
    "resistances": [
      {
        "type": "Psychic",
        "value": "-20"
      }
    ],
    "retreatCost": [
      "Colorless",
      "Colorless"
    ],
    "convertedRetreatCost": 2,
    "number": "DP52",
    "artist": "Wataru Kawahara",
    "rarity": "Promo",
    "flavorText": "To protect itself, it afflicts those around it with nightmares. However, it means no harm.",
    "nationalPokedexNumbers": [
      491
    ],
    "legalities": {
      "unlimited": "Legal"
    },
    "images": {
      "small": "https://images.pokemontcg.io/dpp/DP52.png",
      "large": "https://images.pokemontcg.io/dpp/DP52_hires.png"
    }
  },
  {
    "id": "dpp-DP53",
    "name": "Arceus LV.X",
    "supertype": "Pokémon",
    "subtypes": [
      "Level-Up"
    ],
    "level": "X",
    "hp": "120",
    "types": [
      "Colorless"
    ],
    "evolvesFrom": "Arceus",
    "rules": [
      "You may have as many of this card in your deck as you like.",
      "Put this card onto your Active Arceus. Arceus LV.X can use any attack, Poké-Power, or Poké-Body from its previous level."
    ],
    "abilities": [
      {
        "name": "Multitype",
        "text": "Arceus LV. X's type is the same type as its previous Level.",
        "type": "Poké-Body"
      },
      {
        "name": "Omniscient",
        "text": "Arceus can use the attacks of all Arceus you have in play as its own. (You still need the necessary Energy to use each attack.)",
        "type": "Poké-Body"
      }
    ],
    "retreatCost": [
      "Colorless"
    ],
    "convertedRetreatCost": 1,
    "number": "DP53",
    "artist": "Shizurow",
    "rarity": "Promo",
    "nationalPokedexNumbers": [
      493
    ],
    "legalities": {
      "unlimited": "Legal"
    },
    "images": {
      "small": "https://images.pokemontcg.io/dpp/DP53.png",
      "large": "https://images.pokemontcg.io/dpp/DP53_hires.png"
    }
  },
  {
    "id": "dpp-DP54",
    "name": "Beginning Door",
    "supertype": "Trainer",
    "subtypes": [
      "Item"
    ],
    "rules": [
      "Search your deck for Arceus, show it to your opponent, and put it into your hand. Shuffle your deck afterward."
    ],
    "number": "DP54",
    "artist": "Ryo Ueda",
    "rarity": "Promo",
    "legalities": {
      "unlimited": "Legal"
    },
    "images": {
      "small": "https://images.pokemontcg.io/dpp/DP54.png",
      "large": "https://images.pokemontcg.io/dpp/DP54_hires.png"
    }
  },
  {
    "id": "dpp-DP55",
    "name": "Ultimate Zone",
    "supertype": "Trainer",
    "subtypes": [
      "Stadium"
    ],
    "rules": [
      "This card stays in play when you play it. Discard this card if another Stadium card comes into play. If another card with the same name is in play, you can't play this card.",
      "During each player's turn, the player may move an Energy card attached to 1 of his or her Benched Pokémon to his or her Active Arceus as often as he or she likes."
    ],
    "number": "DP55",
    "artist": "Yusuke Ishikawa",
    "rarity": "Promo",
    "legalities": {
      "unlimited": "Legal"
    },
    "images": {
      "small": "https://images.pokemontcg.io/dpp/DP55.png",
      "large": "https://images.pokemontcg.io/dpp/DP55_hires.png"
    }
  },
  {
    "id": "dpp-DP56",
    "name": "Arceus LV.X",
    "supertype": "Pokémon",
    "subtypes": [
      "Level-Up"
    ],
    "level": "X",
    "hp": "120",
    "types": [
      "Colorless"
    ],
    "evolvesFrom": "Arceus",
    "rules": [
      "You may have as many of this card in your deck as you like.",
      "Put this card onto your Active Arceus. Arceus LV.X can use any attack, Poké-Power, or Poké-Body from its previous level."
    ],
    "abilities": [
      {
        "name": "Multitype",
        "text": "Arceus LV.X's type is the same as its previous Level.",
        "type": "Poké-Body"
      }
    ],
    "attacks": [
      {
        "name": "Meteor Blast",
        "cost": [
          "Grass",
          "Fire",
          "Colorless"
        ],
        "convertedEnergyCost": 3,
        "damage": "100",
        "text": "Flip a coin. If tails, this attack's base damage is 50 instead of 100."
      }
    ],
    "retreatCost": [
      "Colorless"
    ],
    "convertedRetreatCost": 1,
    "number": "DP56",
    "artist": "Ryo Ueda",
    "rarity": "Promo",
    "nationalPokedexNumbers": [
      493
    ],
    "legalities": {
      "unlimited": "Legal"
    },
    "images": {
      "small": "https://images.pokemontcg.io/dpp/DP56.png",
      "large": "https://images.pokemontcg.io/dpp/DP56_hires.png"
    }
  }
]
