[
  {
    "id": "hsp-HGSS01",
    "name": "Ho-Oh",
    "supertype": "Pokémon",
    "subtypes": [
      "Basic"
    ],
    "hp": "80",
    "types": [
      "Fire"
    ],
    "attacks": [
      {
        "name": "Combustion",
        "cost": [
          "Fire"
        ],
        "convertedEnergyCost": 1,
        "damage": "20",
        "text": ""
      },
      {
        "name": "Sacred Fire",
        "cost": [
          "Fire",
          "Fire",
          "Colorless",
          "Colorless"
        ],
        "convertedEnergyCost": 4,
        "damage": "",
        "text": "Flip a coin. If heads, choose 1 of your opponent's Pokémon. This attack does 80 damage to that Pokémon. This attack's damage isn't affected by Weakness or Resistance."
      }
    ],
    "weaknesses": [
      {
        "type": "Water",
        "value": "×2"
      }
    ],
    "resistances": [
      {
        "type": "Fighting",
        "value": "-20"
      }
    ],
    "retreatCost": [
      "Colorless",
      "Colorless",
      "Colorless"
    ],
    "convertedRetreatCost": 3,
    "number": "HGSS01",
    "artist": "Takashi Yamaguchi",
    "rarity": "Promo",
    "flavorText": "A legend says that its body glows in seven colors. A rainbow is said to form behind when it flies.",
    "nationalPokedexNumbers": [
      250
    ],
    "legalities": {
      "unlimited": "Legal"
    },
    "images": {
      "small": "https://images.pokemontcg.io/hsp/HGSS01.png",
      "large": "https://images.pokemontcg.io/hsp/HGSS01_hires.png"
    }
  },
  {
    "id": "hsp-HGSS02",
    "name": "Lugia",
    "supertype": "Pokémon",
    "subtypes": [
      "Basic"
    ],
    "hp": "90",
    "types": [
      "Water"
    ],
    "attacks": [
      {
        "name": "Wave Splash",
        "cost": [
          "Water"
        ],
        "convertedEnergyCost": 1,
        "damage": "20",
        "text": ""
      },
      {
        "name": "Aeroblast",
        "cost": [
          "Water",
          "Water",
          "Colorless",
          "Colorless"
        ],
        "convertedEnergyCost": 4,
        "damage": "50+",
        "text": "Flip 2 coins. This attack does 50 damage plus 20 more damage for each heads."
      }
    ],
    "weaknesses": [
      {
        "type": "Lightning",
        "value": "×2"
      }
    ],
    "resistances": [
      {
        "type": "Fighting",
        "value": "-20"
      }
    ],
    "retreatCost": [
      "Colorless",
      "Colorless"
    ],
    "convertedRetreatCost": 2,
    "number": "HGSS02",
    "artist": "Takashi Yamaguchi",
    "rarity": "Promo",
    "flavorText": "It is said that it quietly spends its time deep at the bottom of the sea because its powers are too strong.",
    "nationalPokedexNumbers": [
      249
    ],
    "legalities": {
      "unlimited": "Legal"
    },
    "images": {
      "small": "https://images.pokemontcg.io/hsp/HGSS02.png",
      "large": "https://images.pokemontcg.io/hsp/HGSS02_hires.png"
    }
  },
  {
    "id": "hsp-HGSS03",
    "name": "Pikachu",
    "supertype": "Pokémon",
    "subtypes": [
      "Basic"
    ],
    "hp": "70",
    "types": [
      "Lightning"
    ],
    "evolvesTo": [
      "Raichu"
    ],
    "attacks": [
      {
        "name": "Recharge",
        "cost": [
          "Colorless"
        ],
        "convertedEnergyCost": 1,
        "damage": "",
        "text": "Flip a coin. If heads, search your deck for a Lightning Energy card and attach it to Pikachu. Shuffle your deck afterward."
      },
      {
        "name": "Thunderbolt",
        "cost": [
          "Lightning",
          "Lightning",
          "Colorless",
          "Colorless"
        ],
        "convertedEnergyCost": 4,
        "damage": "100",
        "text": "Discard all Energy attached to Pikachu."
      }
    ],
    "weaknesses": [
      {
        "type": "Fighting",
        "value": "+10"
      }
    ],
    "resistances": [
      {
        "type": "Metal",
        "value": "-20"
      }
    ],
    "retreatCost": [
      "Colorless"
    ],
    "convertedRetreatCost": 1,
    "number": "HGSS03",
    "artist": "Kanako Eo",
    "rarity": "Promo",
    "flavorText": "It occasionally uses an electric shock to recharge a fellow Pikachu that is in a weakened state.",
    "nationalPokedexNumbers": [
      25
    ],
    "legalities": {
      "unlimited": "Legal"
    },
    "images": {
      "small": "https://images.pokemontcg.io/hsp/HGSS03.png",
      "large": "https://images.pokemontcg.io/hsp/HGSS03_hires.png"
    }
  },
  {
    "id": "hsp-HGSS04",
    "name": "Wobbuffet",
    "supertype": "Pokémon",
    "subtypes": [
      "Basic"
    ],
    "hp": "90",
    "types": [
      "Psychic"
    ],
    "abilities": [
      {
        "name": "Tenacious Bind",
        "text": "As long as Wobbuffet is your Active Pokémon, your opponent's Active Pokémon's Retreat Cost is ColorlessColorless more.",
        "type": "Poké-Body"
      }
    ],
    "attacks": [
      {
        "name": "Trip Over",
        "cost": [
          "Psychic",
          "Colorless"
        ],
        "convertedEnergyCost": 2,
        "damage": "20+",
        "text": "Flip a coin. If heads, this attack does 20 damage plus 30 more damage."
      }
    ],
    "weaknesses": [
      {
        "type": "Psychic",
        "value": "×2"
      }
    ],
    "retreatCost": [
      "Colorless",
      "Colorless",
      "Colorless"
    ],
    "convertedRetreatCost": 3,
    "number": "HGSS04",
    "artist": "match",
    "rarity": "Promo",
    "flavorText": "To keep its pitch-black tail hidden, it lives quietly in the darkness. It is never first to attack.",
    "nationalPokedexNumbers": [
      202
    ],
    "legalities": {
      "unlimited": "Legal"
    },
    "images": {
      "small": "https://images.pokemontcg.io/hsp/HGSS04.png",
      "large": "https://images.pokemontcg.io/hsp/HGSS04_hires.png"
    }
  },
  {
    "id": "hsp-HGSS05",
    "name": "Hoothoot",
    "supertype": "Pokémon",
    "subtypes": [
      "Basic"
    ],
    "hp": "50",
    "types": [
      "Colorless"
    ],
    "evolvesTo": [
      "Noctowl"
    ],
    "abilities": [
      {
        "name": "Insomnia",
        "text": "Hoothoot can't be Asleep.",
        "type": "Poké-Body"
      }
    ],
    "attacks": [
      {
        "name": "Peck",
        "cost": [
          "Colorless"
        ],
        "convertedEnergyCost": 1,
        "damage": "10",
        "text": ""
      }
    ],
    "weaknesses": [
      {
        "type": "Lightning",
        "value": "×2"
      }
    ],
    "resistances": [
      {
        "type": "Fighting",
        "value": "-20"
      }
    ],
    "retreatCost": [
      "Colorless"
    ],
    "convertedRetreatCost": 1,
    "number": "HGSS05",
    "artist": "Masakazu Fukuda",
    "rarity": "Promo",
    "flavorText": "It has a perfect sense of time. Whatever happens, it keeps rhythm by precisely tilting its head in time.",
    "nationalPokedexNumbers": [
      163
    ],
    "legalities": {
      "unlimited": "Legal"
    },
    "images": {
      "small": "https://images.pokemontcg.io/hsp/HGSS05.png",
      "large": "https://images.pokemontcg.io/hsp/HGSS05_hires.png"
    }
  },
  {
    "id": "hsp-HGSS06",
    "name": "Noctowl",
    "supertype": "Pokémon",
    "subtypes": [
      "Stage 1"
    ],
    "hp": "90",
    "types": [
      "Colorless"
    ],
    "evolvesFrom": "Hoothoot",
    "abilities": [
      {
        "name": "Night Scope",
        "text": "Once during your turn (before your attack), you may look at your opponent's hand. This power can't be used if Noctowl is affected by a Special Condition.",
        "type": "Poké-Power"
      }
    ],
    "attacks": [
      {
        "name": "Hypnoblast",
        "cost": [
          "Colorless",
          "Colorless",
          "Colorless"
        ],
        "convertedEnergyCost": 3,
        "damage": "30",
        "text": "The Defending Pokémon is now Asleep."
      }
    ],
    "weaknesses": [
      {
        "type": "Lightning",
        "value": "×2"
      }
    ],
    "resistances": [
      {
        "type": "Fighting",
        "value": "-20"
      }
    ],
    "retreatCost": [
      "Colorless"
    ],
    "convertedRetreatCost": 1,
    "number": "HGSS06",
    "artist": "Masakazu Fukuda",
    "rarity": "Promo",
    "flavorText": "When it needs to think, it rotates its head 180 degrees to sharpen its intellectual power.",
    "nationalPokedexNumbers": [
      164
    ],
    "legalities": {
      "unlimited": "Legal"
    },
    "images": {
      "small": "https://images.pokemontcg.io/hsp/HGSS06.png",
      "large": "https://images.pokemontcg.io/hsp/HGSS06_hires.png"
    }
  },
  {
    "id": "hsp-HGSS07",
    "name": "Feraligatr",
    "supertype": "Pokémon",
    "subtypes": [
      "Stage 2",
      "Prime"
    ],
    "hp": "140",
    "types": [
      "Water"
    ],
    "evolvesFrom": "Croconaw",
    "abilities": [
      {
        "name": "Rain Dance",
        "text": "As often as you like during your turn (before your attack), you may attach a Water Energy from your hand to 1 of your Water Pokémon. This power can't be used if Feraligatr is affected by a Special Condition.",
        "type": "Poké-Power"
      }
    ],
    "attacks": [
      {
        "name": "Hydro Crunch",
        "cost": [
          "Water",
          "Water",
          "Water",
          "Water"
        ],
        "convertedEnergyCost": 4,
        "damage": "60+",
        "text": "Does 60 damage plus 10 more damage for each damage counter on the Defending Pokémon."
      }
    ],
    "weaknesses": [
      {
        "type": "Grass",
        "value": "×2"
      }
    ],
    "retreatCost": [
      "Colorless",
      "Colorless",
      "Colorless"
    ],
    "convertedRetreatCost": 3,
    "number": "HGSS07",
    "artist": "Kent Kanetsuna",
    "rarity": "Promo",
    "nationalPokedexNumbers": [
      160
    ],
    "legalities": {
      "unlimited": "Legal"
    },
    "images": {
      "small": "https://images.pokemontcg.io/hsp/HGSS07.png",
      "large": "https://images.pokemontcg.io/hsp/HGSS07_hires.png"
    }
  },
  {
    "id": "hsp-HGSS08",
    "name": "Meganium",
    "supertype": "Pokémon",
    "subtypes": [
      "Stage 2",
      "Prime"
    ],
    "hp": "150",
    "types": [
      "Grass"
    ],
    "evolvesFrom": "Bayleef",
    "abilities": [
      {
        "name": "Leaf Trans",
        "text": "As often as you like during your turn (before your attack), you may move a Grass Energy attached to 1 of your Pokémon to another of your Pokémon. This power can't be used if Meganium is affected by a Special Condition.",
        "type": "Poké-Power"
      }
    ],
    "attacks": [
      {
        "name": "Solarbeam",
        "cost": [
          "Grass",
          "Grass",
          "Colorless",
          "Colorless"
        ],
        "convertedEnergyCost": 4,
        "damage": "80",
        "text": ""
      }
    ],
    "weaknesses": [
      {
        "type": "Fire",
        "value": "×2"
      }
    ],
    "resistances": [
      {
        "type": "Water",
        "value": "-20"
      }
    ],
    "retreatCost": [
      "Colorless",
      "Colorless"
    ],
    "convertedRetreatCost": 2,
    "number": "HGSS08",
    "artist": "Noriko Hotta",
    "rarity": "Promo",
    "nationalPokedexNumbers": [
      154
    ],
    "legalities": {
      "unlimited": "Legal"
    },
    "images": {
      "small": "https://images.pokemontcg.io/hsp/HGSS08.png",
      "large": "https://images.pokemontcg.io/hsp/HGSS08_hires.png"
    }
  },
  {
    "id": "hsp-HGSS09",
    "name": "Typhlosion",
    "supertype": "Pokémon",
    "subtypes": [
      "Stage 2",
      "Prime"
    ],
    "hp": "140",
    "types": [
      "Fire"
    ],
    "evolvesFrom": "Quilava",
    "abilities": [
      {
        "name": "Afterburner",
        "text": "Once during your turn (before your attack), you may search your discard pile for a Fire Energy card and attach it to 1 of your Pokémon. If you do, put 1 damage counter on that Pokémon. This power can't be used if Typhlosion is affected by a Special Condition.",
        "type": "Poké-Power"
      }
    ],
    "attacks": [
      {
        "name": "Flare Destroy",
        "cost": [
          "Fire",
          "Fire",
          "Colorless"
        ],
        "convertedEnergyCost": 3,
        "damage": "70",
        "text": "Discard an Energy card attached to Typhlosion and discard an Energy card attached to the Defending Pokémon."
      }
    ],
    "weaknesses": [
      {
        "type": "Water",
        "value": "×2"
      }
    ],
    "retreatCost": [
      "Colorless",
      "Colorless"
    ],
    "convertedRetreatCost": 2,
    "number": "HGSS09",
    "artist": "Wataru Kawahara",
    "rarity": "Promo",
    "nationalPokedexNumbers": [
      157
    ],
    "legalities": {
      "unlimited": "Legal"
    },
    "images": {
      "small": "https://images.pokemontcg.io/hsp/HGSS09.png",
      "large": "https://images.pokemontcg.io/hsp/HGSS09_hires.png"
    }
  },
  {
    "id": "hsp-HGSS10",
    "name": "Latias",
    "supertype": "Pokémon",
    "subtypes": [
      "Basic"
    ],
    "hp": "80",
    "types": [
      "Colorless"
    ],
    "attacks": [
      {
        "name": "Energy Assist",
        "cost": [
          "Colorless"
        ],
        "convertedEnergyCost": 1,
        "damage": "10",
        "text": "Search your discard pile for a basic Energy card and attach it to 1 of your Benched Pokémon."
      },
      {
        "name": "Infinite Wind",
        "cost": [
          "Colorless",
          "Colorless",
          "Colorless"
        ],
        "convertedEnergyCost": 3,
        "damage": "40",
        "text": "If Latios is on your Bench, remove 2 damage counters from each of your Benched Pokémon."
      }
    ],
    "weaknesses": [
      {
        "type": "Colorless",
        "value": "×2"
      }
    ],
    "retreatCost": [
      "Colorless"
    ],
    "convertedRetreatCost": 1,
    "number": "HGSS10",
    "artist": "Wataru Kawahara",
    "rarity": "Promo",
    "flavorText": "It communicates using telepathy. Its body is covered in down that refracts light to make it invisible.",
    "nationalPokedexNumbers": [
      380
    ],
    "legalities": {
      "unlimited": "Legal"
    },
    "images": {
      "small": "https://images.pokemontcg.io/hsp/HGSS10.png",
      "large": "https://images.pokemontcg.io/hsp/HGSS10_hires.png"
    }
  },
  {
    "id": "hsp-HGSS11",
    "name": "Latios",
    "supertype": "Pokémon",
    "subtypes": [
      "Basic"
    ],
    "hp": "90",
    "types": [
      "Colorless"
    ],
    "abilities": [
      {
        "name": "Luster Float",
        "text": "If you have Latias in play, the Retreat Cost for Latios is 0.",
        "type": "Poké-Body"
      }
    ],
    "attacks": [
      {
        "name": "Infinite Wing",
        "cost": [
          "Colorless",
          "Colorless",
          "Colorless",
          "Colorless"
        ],
        "convertedEnergyCost": 4,
        "damage": "80",
        "text": "Discard 2 Energy attached to Latios."
      }
    ],
    "weaknesses": [
      {
        "type": "Colorless",
        "value": "×2"
      }
    ],
    "retreatCost": [
      "Colorless",
      "Colorless"
    ],
    "convertedRetreatCost": 2,
    "number": "HGSS11",
    "artist": "Wataru Kawahara",
    "rarity": "Promo",
    "flavorText": "It understands human speech and is highly intelligent. It is a tender Pokémon that dislikes fighting.",
    "nationalPokedexNumbers": [
      381
    ],
    "legalities": {
      "unlimited": "Legal"
    },
    "images": {
      "small": "https://images.pokemontcg.io/hsp/HGSS11.png",
      "large": "https://images.pokemontcg.io/hsp/HGSS11_hires.png"
    }
  },
  {
    "id": "hsp-HGSS12",
    "name": "Cleffa",
    "supertype": "Pokémon",
    "subtypes": [
      "Basic"
    ],
    "hp": "30",
    "types": [
      "Colorless"
    ],
    "evolvesTo": [
      "Clefairy"
    ],
    "abilities": [
      {
        "name": "Sweet Sleeping Face",
        "text": "As long as Cleffa is Asleep, prevent all damage done to Cleffa by attacks.",
        "type": "Poké-Body"
      }
    ],
    "attacks": [
      {
        "name": "Eeeeeeek",
        "cost": [

        ],
        "convertedEnergyCost": 0,
        "damage": "",
        "text": "Shuffle your hand into your deck, then draw 6 cards. Cleffa is now Asleep."
      }
    ],
    "number": "HGSS12",
    "artist": "Masakazu Fukuda",
    "rarity": "Promo",
    "flavorText": "Because of its unusual, star-like silhouette, people believe that it came here on a meteor.",
    "nationalPokedexNumbers": [
      173
    ],
    "legalities": {
      "unlimited": "Legal"
    },
    "images": {
      "small": "https://images.pokemontcg.io/hsp/HGSS12.png",
      "large": "https://images.pokemontcg.io/hsp/HGSS12_hires.png"
    }
  },
  {
    "id": "hsp-HGSS13",
    "name": "Smoochum",
    "supertype": "Pokémon",
    "subtypes": [
      "Basic"
    ],
    "hp": "30",
    "types": [
      "Psychic"
    ],
    "evolvesTo": [
      "Jynx"
    ],
    "abilities": [
      {
        "name": "Sweet Sleeping Face",
        "text": "As long as Smoochum is Asleep, prevent all damage done to Smoochum by attacks.",
        "type": "Poké-Body"
      }
    ],
    "attacks": [
      {
        "name": "Energy Antics",
        "cost": [

        ],
        "convertedEnergyCost": 0,
        "damage": "",
        "text": "Move an Energy card attached to 1 of your opponent's Pokémon to another of your opponent's Pokémon. Smoochum is now Asleep."
      }
    ],
    "number": "HGSS13",
    "artist": "Midori Harada",
    "rarity": "Promo",
    "flavorText": "Its lips are the most sensitive part of its body. It always uses its lips first to examine things.",
    "nationalPokedexNumbers": [
      238
    ],
    "legalities": {
      "unlimited": "Legal"
    },
    "images": {
      "small": "https://images.pokemontcg.io/hsp/HGSS13.png",
      "large": "https://images.pokemontcg.io/hsp/HGSS13_hires.png"
    }
  },
  {
    "id": "hsp-HGSS14",
    "name": "Lapras",
    "supertype": "Pokémon",
    "subtypes": [
      "Basic"
    ],
    "hp": "90",
    "types": [
      "Water"
    ],
    "attacks": [
      {
        "name": "Ferry",
        "cost": [
          "Water"
        ],
        "convertedEnergyCost": 1,
        "damage": "",
        "text": "Search your discard pile for a Supporter card, show it to your opponent, and put it into your hand."
      },
      {
        "name": "Surf",
        "cost": [
          "Water",
          "Water",
          "Colorless"
        ],
        "convertedEnergyCost": 3,
        "damage": "40",
        "text": ""
      }
    ],
    "weaknesses": [
      {
        "type": "Metal",
        "value": "×2"
      }
    ],
    "retreatCost": [
      "Colorless",
      "Colorless"
    ],
    "convertedRetreatCost": 2,
    "number": "HGSS14",
    "artist": "Masakazu Fukuda",
    "rarity": "Promo",
    "flavorText": "It ferries people across the sea on its back. It may sing an enchanting cry if it is in a good mood.",
    "nationalPokedexNumbers": [
      131
    ],
    "legalities": {
      "unlimited": "Legal"
    },
    "images": {
      "small": "https://images.pokemontcg.io/hsp/HGSS14.png",
      "large": "https://images.pokemontcg.io/hsp/HGSS14_hires.png"
    }
  },
  {
    "id": "hsp-HGSS15",
    "name": "Shuckle",
    "supertype": "Pokémon",
    "subtypes": [
      "Basic"
    ],
    "hp": "60",
    "types": [
      "Fighting"
    ],
    "abilities": [
      {
        "name": "Fermenting Liquid",
        "text": "Whenever you attach an Energy card from your hand to Shuckle, draw a card.",
        "type": "Poké-Body"
      }
    ],
    "attacks": [
      {
        "name": "Shell Stunner",
        "cost": [
          "Grass",
          "Colorless"
        ],
        "convertedEnergyCost": 2,
        "damage": "20",
        "text": "Flip a coin. If heads, prevent all damage done to Shuckle by attacks during your opponent's next turn."
      }
    ],
    "weaknesses": [
      {
        "type": "Water",
        "value": "×2"
      }
    ],
    "retreatCost": [
      "Colorless"
    ],
    "convertedRetreatCost": 1,
    "number": "HGSS15",
    "artist": "match",
    "rarity": "Promo",
    "flavorText": "It stores berries inside its shell. To avoid attacks, it hides beneath rocks and remains completely still.",
    "nationalPokedexNumbers": [
      213
    ],
    "legalities": {
      "unlimited": "Legal"
    },
    "images": {
      "small": "https://images.pokemontcg.io/hsp/HGSS15.png",
      "large": "https://images.pokemontcg.io/hsp/HGSS15_hires.png"
    }
  },
  {
    "id": "hsp-HGSS16",
    "name": "Plusle",
    "supertype": "Pokémon",
    "subtypes": [
      "Basic"
    ],
    "hp": "60",
    "types": [
      "Lightning"
    ],
    "attacks": [
      {
        "name": "Collect",
        "cost": [
          "Colorless"
        ],
        "convertedEnergyCost": 1,
        "damage": "",
        "text": "Draw 2 cards."
      },
      {
        "name": "Thunder Jolt",
        "cost": [
          "Lightning"
        ],
        "convertedEnergyCost": 1,
        "damage": "20",
        "text": "Flip a coin. If tails, Plusle does 10 damage to itself."
      }
    ],
    "weaknesses": [
      {
        "type": "Fighting",
        "value": "×2"
      }
    ],
    "resistances": [
      {
        "type": "Metal",
        "value": "-20"
      }
    ],
    "retreatCost": [
      "Colorless"
    ],
    "convertedRetreatCost": 1,
    "number": "HGSS16",
    "artist": "Kouki Saitou",
    "rarity": "Promo",
    "flavorText": "It absorbs electricity from telephone poles. It shorts out its body to create crackling noises.",
    "nationalPokedexNumbers": [
      311
    ],
    "legalities": {
      "unlimited": "Legal"
    },
    "images": {
      "small": "https://images.pokemontcg.io/hsp/HGSS16.png",
      "large": "https://images.pokemontcg.io/hsp/HGSS16_hires.png"
    }
  },
  {
    "id": "hsp-HGSS17",
    "name": "Minun",
    "supertype": "Pokémon",
    "subtypes": [
      "Basic"
    ],
    "hp": "60",
    "types": [
      "Lightning"
    ],
    "attacks": [
      {
        "name": "Call for Family",
        "cost": [
          "Colorless"
        ],
        "convertedEnergyCost": 1,
        "damage": "",
        "text": "Search your deck for up to 2 Basic Pokémon and put them onto your Bench. Shuffle your deck afterward."
      },
      {
        "name": "Tag Team Boost",
        "cost": [
          "Lightning"
        ],
        "convertedEnergyCost": 1,
        "damage": "10+",
        "text": "If Plusle is on your Bench, this attack does 10 damage plus 20 more damage."
      }
    ],
    "weaknesses": [
      {
        "type": "Fighting",
        "value": "×2"
      }
    ],
    "resistances": [
      {
        "type": "Metal",
        "value": "-20"
      }
    ],
    "retreatCost": [
      "Colorless"
    ],
    "convertedRetreatCost": 1,
    "number": "HGSS17",
    "artist": "Kouki Saitou",
    "rarity": "Promo",
    "flavorText": "Exposure to electricity from Minun and Plusle promotes blood circulation and relaxes muscles.",
    "nationalPokedexNumbers": [
      312
    ],
    "legalities": {
      "unlimited": "Legal"
    },
    "images": {
      "small": "https://images.pokemontcg.io/hsp/HGSS17.png",
      "large": "https://images.pokemontcg.io/hsp/HGSS17_hires.png"
    }
  },
  {
    "id": "hsp-HGSS18",
    "name": "Tropical Tidal Wave",
    "supertype": "Trainer",
    "subtypes": [
      "Item"
    ],
    "rules": [
      "Flip a coin. If heads, discard all Trainer and Stadium cards your opponent has in play. If tails, discard all Trainer and Stadium cards you have in play."
    ],
    "number": "HGSS18",
    "artist": "Sumiyoshi Kizuki",
    "rarity": "Promo",
    "legalities": {
      "unlimited": "Legal"
    },
    "images": {
      "small": "https://images.pokemontcg.io/hsp/HGSS18.png",
      "large": "https://images.pokemontcg.io/hsp/HGSS18_hires.png"
    }
  },
  {
    "id": "hsp-HGSS19",
    "name": "Raikou",
    "supertype": "Pokémon",
    "subtypes": [
      "Basic"
    ],
    "hp": "80",
    "types": [
      "Lightning"
    ],
    "attacks": [
      {
        "name": "Zap Cannon",
        "cost": [
          "Lightning",
          "Lightning",
          "Colorless"
        ],
        "convertedEnergyCost": 3,
        "damage": "70",
        "text": "During your next turn, Raikou can't use Zap Cannon."
      }
    ],
    "weaknesses": [
      {
        "type": "Fighting",
        "value": "×2"
      }
    ],
    "resistances": [
      {
        "type": "Metal",
        "value": "-20"
      }
    ],
    "retreatCost": [
      "Colorless"
    ],
    "convertedRetreatCost": 1,
    "number": "HGSS19",
    "artist": "Noriko Hotta",
    "rarity": "Promo",
    "flavorText": "The rain clouds it carries let it fire thunderbolts at will. They say that it descended with lightning.",
    "nationalPokedexNumbers": [
      243
    ],
    "legalities": {
      "unlimited": "Legal"
    },
    "images": {
      "small": "https://images.pokemontcg.io/hsp/HGSS19.png",
      "large": "https://images.pokemontcg.io/hsp/HGSS19_hires.png"
    }
  },
  {
    "id": "hsp-HGSS20",
    "name": "Entei",
    "supertype": "Pokémon",
    "subtypes": [
      "Basic"
    ],
    "hp": "80",
    "types": [
      "Fire"
    ],
    "attacks": [
      {
        "name": "Flare Blitz",
        "cost": [
          "Fire",
          "Fire",
          "Colorless"
        ],
        "convertedEnergyCost": 3,
        "damage": "80",
        "text": "Discard all Fire Energy attached to Entei."
      }
    ],
    "weaknesses": [
      {
        "type": "Water",
        "value": "×2"
      }
    ],
    "retreatCost": [
      "Colorless"
    ],
    "convertedRetreatCost": 1,
    "number": "HGSS20",
    "artist": "Yuri Umemura",
    "rarity": "Promo",
    "flavorText": "Volcanoes erupt when it barks. Unable to contain its sheer power, it races headlong around the land.",
    "nationalPokedexNumbers": [
      244
    ],
    "legalities": {
      "unlimited": "Legal"
    },
    "images": {
      "small": "https://images.pokemontcg.io/hsp/HGSS20.png",
      "large": "https://images.pokemontcg.io/hsp/HGSS20_hires.png"
    }
  },
  {
    "id": "hsp-HGSS21",
    "name": "Suicune",
    "supertype": "Pokémon",
    "subtypes": [
      "Basic"
    ],
    "hp": "80",
    "types": [
      "Water"
    ],
    "attacks": [
      {
        "name": "Sheer Cold",
        "cost": [
          "Water",
          "Water",
          "Colorless"
        ],
        "convertedEnergyCost": 3,
        "damage": "50",
        "text": "Flip a coin. If heads, the Defending Pokémon can't attack during your opponent's next turn."
      }
    ],
    "weaknesses": [
      {
        "type": "Lightning",
        "value": "×2"
      }
    ],
    "retreatCost": [
      "Colorless"
    ],
    "convertedRetreatCost": 1,
    "number": "HGSS21",
    "artist": "Hideaki Hakozaki",
    "rarity": "Promo",
    "flavorText": "Said to be the embodiment of north winds, it can instantly purify filthy, murky water.",
    "nationalPokedexNumbers": [
      245
    ],
    "legalities": {
      "unlimited": "Legal"
    },
    "images": {
      "small": "https://images.pokemontcg.io/hsp/HGSS21.png",
      "large": "https://images.pokemontcg.io/hsp/HGSS21_hires.png"
    }
  },
  {
    "id": "hsp-HGSS22",
    "name": "Porygon",
    "supertype": "Pokémon",
    "subtypes": [
      "Basic"
    ],
    "hp": "50",
    "types": [
      "Colorless"
    ],
    "evolvesTo": [
      "Porygon2"
    ],
    "attacks": [
      {
        "name": "Stiffen",
        "cost": [
          "Colorless"
        ],
        "convertedEnergyCost": 1,
        "damage": "",
        "text": "During your opponent's next turn, any damage done to Porygon by attacks is reduced by 20 (after applying Weakness and Resistance)."
      },
      {
        "name": "Version Update",
        "cost": [
          "Colorless",
          "Colorless"
        ],
        "convertedEnergyCost": 2,
        "damage": "",
        "text": "Search your deck for Porygon2, show it to your opponent, and put it into your hand. Shuffle your deck afterward."
      }
    ],
    "weaknesses": [
      {
        "type": "Fighting",
        "value": "×2"
      }
    ],
    "retreatCost": [
      "Colorless"
    ],
    "convertedRetreatCost": 1,
    "number": "HGSS22",
    "artist": "TOKIYA",
    "rarity": "Promo",
    "flavorText": "It is a manmade Pokémon. Since it doesn't breathe, people are eager to try it in any environment..",
    "nationalPokedexNumbers": [
      137
    ],
    "legalities": {
      "unlimited": "Legal"
    },
    "images": {
      "small": "https://images.pokemontcg.io/hsp/HGSS22.png",
      "large": "https://images.pokemontcg.io/hsp/HGSS22_hires.png"
    }
  },
  {
    "id": "hsp-HGSS23",
    "name": "Porygon2",
    "supertype": "Pokémon",
    "subtypes": [
      "Stage 1"
    ],
    "hp": "80",
    "types": [
      "Colorless"
    ],
    "evolvesFrom": "Porygon",
    "evolvesTo": [
      "Porygon-Z"
    ],
    "abilities": [
      {
        "name": "Shortcut",
        "text": "The Retreat Cost for each Porygon, Porygon2, and Porygon-Z you have in play is Colorless less.",
        "type": "Poké-Body"
      }
    ],
    "attacks": [
      {
        "name": "Reckless Charge",
        "cost": [
          "Colorless",
          "Colorless",
          "Colorless"
        ],
        "convertedEnergyCost": 3,
        "damage": "50",
        "text": "Porygon2 does 10 damage to itself."
      }
    ],
    "weaknesses": [
      {
        "type": "Fighting",
        "value": "×2"
      }
    ],
    "retreatCost": [
      "Colorless",
      "Colorless"
    ],
    "convertedRetreatCost": 2,
    "number": "HGSS23",
    "artist": "TOKIYA",
    "rarity": "Promo",
    "flavorText": "This upgraded version of Porygon is designed for space exploration. It can't fly, though.",
    "nationalPokedexNumbers": [
      233
    ],
    "legalities": {
      "unlimited": "Legal"
    },
    "images": {
      "small": "https://images.pokemontcg.io/hsp/HGSS23.png",
      "large": "https://images.pokemontcg.io/hsp/HGSS23_hires.png"
    }
  },
  {
    "id": "hsp-HGSS24",
    "name": "Hitmonchan",
    "supertype": "Pokémon",
    "subtypes": [
      "Basic"
    ],
    "hp": "70",
    "types": [
      "Fighting"
    ],
    "attacks": [
      {
        "name": "Detect",
        "cost": [
          "Colorless"
        ],
        "convertedEnergyCost": 1,
        "damage": "",
        "text": "Flip a coin. If heads, prevent all effects of attacks, including damage, done to Hitmonchan during your opponent's next turn."
      },
      {
        "name": "Sky Uppercut",
        "cost": [
          "Fighting",
          "Colorless"
        ],
        "convertedEnergyCost": 2,
        "damage": "30",
        "text": "This attack's damage isn't affected by Resistance."
      }
    ],
    "weaknesses": [
      {
        "type": "Psychic",
        "value": "×2"
      }
    ],
    "retreatCost": [
      "Colorless"
    ],
    "convertedRetreatCost": 1,
    "number": "HGSS24",
    "artist": "Kouki Saitou",
    "rarity": "Promo",
    "flavorText": "Its punches slice the air. However, it seems to need a short break after fighting for three minutes.",
    "nationalPokedexNumbers": [
      107
    ],
    "legalities": {
      "unlimited": "Legal"
    },
    "images": {
      "small": "https://images.pokemontcg.io/hsp/HGSS24.png",
      "large": "https://images.pokemontcg.io/hsp/HGSS24_hires.png"
    }
  },
  {
    "id": "hsp-HGSS25",
    "name": "Hitmonlee",
    "supertype": "Pokémon",
    "subtypes": [
      "Basic"
    ],
    "hp": "80",
    "types": [
      "Fighting"
    ],
    "attacks": [
      {
        "name": "Kick",
        "cost": [
          "Fighting"
        ],
        "convertedEnergyCost": 1,
        "damage": "20",
        "text": ""
      },
      {
        "name": "High Jump Kick",
        "cost": [
          "Fighting",
          "Fighting",
          "Colorless"
        ],
        "convertedEnergyCost": 3,
        "damage": "60",
        "text": ""
      }
    ],
    "weaknesses": [
      {
        "type": "Psychic",
        "value": "×2"
      }
    ],
    "retreatCost": [
      "Colorless",
      "Colorless"
    ],
    "convertedRetreatCost": 2,
    "number": "HGSS25",
    "artist": "Kouki Saitou",
    "rarity": "Promo",
    "flavorText": "If it starts kicking repeatedly, both legs will stretch even longer to strike a fleeing foe.",
    "nationalPokedexNumbers": [
      106
    ],
    "legalities": {
      "unlimited": "Legal"
    },
    "images": {
      "small": "https://images.pokemontcg.io/hsp/HGSS25.png",
      "large": "https://images.pokemontcg.io/hsp/HGSS25_hires.png"
    }
  }
]
