[
  {
    "id": "mcd22-1",
    "name": "Ledyba",
    "supertype": "Pokémon",
    "subtypes": [
      "Basic"
    ],
    "hp": "60",
    "types": [
      "Grass"
    ],
    "evolvesTo": [
      "Ledian"
    ],
    "attacks": [
      {
        "name": "Collect",
        "cost": [
          "Colorless"
        ],
        "convertedEnergyCost": 1,
        "damage": "",
        "text": "Draw a card."
      },
      {
        "name": "Punch",
        "cost": [
          "Colorless",
          "Colorless"
        ],
        "convertedEnergyCost": 2,
        "damage": "20",
        "text": ""
      }
    ],
    "weaknesses": [
      {
        "type": "Fire",
        "value": "×2"
      }
    ],
    "retreatCost": [
      "Colorless"
    ],
    "convertedRetreatCost": 1,
    "number": "1",
    "artist": "Naoyo Kimura",
    "flavorText": "These very cowardly Pokémon join together and use Reflect to protect their nest.",
    "nationalPokedexNumbers": [
      165
    ],
    "legalities": {
      "unlimited": "Legal",
      "expanded": "Legal"
    },
    "regulationMark": "E",
    "images": {
      "small": "https://images.pokemontcg.io/mcd22/1.png",
      "large": "https://images.pokemontcg.io/mcd22/1_hires.png"
    }
  },
  {
    "id": "mcd22-2",
    "name": "Rowlet",
    "supertype": "Pokémon",
    "subtypes": [
      "Basic"
    ],
    "hp": "50",
    "types": [
      "Grass"
    ],
    "evolvesTo": [
      "Dartrix"
    ],
    "abilities": [
      {
        "name": "Sky Circus",
        "text": "If you played Bird Keeper from your hand during this turn, ignore all Energy in this Pokémon's attack costs.",
        "type": "Ability"
      }
    ],
    "attacks": [
      {
        "name": "Wind Shard",
        "cost": [
          "Colorless",
          "Colorless",
          "Colorless"
        ],
        "convertedEnergyCost": 3,
        "damage": "",
        "text": "This attack does 60 damage to 1 of your opponent's Benched Pokémon. (Don't apply Weakness and Resistance for Benched Pokémon.)"
      }
    ],
    "weaknesses": [
      {
        "type": "Fire",
        "value": "×2"
      }
    ],
    "retreatCost": [
      "Colorless"
    ],
    "convertedRetreatCost": 1,
    "number": "2",
    "artist": "HYOGONOSUKE",
    "flavorText": "At a distance, it launches its sharp feathers while flying about. If the enemy gets too close, Rowlet switches tactics and delivers vicious kicks.",
    "nationalPokedexNumbers": [
      722
    ],
    "legalities": {
      "unlimited": "Legal",
      "expanded": "Legal"
    },
    "regulationMark": "D",
    "images": {
      "small": "https://images.pokemontcg.io/mcd22/2.png",
      "large": "https://images.pokemontcg.io/mcd22/2_hires.png"
    }
  },
  {
    "id": "mcd22-3",
    "name": "Gossifleur",
    "supertype": "Pokémon",
    "subtypes": [
      "Basic"
    ],
    "hp": "50",
    "types": [
      "Grass"
    ],
    "evolvesTo": [
      "Eldegoss"
    ],
    "attacks": [
      {
        "name": "Blot",
        "cost": [
          "Grass"
        ],
        "convertedEnergyCost": 1,
        "damage": "10",
        "text": "Heal 10 damage from this Pokémon."
      }
    ],
    "weaknesses": [
      {
        "type": "Fire",
        "value": "×2"
      }
    ],
    "retreatCost": [
      "Colorless"
    ],
    "convertedRetreatCost": 1,
    "number": "3",
    "artist": "Mizue",
    "flavorText": "It whirls around in the wind while singing a joyous song. This delightful display has charmed many into raising this Pokémon.",
    "nationalPokedexNumbers": [
      829
    ],
    "legalities": {
      "unlimited": "Legal",
      "expanded": "Legal"
    },
    "regulationMark": "E",
    "images": {
      "small": "https://images.pokemontcg.io/mcd22/3.png",
      "large": "https://images.pokemontcg.io/mcd22/3_hires.png"
    }
  },
  {
    "id": "mcd22-4",
    "name": "Growlithe",
    "supertype": "Pokémon",
    "subtypes": [
      "Basic"
    ],
    "hp": "80",
    "types": [
      "Fire"
    ],
    "evolvesTo": [
      "Arcanine"
    ],
    "attacks": [
      {
        "name": "Warm Up",
        "cost": [
          "Colorless"
        ],
        "convertedEnergyCost": 1,
        "damage": "",
        "text": "Search your deck for a Fire Energy card and attach it to 1 of your Pokémon. Then, shuffle your deck."
      },
      {
        "name": "Combustion",
        "cost": [
          "Fire",
          "Colorless",
          "Colorless"
        ],
        "convertedEnergyCost": 3,
        "damage": "30",
        "text": ""
      }
    ],
    "weaknesses": [
      {
        "type": "Water",
        "value": "×2"
      }
    ],
    "retreatCost": [
      "Colorless",
      "Colorless"
    ],
    "convertedRetreatCost": 2,
    "number": "4",
    "artist": "Narumi Sato",
    "flavorText": "Extremely loyal, it will fearlessly bark at any opponent to protect its own Trainer from harm.",
    "nationalPokedexNumbers": [
      58
    ],
    "legalities": {
      "unlimited": "Legal",
      "expanded": "Legal"
    },
    "regulationMark": "E",
    "images": {
      "small": "https://images.pokemontcg.io/mcd22/4.png",
      "large": "https://images.pokemontcg.io/mcd22/4_hires.png"
    }
  },
  {
    "id": "mcd22-5",
    "name": "Victini",
    "supertype": "Pokémon",
    "subtypes": [
      "Basic"
    ],
    "hp": "60",
    "types": [
      "Fire"
    ],
    "attacks": [
      {
        "name": "Victory Dive",
        "cost": [
          "Colorless",
          "Colorless"
        ],
        "convertedEnergyCost": 2,
        "damage": "30",
        "text": "You may search your deck for up to 2 cards and put them into your hand. Then, shuffle your deck."
      }
    ],
    "weaknesses": [
      {
        "type": "Water",
        "value": "×2"
      }
    ],
    "retreatCost": [
      "Colorless"
    ],
    "convertedRetreatCost": 1,
    "number": "5",
    "artist": "Teeziro",
    "flavorText": "When it shares the infinite energy it creates, that being's entire body will be overflowing with power.",
    "nationalPokedexNumbers": [
      494
    ],
    "legalities": {
      "unlimited": "Legal",
      "expanded": "Legal"
    },
    "regulationMark": "E",
    "images": {
      "small": "https://images.pokemontcg.io/mcd22/5.png",
      "large": "https://images.pokemontcg.io/mcd22/5_hires.png"
    }
  },
  {
    "id": "mcd22-6",
    "name": "Lapras",
    "supertype": "Pokémon",
    "subtypes": [
      "Basic"
    ],
    "hp": "110",
    "types": [
      "Water"
    ],
    "attacks": [
      {
        "name": "Wintry Call",
        "cost": [
          "Colorless"
        ],
        "convertedEnergyCost": 1,
        "damage": "",
        "text": "Search your deck for up to 2 Melony cards, reveal them, and put them into your hand. Then, shuffle your deck."
      },
      {
        "name": "Icy Wind",
        "cost": [
          "Water",
          "Colorless"
        ],
        "convertedEnergyCost": 2,
        "damage": "50",
        "text": "Your opponent's Active Pokémon is now Asleep."
      }
    ],
    "weaknesses": [
      {
        "type": "Metal",
        "value": "×2"
      }
    ],
    "retreatCost": [
      "Colorless"
    ],
    "convertedRetreatCost": 1,
    "number": "6",
    "artist": "Atsushi Furusawa",
    "flavorText": "Crossing icy seas is no issue for this cold-resistant Pokémon. Its smooth skin is a little cool to the touch.",
    "nationalPokedexNumbers": [
      131
    ],
    "legalities": {
      "unlimited": "Legal",
      "expanded": "Legal"
    },
    "regulationMark": "E",
    "images": {
      "small": "https://images.pokemontcg.io/mcd22/6.png",
      "large": "https://images.pokemontcg.io/mcd22/6_hires.png"
    }
  },
  {
    "id": "mcd22-7",
    "name": "Pikachu",
    "supertype": "Pokémon",
    "subtypes": [
      "Basic"
    ],
    "hp": "60",
    "types": [
      "Lightning"
    ],
    "evolvesTo": [
      "Raichu"
    ],
    "attacks": [
      {
        "name": "Energize",
        "cost": [
          "Lightning"
        ],
        "convertedEnergyCost": 1,
        "damage": "",
        "text": "Attach a Lightning Energy card from your discard pile to this Pokémon."
      },
      {
        "name": "Electro Ball",
        "cost": [
          "Lightning",
          "Colorless",
          "Colorless"
        ],
        "convertedEnergyCost": 3,
        "damage": "30",
        "text": ""
      }
    ],
    "weaknesses": [
      {
        "type": "Fighting",
        "value": "×2"
      }
    ],
    "retreatCost": [
      "Colorless"
    ],
    "convertedRetreatCost": 1,
    "number": "7",
    "artist": "chibi",
    "flavorText": "When Pikachu meet, they'll touch their tails together and exchange electricity through them as a form of greeting.",
    "nationalPokedexNumbers": [
      25
    ],
    "legalities": {
      "unlimited": "Legal",
      "expanded": "Legal"
    },
    "regulationMark": "E",
    "images": {
      "small": "https://images.pokemontcg.io/mcd22/7.png",
      "large": "https://images.pokemontcg.io/mcd22/7_hires.png"
    }
  },
  {
    "id": "mcd22-8",
    "name": "Chinchou",
    "supertype": "Pokémon",
    "subtypes": [
      "Basic"
    ],
    "hp": "70",
    "types": [
      "Lightning"
    ],
    "evolvesTo": [
      "Lanturn"
    ],
    "attacks": [
      {
        "name": "Electro Ball",
        "cost": [
          "Lightning"
        ],
        "convertedEnergyCost": 1,
        "damage": "10",
        "text": ""
      }
    ],
    "weaknesses": [
      {
        "type": "Fighting",
        "value": "×2"
      }
    ],
    "retreatCost": [
      "Colorless"
    ],
    "convertedRetreatCost": 1,
    "number": "8",
    "artist": "sowsow",
    "flavorText": "On the dark ocean floor, its only means of communication is its constantly flashing lights.",
    "nationalPokedexNumbers": [
      170
    ],
    "legalities": {
      "unlimited": "Legal",
      "expanded": "Legal"
    },
    "regulationMark": "E",
    "images": {
      "small": "https://images.pokemontcg.io/mcd22/8.png",
      "large": "https://images.pokemontcg.io/mcd22/8_hires.png"
    }
  },
  {
    "id": "mcd22-9",
    "name": "Flaaffy",
    "supertype": "Pokémon",
    "subtypes": [
      "Stage 1"
    ],
    "hp": "100",
    "types": [
      "Lightning"
    ],
    "evolvesFrom": "Mareep",
    "evolvesTo": [
      "Ampharos"
    ],
    "attacks": [
      {
        "name": "Electro Ball",
        "cost": [
          "Lightning",
          "Colorless"
        ],
        "convertedEnergyCost": 2,
        "damage": "50",
        "text": ""
      }
    ],
    "weaknesses": [
      {
        "type": "Fighting",
        "value": "×2"
      }
    ],
    "retreatCost": [
      "Colorless",
      "Colorless"
    ],
    "convertedRetreatCost": 2,
    "number": "9",
    "artist": "sui",
    "flavorText": "It stores electricity in its fluffy fleece. If it stores up too much, it will start to go bald in those patches.",
    "nationalPokedexNumbers": [
      180
    ],
    "legalities": {
      "unlimited": "Legal",
      "expanded": "Legal"
    },
    "regulationMark": "E",
    "images": {
      "small": "https://images.pokemontcg.io/mcd22/9.png",
      "large": "https://images.pokemontcg.io/mcd22/9_hires.png"
    }
  },
  {
    "id": "mcd22-10",
    "name": "Tynamo",
    "supertype": "Pokémon",
    "subtypes": [
      "Basic"
    ],
    "hp": "40",
    "types": [
      "Lightning"
    ],
    "evolvesTo": [
      "Eelektrik"
    ],
    "abilities": [
      {
        "name": "Levitate",
        "text": "If this Pokémon has any Energy attached, it has no Retreat Cost.",
        "type": "Ability"
      }
    ],
    "attacks": [
      {
        "name": "Tiny Charge",
        "cost": [
          "Lightning"
        ],
        "convertedEnergyCost": 1,
        "damage": "10",
        "text": ""
      }
    ],
    "weaknesses": [
      {
        "type": "Fighting",
        "value": "×2"
      }
    ],
    "retreatCost": [
      "Colorless"
    ],
    "convertedRetreatCost": 1,
    "number": "10",
    "artist": "sowsow",
    "flavorText": "One alone can emit only trickle of electricity, so a group of them gathers to unleash a powerful electric shock.",
    "nationalPokedexNumbers": [
      602
    ],
    "legalities": {
      "unlimited": "Legal",
      "expanded": "Legal"
    },
    "regulationMark": "D",
    "images": {
      "small": "https://images.pokemontcg.io/mcd22/10.png",
      "large": "https://images.pokemontcg.io/mcd22/10_hires.png"
    }
  },
  {
    "id": "mcd22-11",
    "name": "Cutiefly",
    "supertype": "Pokémon",
    "subtypes": [
      "Basic"
    ],
    "hp": "30",
    "types": [
      "Psychic"
    ],
    "evolvesTo": [
      "Ribombee"
    ],
    "attacks": [
      {
        "name": "Flap",
        "cost": [
          "Colorless"
        ],
        "convertedEnergyCost": 1,
        "damage": "10",
        "text": ""
      }
    ],
    "weaknesses": [
      {
        "type": "Metal",
        "value": "×2"
      }
    ],
    "number": "11",
    "artist": "Yukiko Baba",
    "flavorText": "An opponent's aura can tell Cutiefly what that opponent's next move will be. Then Cutiefly can glide around the attack and strike back.",
    "nationalPokedexNumbers": [
      742
    ],
    "legalities": {
      "unlimited": "Legal",
      "expanded": "Legal"
    },
    "regulationMark": "E",
    "images": {
      "small": "https://images.pokemontcg.io/mcd22/11.png",
      "large": "https://images.pokemontcg.io/mcd22/11_hires.png"
    }
  },
  {
    "id": "mcd22-12",
    "name": "Bewear",
    "supertype": "Pokémon",
    "subtypes": [
      "Stage 1"
    ],
    "hp": "130",
    "types": [
      "Fighting"
    ],
    "evolvesFrom": "Stufful",
    "attacks": [
      {
        "name": "Split Spiral Punch",
        "cost": [
          "Fighting",
          "Colorless"
        ],
        "convertedEnergyCost": 2,
        "damage": "40",
        "text": "Your opponent's Active Pokémon is now Confused."
      },
      {
        "name": "Strength",
        "cost": [
          "Fighting",
          "Fighting",
          "Colorless"
        ],
        "convertedEnergyCost": 3,
        "damage": "130",
        "text": ""
      }
    ],
    "weaknesses": [
      {
        "type": "Psychic",
        "value": "×2"
      }
    ],
    "retreatCost": [
      "Colorless",
      "Colorless",
      "Colorless"
    ],
    "convertedRetreatCost": 3,
    "number": "12",
    "artist": "Shigenori Negishi",
    "flavorText": "The moves it uses to take down its prey would make a martial artist jealous. It tucks subdued prey under its arms to carry them to its nest.",
    "nationalPokedexNumbers": [
      760
    ],
    "legalities": {
      "unlimited": "Legal",
      "expanded": "Legal"
    },
    "regulationMark": "E",
    "images": {
      "small": "https://images.pokemontcg.io/mcd22/12.png",
      "large": "https://images.pokemontcg.io/mcd22/12_hires.png"
    }
  },
  {
    "id": "mcd22-13",
    "name": "Pangoro",
    "supertype": "Pokémon",
    "subtypes": [
      "Stage 1"
    ],
    "hp": "140",
    "types": [
      "Darkness"
    ],
    "evolvesFrom": "Pancham",
    "attacks": [
      {
        "name": "Knocking Hammer",
        "cost": [
          "Darkness",
          "Darkness",
          "Colorless"
        ],
        "convertedEnergyCost": 3,
        "damage": "90",
        "text": "Discard the top card of your opponent's deck."
      },
      {
        "name": "Shakedown",
        "cost": [
          "Darkness",
          "Darkness",
          "Darkness",
          "Colorless"
        ],
        "convertedEnergyCost": 4,
        "damage": "150",
        "text": "Discard a random card from your opponent's hand."
      }
    ],
    "weaknesses": [
      {
        "type": "Grass",
        "value": "×2"
      }
    ],
    "retreatCost": [
      "Colorless",
      "Colorless",
      "Colorless",
      "Colorless"
    ],
    "convertedRetreatCost": 4,
    "number": "13",
    "artist": "HYOGONOSUKE",
    "flavorText": "Using its leaf, Pangoro can predict the moves of its opponents. It strikes with punches that can turn a dump truck into scrap with just one hit.",
    "nationalPokedexNumbers": [
      675
    ],
    "legalities": {
      "unlimited": "Legal",
      "expanded": "Legal"
    },
    "regulationMark": "E",
    "images": {
      "small": "https://images.pokemontcg.io/mcd22/13.png",
      "large": "https://images.pokemontcg.io/mcd22/13_hires.png"
    }
  },
  {
    "id": "mcd22-14",
    "name": "Drampa",
    "supertype": "Pokémon",
    "subtypes": [
      "Basic"
    ],
    "hp": "120",
    "types": [
      "Dragon"
    ],
    "attacks": [
      {
        "name": "Corkscrew Punch",
        "cost": [
          "Colorless"
        ],
        "convertedEnergyCost": 1,
        "damage": "30",
        "text": ""
      },
      {
        "name": "Berserk",
        "cost": [
          "Water",
          "Fighting"
        ],
        "convertedEnergyCost": 2,
        "damage": "70+",
        "text": "If your Benched Pokémon have any damage counters on them, this attack does 90 more damage."
      }
    ],
    "retreatCost": [
      "Colorless",
      "Colorless"
    ],
    "convertedRetreatCost": 2,
    "number": "14",
    "artist": "Tomokazu Komiya",
    "flavorText": "Drampa is a kind and friendly Pokémon—up until it's angered. When that happens, it stirs up a gale and flattens everything around.",
    "nationalPokedexNumbers": [
      780
    ],
    "legalities": {
      "unlimited": "Legal",
      "expanded": "Legal"
    },
    "regulationMark": "E",
    "images": {
      "small": "https://images.pokemontcg.io/mcd22/14.png",
      "large": "https://images.pokemontcg.io/mcd22/14_hires.png"
    }
  },
  {
    "id": "mcd22-15",
    "name": "Smeargle",
    "supertype": "Pokémon",
    "subtypes": [
      "Basic"
    ],
    "hp": "80",
    "types": [
      "Colorless"
    ],
    "attacks": [
      {
        "name": "Live Painting",
        "cost": [
          "Colorless",
          "Colorless"
        ],
        "convertedEnergyCost": 2,
        "damage": "30+",
        "text": "Reveal any number of basic Energy cards from your hand. This attack does 30 more damage for each type of basic Energy you revealed in this way."
      }
    ],
    "weaknesses": [
      {
        "type": "Fighting",
        "value": "×2"
      }
    ],
    "retreatCost": [
      "Colorless"
    ],
    "convertedRetreatCost": 1,
    "number": "15",
    "artist": "Kouki Saitou",
    "flavorText": "It draws symbols with the fluid that oozes from the tip of its tail. Depending on the symbol, Smeargle fanatics will pay big money for them.",
    "nationalPokedexNumbers": [
      235
    ],
    "legalities": {
      "unlimited": "Legal",
      "expanded": "Legal"
    },
    "regulationMark": "E",
    "images": {
      "small": "https://images.pokemontcg.io/mcd22/15.png",
      "large": "https://images.pokemontcg.io/mcd22/15_hires.png"
    }
  }
]
