[
  {
    "id": "pop2-1",
    "name": "Entei",
    "supertype": "Pokémon",
    "subtypes": [
      "Basic"
    ],
    "hp": "70",
    "types": [
      "Fire"
    ],
    "attacks": [
      {
        "name": "Stomp",
        "cost": [
          "Colorless",
          "Colorless"
        ],
        "convertedEnergyCost": 2,
        "damage": "10+",
        "text": "Flip a coin. If heads, this attack does 10 damage plus 20 more damage."
      },
      {
        "name": "Fire Spin",
        "cost": [
          "Fire",
          "Fire",
          "Colorless"
        ],
        "convertedEnergyCost": 3,
        "damage": "50",
        "text": "Discard 2 Basic Energy cards attached to Entei or this attack does nothing."
      }
    ],
    "weaknesses": [
      {
        "type": "Water",
        "value": "×2"
      }
    ],
    "retreatCost": [
      "Colorless"
    ],
    "convertedRetreatCost": 1,
    "number": "1",
    "artist": "Kouki Saitou",
    "rarity": "Rare",
    "nationalPokedexNumbers": [
      244
    ],
    "legalities": {
      "unlimited": "Legal"
    },
    "images": {
      "small": "https://images.pokemontcg.io/pop2/1.png",
      "large": "https://images.pokemontcg.io/pop2/1_hires.png"
    }
  },
  {
    "id": "pop2-2",
    "name": "Pidgeot",
    "supertype": "Pokémon",
    "subtypes": [
      "Stage 2"
    ],
    "hp": "80",
    "types": [
      "Colorless"
    ],
    "evolvesFrom": "Pidgeotto",
    "abilities": [
      {
        "name": "Beating Wings",
        "text": "Once during your turn (before your attack), if Pidgeot is your Active Pokémon, you may shuffle 1 of your Benched Pokémon and all cards attached to it into your deck. This power can't be used if Pidgeot is affected by a Special Condition.",
        "type": "Poké-Power"
      }
    ],
    "attacks": [
      {
        "name": "Sharp Beak",
        "cost": [
          "Colorless",
          "Colorless",
          "Colorless"
        ],
        "convertedEnergyCost": 3,
        "damage": "20+",
        "text": "Flip a coin. If heads, this attack does 20 damage plus 30 more damage."
      }
    ],
    "weaknesses": [
      {
        "type": "Lightning",
        "value": "×2"
      }
    ],
    "resistances": [
      {
        "type": "Fighting",
        "value": "-30"
      }
    ],
    "number": "2",
    "artist": "Ken Sugimori",
    "rarity": "Rare",
    "nationalPokedexNumbers": [
      18
    ],
    "legalities": {
      "unlimited": "Legal"
    },
    "images": {
      "small": "https://images.pokemontcg.io/pop2/2.png",
      "large": "https://images.pokemontcg.io/pop2/2_hires.png"
    }
  },
  {
    "id": "pop2-3",
    "name": "Raikou",
    "supertype": "Pokémon",
    "subtypes": [
      "Basic"
    ],
    "hp": "70",
    "types": [
      "Lightning"
    ],
    "attacks": [
      {
        "name": "Roar",
        "cost": [
          "Colorless"
        ],
        "convertedEnergyCost": 1,
        "damage": "",
        "text": "Your opponent switches the Defending Pokémon with 1 of his or her Benched Pokémon, if any."
      },
      {
        "name": "Thunder",
        "cost": [
          "Lightning",
          "Lightning",
          "Colorless"
        ],
        "convertedEnergyCost": 3,
        "damage": "50",
        "text": "Flip a coin. If tails, Raikou does 20 damage to itself."
      }
    ],
    "weaknesses": [
      {
        "type": "Fighting",
        "value": "×2"
      }
    ],
    "retreatCost": [
      "Colorless"
    ],
    "convertedRetreatCost": 1,
    "number": "3",
    "artist": "Kouki Saitou",
    "rarity": "Rare",
    "nationalPokedexNumbers": [
      243
    ],
    "legalities": {
      "unlimited": "Legal"
    },
    "images": {
      "small": "https://images.pokemontcg.io/pop2/3.png",
      "large": "https://images.pokemontcg.io/pop2/3_hires.png"
    }
  },
  {
    "id": "pop2-4",
    "name": "Suicune",
    "supertype": "Pokémon",
    "subtypes": [
      "Basic"
    ],
    "hp": "70",
    "types": [
      "Water"
    ],
    "abilities": [
      {
        "name": "Mirror Coat",
        "text": "If Suicune is Burned or Poisoned by an opponent's attack (even if Suicune is Knocked Out), the Attacking Pokémon is now affected by the same Special Conditions (1 if there is only 1).",
        "type": "Poké-Body"
      }
    ],
    "attacks": [
      {
        "name": "Bubblebeam",
        "cost": [
          "Water",
          "Colorless"
        ],
        "convertedEnergyCost": 2,
        "damage": "20",
        "text": "Flip a coin. If heads, the Defending Pokémon is now Paralyzed."
      }
    ],
    "weaknesses": [
      {
        "type": "Lightning",
        "value": "×2"
      }
    ],
    "retreatCost": [
      "Colorless"
    ],
    "convertedRetreatCost": 1,
    "number": "4",
    "artist": "Kouki Saitou",
    "rarity": "Rare",
    "nationalPokedexNumbers": [
      245
    ],
    "legalities": {
      "unlimited": "Legal"
    },
    "images": {
      "small": "https://images.pokemontcg.io/pop2/4.png",
      "large": "https://images.pokemontcg.io/pop2/4_hires.png"
    }
  },
  {
    "id": "pop2-5",
    "name": "Tauros",
    "supertype": "Pokémon",
    "subtypes": [
      "Basic"
    ],
    "hp": "70",
    "types": [
      "Colorless"
    ],
    "attacks": [
      {
        "name": "Rage",
        "cost": [
          "Colorless",
          "Colorless"
        ],
        "convertedEnergyCost": 2,
        "damage": "10+",
        "text": "Does 10 damage plus 10 more damage for each damage counter on Tauros."
      },
      {
        "name": "Take Down",
        "cost": [
          "Colorless",
          "Colorless",
          "Colorless"
        ],
        "convertedEnergyCost": 3,
        "damage": "40",
        "text": "Tauros does 10 damage to itself."
      }
    ],
    "weaknesses": [
      {
        "type": "Fighting",
        "value": "×2"
      }
    ],
    "retreatCost": [
      "Colorless"
    ],
    "convertedRetreatCost": 1,
    "number": "5",
    "artist": "Kouki Saitou",
    "rarity": "Rare",
    "nationalPokedexNumbers": [
      128
    ],
    "legalities": {
      "unlimited": "Legal"
    },
    "images": {
      "small": "https://images.pokemontcg.io/pop2/5.png",
      "large": "https://images.pokemontcg.io/pop2/5_hires.png"
    }
  },
  {
    "id": "pop2-6",
    "name": "Venusaur",
    "supertype": "Pokémon",
    "subtypes": [
      "Stage 2"
    ],
    "hp": "120",
    "types": [
      "Grass"
    ],
    "evolvesFrom": "Ivysaur",
    "attacks": [
      {
        "name": "Wide Solarbeam",
        "cost": [
          "Grass",
          "Grass",
          "Colorless"
        ],
        "convertedEnergyCost": 3,
        "damage": "20",
        "text": "Does 20 damage to 2 of your opponent's Benched Pokémon. (Don't apply Weakness and Resistance for Benched Pokémon.)"
      },
      {
        "name": "Hard Plant",
        "cost": [
          "Grass",
          "Grass",
          "Grass",
          "Colorless"
        ],
        "convertedEnergyCost": 4,
        "damage": "80",
        "text": "Venusaur can't use Hard Plant during your next turn."
      }
    ],
    "weaknesses": [
      {
        "type": "Fire",
        "value": "×2"
      }
    ],
    "retreatCost": [
      "Colorless",
      "Colorless",
      "Colorless"
    ],
    "convertedRetreatCost": 3,
    "number": "6",
    "artist": "Mitsuhiro Arita",
    "rarity": "Rare",
    "nationalPokedexNumbers": [
      3
    ],
    "legalities": {
      "unlimited": "Legal"
    },
    "images": {
      "small": "https://images.pokemontcg.io/pop2/6.png",
      "large": "https://images.pokemontcg.io/pop2/6_hires.png"
    }
  },
  {
    "id": "pop2-7",
    "name": "Ivysaur",
    "supertype": "Pokémon",
    "subtypes": [
      "Stage 1"
    ],
    "hp": "80",
    "types": [
      "Grass"
    ],
    "evolvesFrom": "Bulbasaur",
    "evolvesTo": [
      "Venusaur"
    ],
    "attacks": [
      {
        "name": "Poison Seed",
        "cost": [
          "Colorless"
        ],
        "convertedEnergyCost": 1,
        "damage": "",
        "text": "The Defending Pokémon is now Poisoned."
      },
      {
        "name": "Razor Leaf",
        "cost": [
          "Grass",
          "Grass",
          "Colorless"
        ],
        "convertedEnergyCost": 3,
        "damage": "50",
        "text": ""
      }
    ],
    "weaknesses": [
      {
        "type": "Psychic",
        "value": "×2"
      }
    ],
    "retreatCost": [
      "Colorless"
    ],
    "convertedRetreatCost": 1,
    "number": "7",
    "artist": "Ken Sugimori",
    "rarity": "Uncommon",
    "nationalPokedexNumbers": [
      2
    ],
    "legalities": {
      "unlimited": "Legal"
    },
    "images": {
      "small": "https://images.pokemontcg.io/pop2/7.png",
      "large": "https://images.pokemontcg.io/pop2/7_hires.png"
    }
  },
  {
    "id": "pop2-8",
    "name": "Mr. Briney's Compassion",
    "supertype": "Trainer",
    "subtypes": [
      "Supporter"
    ],
    "rules": [
      "You can play only one Supporter card each turn. When you play this card, put it next to your Active Pokémon. When your turn ends, discard this card.",
      "Choose 1 of your Pokémon in play (excluding Pokémon-ex). Return that Pokémon and all cards attached to it to your hand."
    ],
    "number": "8",
    "artist": "Ken Sugimori",
    "rarity": "Uncommon",
    "legalities": {
      "unlimited": "Legal"
    },
    "images": {
      "small": "https://images.pokemontcg.io/pop2/8.png",
      "large": "https://images.pokemontcg.io/pop2/8_hires.png"
    }
  },
  {
    "id": "pop2-9",
    "name": "Multi Technical Machine 01",
    "supertype": "Trainer",
    "subtypes": [
      "Technical Machine"
    ],
    "rules": [
      "Attach this card to 1 of your Pokémon in play. That Pokémon may use this card's attack instead of its own. At the end of your turn, discard Multi Technical Machine 01."
    ],
    "attacks": [
      {
        "name": "Paralyzing Gaze",
        "cost": [
          "Colorless"
        ],
        "convertedEnergyCost": 1,
        "damage": "",
        "text": "The Defending Pokémon is now Paralyzed."
      }
    ],
    "number": "9",
    "artist": "\"Big Mama\" Tagawa",
    "rarity": "Uncommon",
    "legalities": {
      "unlimited": "Legal"
    },
    "images": {
      "small": "https://images.pokemontcg.io/pop2/9.png",
      "large": "https://images.pokemontcg.io/pop2/9_hires.png"
    }
  },
  {
    "id": "pop2-10",
    "name": "Pokémon Park",
    "supertype": "Trainer",
    "subtypes": [
      "Stadium"
    ],
    "rules": [
      "This card stays in play when you play it. Discard this card if another Stadium card comes into play. If another card with the same name is in play, you can't play this card.",
      "Once during each player's turn, when that player attaches an Energy card from his or her hand to 1 of his or her Benched Pokémon, he or she removes 1 damage counter from that Pokémon."
    ],
    "number": "10",
    "artist": "Kazuo Yazawa",
    "rarity": "Uncommon",
    "legalities": {
      "unlimited": "Legal"
    },
    "images": {
      "small": "https://images.pokemontcg.io/pop2/10.png",
      "large": "https://images.pokemontcg.io/pop2/10_hires.png"
    }
  },
  {
    "id": "pop2-11",
    "name": "TV Reporter",
    "supertype": "Trainer",
    "subtypes": [
      "Supporter"
    ],
    "rules": [
      "You can play only one Supporter card each turn. When you play this card, put it next to your Active Pokémon. When your turn ends, discard this card.",
      "Draw 3 cards. Then discard any 1 card from your hand."
    ],
    "number": "11",
    "artist": "Ken Sugimori",
    "rarity": "Uncommon",
    "legalities": {
      "unlimited": "Legal",
      "expanded": "Legal"
    },
    "images": {
      "small": "https://images.pokemontcg.io/pop2/11.png",
      "large": "https://images.pokemontcg.io/pop2/11_hires.png"
    }
  },
  {
    "id": "pop2-12",
    "name": "Bulbasaur",
    "supertype": "Pokémon",
    "subtypes": [
      "Basic"
    ],
    "hp": "40",
    "types": [
      "Grass"
    ],
    "evolvesTo": [
      "Ivysaur"
    ],
    "attacks": [
      {
        "name": "Bite",
        "cost": [
          "Colorless"
        ],
        "convertedEnergyCost": 1,
        "damage": "10",
        "text": ""
      },
      {
        "name": "Razor Leaf",
        "cost": [
          "Grass",
          "Colorless"
        ],
        "convertedEnergyCost": 2,
        "damage": "20",
        "text": ""
      }
    ],
    "weaknesses": [
      {
        "type": "Psychic",
        "value": "×2"
      }
    ],
    "retreatCost": [
      "Colorless"
    ],
    "convertedRetreatCost": 1,
    "number": "12",
    "artist": "Midori Harada",
    "rarity": "Common",
    "nationalPokedexNumbers": [
      1
    ],
    "legalities": {
      "unlimited": "Legal"
    },
    "images": {
      "small": "https://images.pokemontcg.io/pop2/12.png",
      "large": "https://images.pokemontcg.io/pop2/12_hires.png"
    }
  },
  {
    "id": "pop2-13",
    "name": "Cacnea",
    "supertype": "Pokémon",
    "subtypes": [
      "Basic"
    ],
    "hp": "40",
    "types": [
      "Grass"
    ],
    "evolvesTo": [
      "Cacturne"
    ],
    "attacks": [
      {
        "name": "Sand Attack",
        "cost": [
          "Colorless"
        ],
        "convertedEnergyCost": 1,
        "damage": "10",
        "text": "If the Defending Pokémon tries to attack during your opponent's next turn, your opponent flips a coin. If tails, that attack does nothing."
      }
    ],
    "weaknesses": [
      {
        "type": "Fire",
        "value": "×2"
      }
    ],
    "retreatCost": [
      "Colorless"
    ],
    "convertedRetreatCost": 1,
    "number": "13",
    "artist": "Ken Sugimori",
    "rarity": "Common",
    "nationalPokedexNumbers": [
      331
    ],
    "legalities": {
      "unlimited": "Legal"
    },
    "images": {
      "small": "https://images.pokemontcg.io/pop2/13.png",
      "large": "https://images.pokemontcg.io/pop2/13_hires.png"
    }
  },
  {
    "id": "pop2-14",
    "name": "Luvdisc",
    "supertype": "Pokémon",
    "subtypes": [
      "Basic"
    ],
    "hp": "60",
    "types": [
      "Water"
    ],
    "attacks": [
      {
        "name": "Paralyzing Kiss",
        "cost": [
          "Colorless"
        ],
        "convertedEnergyCost": 1,
        "damage": "",
        "text": "If there are 2 Defending Pokémon in play, choose 1 of the Defending Pokémon. That Pokémon is now Paralyzed. (If there is only 1 Defending Pokémon, this attack does nothing.)"
      },
      {
        "name": "Fast Stream",
        "cost": [
          "Water",
          "Colorless"
        ],
        "convertedEnergyCost": 2,
        "damage": "20",
        "text": "Move 1 Energy card attached to the Defending Pokémon to the other Defending Pokémon. (Ignore this effect if your opponent has only 1 Defending Pokémon.)"
      }
    ],
    "weaknesses": [
      {
        "type": "Lightning",
        "value": "×2"
      }
    ],
    "retreatCost": [
      "Colorless"
    ],
    "convertedRetreatCost": 1,
    "number": "14",
    "artist": "Atsuko Nishida",
    "rarity": "Common",
    "nationalPokedexNumbers": [
      370
    ],
    "legalities": {
      "unlimited": "Legal"
    },
    "images": {
      "small": "https://images.pokemontcg.io/pop2/14.png",
      "large": "https://images.pokemontcg.io/pop2/14_hires.png"
    }
  },
  {
    "id": "pop2-15",
    "name": "Phanpy",
    "supertype": "Pokémon",
    "subtypes": [
      "Basic"
    ],
    "hp": "50",
    "types": [
      "Fighting"
    ],
    "evolvesTo": [
      "Donphan"
    ],
    "attacks": [
      {
        "name": "Double Spin",
        "cost": [
          "Fighting"
        ],
        "convertedEnergyCost": 1,
        "damage": "10×",
        "text": "Flip 2 coins. This attack does 10 damage times the number of heads."
      },
      {
        "name": "Body Slam",
        "cost": [
          "Colorless",
          "Colorless"
        ],
        "convertedEnergyCost": 2,
        "damage": "10",
        "text": "Flip a coin. If heads, the Defending Pokémon is now Paralyzed."
      }
    ],
    "weaknesses": [
      {
        "type": "Grass",
        "value": "×2"
      }
    ],
    "retreatCost": [
      "Colorless"
    ],
    "convertedRetreatCost": 1,
    "number": "15",
    "artist": "Tomokazu Komiya",
    "rarity": "Common",
    "nationalPokedexNumbers": [
      231
    ],
    "legalities": {
      "unlimited": "Legal"
    },
    "images": {
      "small": "https://images.pokemontcg.io/pop2/15.png",
      "large": "https://images.pokemontcg.io/pop2/15_hires.png"
    }
  },
  {
    "id": "pop2-16",
    "name": "Pikachu",
    "supertype": "Pokémon",
    "subtypes": [
      "Basic"
    ],
    "hp": "40",
    "types": [
      "Lightning"
    ],
    "evolvesTo": [
      "Raichu"
    ],
    "attacks": [
      {
        "name": "Gnaw",
        "cost": [
          "Colorless"
        ],
        "convertedEnergyCost": 1,
        "damage": "10",
        "text": ""
      },
      {
        "name": "Thunder Jolt",
        "cost": [
          "Lightning",
          "Colorless"
        ],
        "convertedEnergyCost": 2,
        "damage": "30",
        "text": "Flip a coin. If tails, Pikachu does 10 damage to itself."
      }
    ],
    "weaknesses": [
      {
        "type": "Fighting",
        "value": "×2"
      }
    ],
    "retreatCost": [
      "Colorless"
    ],
    "convertedRetreatCost": 1,
    "number": "16",
    "artist": "Yuka Morii",
    "rarity": "Common",
    "nationalPokedexNumbers": [
      25
    ],
    "legalities": {
      "unlimited": "Legal"
    },
    "images": {
      "small": "https://images.pokemontcg.io/pop2/16.png",
      "large": "https://images.pokemontcg.io/pop2/16_hires.png"
    }
  },
  {
    "id": "pop2-17",
    "name": "Celebi ex",
    "supertype": "Pokémon",
    "subtypes": [
      "Basic",
      "ex"
    ],
    "hp": "80",
    "types": [
      "Psychic"
    ],
    "rules": [
      "When Pokémon-ex has been Knocked Out, your opponent takes 2 Prize cards."
    ],
    "abilities": [
      {
        "name": "Time Reversal",
        "text": "Once during your turn, when you put Celebi ex from your hand onto your Bench, you may search your discard pile for a card, show it to your opponent, and put it on top of your deck.",
        "type": "Poké-Power"
      }
    ],
    "attacks": [
      {
        "name": "Psychic Shield",
        "cost": [
          "Psychic",
          "Colorless"
        ],
        "convertedEnergyCost": 2,
        "damage": "30",
        "text": "Prevent all effects of attacks, including damage, done to Celebi ex by your opponent's Pokémon-ex during your opponent's next turn."
      }
    ],
    "weaknesses": [
      {
        "type": "Psychic",
        "value": "×2"
      }
    ],
    "retreatCost": [
      "Colorless"
    ],
    "convertedRetreatCost": 1,
    "number": "17",
    "artist": "Ryo Ueda",
    "rarity": "Rare",
    "nationalPokedexNumbers": [
      251
    ],
    "legalities": {
      "unlimited": "Legal"
    },
    "images": {
      "small": "https://images.pokemontcg.io/pop2/17.png",
      "large": "https://images.pokemontcg.io/pop2/17_hires.png"
    }
  }
]
