[
  {
    "id": "pop3-1",
    "name": "Blastoise",
    "supertype": "Pokémon",
    "subtypes": [
      "Stage 2"
    ],
    "hp": "120",
    "types": [
      "Water"
    ],
    "evolvesFrom": "Wartortle",
    "attacks": [
      {
        "name": "Smash Turn",
        "cost": [
          "Colorless",
          "Colorless"
        ],
        "convertedEnergyCost": 2,
        "damage": "30",
        "text": "After your attack, you may switch Blastoise with 1 of your Benched Pokémon."
      },
      {
        "name": "Rocket Tackle",
        "cost": [
          "Water",
          "Water",
          "Colorless",
          "Colorless"
        ],
        "convertedEnergyCost": 4,
        "damage": "60",
        "text": "Blastoise does 10 damage to itself. Flip a coin. If heads, prevent all damage done to Blastoise by attacks during your opponent's next turn."
      }
    ],
    "weaknesses": [
      {
        "type": "Lightning",
        "value": "×2"
      }
    ],
    "retreatCost": [
      "Colorless",
      "Colorless"
    ],
    "convertedRetreatCost": 2,
    "number": "1",
    "artist": "Mitsuhiro Arita",
    "rarity": "Rare",
    "nationalPokedexNumbers": [
      9
    ],
    "legalities": {
      "unlimited": "Legal"
    },
    "images": {
      "small": "https://images.pokemontcg.io/pop3/1.png",
      "large": "https://images.pokemontcg.io/pop3/1_hires.png"
    }
  },
  {
    "id": "pop3-2",
    "name": "Flareon",
    "supertype": "Pokémon",
    "subtypes": [
      "Stage 1"
    ],
    "hp": "70",
    "types": [
      "Fire"
    ],
    "evolvesFrom": "Eevee",
    "attacks": [
      {
        "name": "Quick Attack",
        "cost": [
          "Colorless",
          "Colorless"
        ],
        "convertedEnergyCost": 2,
        "damage": "10+",
        "text": "Flip a coin. If heads, this attack does 10 damage plus 20 more damage."
      },
      {
        "name": "Fire Spin",
        "cost": [
          "Fire",
          "Fire",
          "Colorless"
        ],
        "convertedEnergyCost": 3,
        "damage": "70",
        "text": "Discard 2 basic Energy cards attached to Flareon or this attack does nothing."
      }
    ],
    "weaknesses": [
      {
        "type": "Water",
        "value": "×2"
      }
    ],
    "retreatCost": [
      "Colorless"
    ],
    "convertedRetreatCost": 1,
    "number": "2",
    "artist": "Masakazu Fukuda",
    "rarity": "Rare",
    "nationalPokedexNumbers": [
      136
    ],
    "legalities": {
      "unlimited": "Legal"
    },
    "images": {
      "small": "https://images.pokemontcg.io/pop3/2.png",
      "large": "https://images.pokemontcg.io/pop3/2_hires.png"
    }
  },
  {
    "id": "pop3-3",
    "name": "Jolteon",
    "supertype": "Pokémon",
    "subtypes": [
      "Stage 1"
    ],
    "hp": "70",
    "types": [
      "Lightning"
    ],
    "evolvesFrom": "Eevee",
    "attacks": [
      {
        "name": "Thundershock",
        "cost": [
          "Lightning",
          "Colorless"
        ],
        "convertedEnergyCost": 2,
        "damage": "20",
        "text": "Flip a coin. If heads, the Defending Pokémon is now Paralyzed."
      },
      {
        "name": "Pin Missile",
        "cost": [
          "Lightning",
          "Colorless",
          "Colorless"
        ],
        "convertedEnergyCost": 3,
        "damage": "20×",
        "text": "Flip 4 coins. This attack does 20 damage times the number of heads."
      }
    ],
    "weaknesses": [
      {
        "type": "Fighting",
        "value": "×2"
      }
    ],
    "resistances": [
      {
        "type": "Metal",
        "value": "-30"
      }
    ],
    "number": "3",
    "artist": "Masakazu Fukuda",
    "rarity": "Rare",
    "nationalPokedexNumbers": [
      135
    ],
    "legalities": {
      "unlimited": "Legal"
    },
    "images": {
      "small": "https://images.pokemontcg.io/pop3/3.png",
      "large": "https://images.pokemontcg.io/pop3/3_hires.png"
    }
  },
  {
    "id": "pop3-4",
    "name": "Minun",
    "supertype": "Pokémon",
    "subtypes": [
      "Basic"
    ],
    "hp": "50",
    "types": [
      "Lightning"
    ],
    "attacks": [
      {
        "name": "Cheer Up",
        "cost": [
          "Colorless"
        ],
        "convertedEnergyCost": 1,
        "damage": "",
        "text": "Draw a card. If you have Plusle in play, draw 2 cards instead."
      },
      {
        "name": "Negative Ion",
        "cost": [
          "Lightning",
          "Colorless"
        ],
        "convertedEnergyCost": 2,
        "damage": "20",
        "text": "During your opponent's next turn, any damage done by attacks from the Defending Pokémon is reduced by 10 (before applying Weakness and Resistance)."
      },
      {
        "name": "Power Bolt",
        "cost": [
          "Lightning",
          "Lightning"
        ],
        "convertedEnergyCost": 2,
        "damage": "",
        "text": "Choose 1 of your opponent's Pokémon that has any Poké-Powers. This attack does 30 damage to that Pokémon. (Don't apply Weakness and Resistance for Benched Pokémon.)"
      }
    ],
    "weaknesses": [
      {
        "type": "Fighting",
        "value": "×2"
      }
    ],
    "resistances": [
      {
        "type": "Metal",
        "value": "-30"
      }
    ],
    "retreatCost": [
      "Colorless"
    ],
    "convertedRetreatCost": 1,
    "number": "4",
    "artist": "Sumiyoshi Kizuki",
    "rarity": "Rare",
    "nationalPokedexNumbers": [
      312
    ],
    "legalities": {
      "unlimited": "Legal"
    },
    "images": {
      "small": "https://images.pokemontcg.io/pop3/4.png",
      "large": "https://images.pokemontcg.io/pop3/4_hires.png"
    }
  },
  {
    "id": "pop3-5",
    "name": "Plusle",
    "supertype": "Pokémon",
    "subtypes": [
      "Basic"
    ],
    "hp": "50",
    "types": [
      "Lightning"
    ],
    "attacks": [
      {
        "name": "Cheer Up",
        "cost": [
          "Colorless"
        ],
        "convertedEnergyCost": 1,
        "damage": "",
        "text": "Draw a card. If you have Minun in play, draw 2 cards instead."
      },
      {
        "name": "Positive Ion",
        "cost": [
          "Lightning",
          "Colorless"
        ],
        "convertedEnergyCost": 2,
        "damage": "20+",
        "text": "Flip a coin. If heads, this attack does 20 damage plus 10 more damage."
      },
      {
        "name": "Body Bolt",
        "cost": [
          "Lightning",
          "Lightning"
        ],
        "convertedEnergyCost": 2,
        "damage": "",
        "text": "Choose 1 of your opponent's Pokémon that has any Poké-Bodies. This attack does 30 damage to that Pokémon. (Don't apply Weakness and Resistance for Benched Pokémon.)"
      }
    ],
    "weaknesses": [
      {
        "type": "Fighting",
        "value": "×2"
      }
    ],
    "resistances": [
      {
        "type": "Metal",
        "value": "-30"
      }
    ],
    "retreatCost": [
      "Colorless"
    ],
    "convertedRetreatCost": 1,
    "number": "5",
    "artist": "Sumiyoshi Kizuki",
    "rarity": "Rare",
    "nationalPokedexNumbers": [
      311
    ],
    "legalities": {
      "unlimited": "Legal"
    },
    "images": {
      "small": "https://images.pokemontcg.io/pop3/5.png",
      "large": "https://images.pokemontcg.io/pop3/5_hires.png"
    }
  },
  {
    "id": "pop3-6",
    "name": "Vaporeon",
    "supertype": "Pokémon",
    "subtypes": [
      "Stage 1"
    ],
    "hp": "70",
    "types": [
      "Water"
    ],
    "evolvesFrom": "Eevee",
    "attacks": [
      {
        "name": "Bite",
        "cost": [
          "Colorless"
        ],
        "convertedEnergyCost": 1,
        "damage": "20",
        "text": ""
      },
      {
        "name": "Water Gun",
        "cost": [
          "Water",
          "Colorless"
        ],
        "convertedEnergyCost": 2,
        "damage": "30+",
        "text": "Does 30 damage plus 20 more damage for each Water Energy attached to Vaporeon but not used to pay for this attack's Energy cost. You can't add more than 40 damage in this way."
      }
    ],
    "weaknesses": [
      {
        "type": "Lightning",
        "value": "×2"
      }
    ],
    "retreatCost": [
      "Colorless"
    ],
    "convertedRetreatCost": 1,
    "number": "6",
    "artist": "Masakazu Fukuda",
    "rarity": "Rare",
    "nationalPokedexNumbers": [
      134
    ],
    "legalities": {
      "unlimited": "Legal"
    },
    "images": {
      "small": "https://images.pokemontcg.io/pop3/6.png",
      "large": "https://images.pokemontcg.io/pop3/6_hires.png"
    }
  },
  {
    "id": "pop3-7",
    "name": "Combusken",
    "supertype": "Pokémon",
    "subtypes": [
      "Stage 1"
    ],
    "hp": "70",
    "types": [
      "Fire"
    ],
    "evolvesFrom": "Torchic",
    "evolvesTo": [
      "Blaziken"
    ],
    "attacks": [
      {
        "name": "Scratch",
        "cost": [
          "Colorless"
        ],
        "convertedEnergyCost": 1,
        "damage": "10",
        "text": ""
      },
      {
        "name": "Flamethrower",
        "cost": [
          "Fire",
          "Colorless",
          "Colorless"
        ],
        "convertedEnergyCost": 3,
        "damage": "50",
        "text": "Discard a Fire Energy attached to Combusken."
      }
    ],
    "weaknesses": [
      {
        "type": "Water",
        "value": "×2"
      }
    ],
    "retreatCost": [
      "Colorless"
    ],
    "convertedRetreatCost": 1,
    "number": "7",
    "artist": "Mitsuhiro Arita",
    "rarity": "Uncommon",
    "nationalPokedexNumbers": [
      256
    ],
    "legalities": {
      "unlimited": "Legal"
    },
    "images": {
      "small": "https://images.pokemontcg.io/pop3/7.png",
      "large": "https://images.pokemontcg.io/pop3/7_hires.png"
    }
  },
  {
    "id": "pop3-8",
    "name": "Donphan",
    "supertype": "Pokémon",
    "subtypes": [
      "Stage 1"
    ],
    "hp": "80",
    "types": [
      "Fighting"
    ],
    "evolvesFrom": "Phanpy",
    "attacks": [
      {
        "name": "Sniff Out",
        "cost": [
          "Colorless"
        ],
        "convertedEnergyCost": 1,
        "damage": "",
        "text": "Put any 1 card from your discard pile into your hand."
      },
      {
        "name": "Fury Attack",
        "cost": [
          "Fighting",
          "Colorless",
          "Colorless"
        ],
        "convertedEnergyCost": 3,
        "damage": "30×",
        "text": "Flip 3 coins. This attack does 30 damage times the number of heads."
      }
    ],
    "weaknesses": [
      {
        "type": "Grass",
        "value": "×2"
      }
    ],
    "retreatCost": [
      "Colorless"
    ],
    "convertedRetreatCost": 1,
    "number": "8",
    "artist": "Tomoaki Imakuni",
    "rarity": "Uncommon",
    "nationalPokedexNumbers": [
      232
    ],
    "legalities": {
      "unlimited": "Legal"
    },
    "images": {
      "small": "https://images.pokemontcg.io/pop3/8.png",
      "large": "https://images.pokemontcg.io/pop3/8_hires.png"
    }
  },
  {
    "id": "pop3-9",
    "name": "Forretress",
    "supertype": "Pokémon",
    "subtypes": [
      "Stage 1"
    ],
    "hp": "70",
    "types": [
      "Grass"
    ],
    "evolvesFrom": "Pineco",
    "attacks": [
      {
        "name": "Tackle",
        "cost": [
          "Colorless",
          "Colorless"
        ],
        "convertedEnergyCost": 2,
        "damage": "20",
        "text": ""
      },
      {
        "name": "Toxic",
        "cost": [
          "Grass",
          "Grass",
          "Colorless"
        ],
        "convertedEnergyCost": 3,
        "damage": "20",
        "text": "The Defending Pokémon is now Poisoned. Put 2 damage counters instead of 1 on the Defending Pokémon between turns."
      }
    ],
    "weaknesses": [
      {
        "type": "Fire",
        "value": "×2"
      }
    ],
    "retreatCost": [
      "Colorless",
      "Colorless"
    ],
    "convertedRetreatCost": 2,
    "number": "9",
    "artist": "Midori Harada",
    "rarity": "Uncommon",
    "nationalPokedexNumbers": [
      205
    ],
    "legalities": {
      "unlimited": "Legal"
    },
    "images": {
      "small": "https://images.pokemontcg.io/pop3/9.png",
      "large": "https://images.pokemontcg.io/pop3/9_hires.png"
    }
  },
  {
    "id": "pop3-10",
    "name": "High Pressure System",
    "supertype": "Trainer",
    "subtypes": [
      "Stadium"
    ],
    "rules": [
      "This card stays in play when you play it. Discard this card if another Stadium card comes into play. If another card with the same name is in play, you can't play this card.",
      "Each player pays Colorless less to retreat his or her Fire and Water Pokémon."
    ],
    "number": "10",
    "artist": "Ken Ikuji",
    "rarity": "Uncommon",
    "legalities": {
      "unlimited": "Legal"
    },
    "images": {
      "small": "https://images.pokemontcg.io/pop3/10.png",
      "large": "https://images.pokemontcg.io/pop3/10_hires.png"
    }
  },
  {
    "id": "pop3-11",
    "name": "Low Pressure System",
    "supertype": "Trainer",
    "subtypes": [
      "Stadium"
    ],
    "rules": [
      "This card stays in play when you play it. Discard this card if another Stadium card comes into play. If another card with the same name is in play, you can't play this card.",
      "Each Grass and Lightning Pokémon in play (both yours and your opponent's) gets +10 HP."
    ],
    "number": "11",
    "artist": "Shin-ichi Yoshikawa",
    "rarity": "Uncommon",
    "legalities": {
      "unlimited": "Legal"
    },
    "images": {
      "small": "https://images.pokemontcg.io/pop3/11.png",
      "large": "https://images.pokemontcg.io/pop3/11_hires.png"
    }
  },
  {
    "id": "pop3-12",
    "name": "Ditto",
    "supertype": "Pokémon",
    "subtypes": [
      "Basic"
    ],
    "hp": "60",
    "types": [
      "Psychic"
    ],
    "abilities": [
      {
        "name": "Duplicate",
        "text": "Once during your turn (before your attack), you may search your deck for another Ditto and switch it with Ditto. (Any cards attached to Ditto, damage counters, Special Conditions, and effects on it are now on the new Pokémon.) If you do, put Ditto on top of your deck. Shuffle your deck afterward. You can't use more than 1 Duplicate Poké-Power each turn.",
        "type": "Poké-Power"
      }
    ],
    "attacks": [
      {
        "name": "Psybeam",
        "cost": [
          "Psychic",
          "Colorless"
        ],
        "convertedEnergyCost": 2,
        "damage": "20",
        "text": "Flip a coin. If heads, the Defending Pokémon is now Confused."
      }
    ],
    "weaknesses": [
      {
        "type": "Psychic",
        "value": "×2"
      }
    ],
    "retreatCost": [
      "Colorless"
    ],
    "convertedRetreatCost": 1,
    "number": "12",
    "artist": "Yuka Morii",
    "rarity": "Common",
    "nationalPokedexNumbers": [
      132
    ],
    "legalities": {
      "unlimited": "Legal"
    },
    "images": {
      "small": "https://images.pokemontcg.io/pop3/12.png",
      "large": "https://images.pokemontcg.io/pop3/12_hires.png"
    }
  },
  {
    "id": "pop3-13",
    "name": "Eevee",
    "supertype": "Pokémon",
    "subtypes": [
      "Basic"
    ],
    "hp": "50",
    "types": [
      "Colorless"
    ],
    "evolvesTo": [
      "Vaporeon",
      "Jolteon",
      "Flareon",
      "Sylveon",
      "Espeon",
      "Umbreon",
      "Leafeon",
      "Glaceon"
    ],
    "attacks": [
      {
        "name": "Tackle",
        "cost": [
          "Colorless"
        ],
        "convertedEnergyCost": 1,
        "damage": "10",
        "text": ""
      },
      {
        "name": "Take Down",
        "cost": [
          "Colorless",
          "Colorless"
        ],
        "convertedEnergyCost": 2,
        "damage": "30",
        "text": "Eevee does 10 damage to itself."
      }
    ],
    "weaknesses": [
      {
        "type": "Fighting",
        "value": "×2"
      }
    ],
    "retreatCost": [
      "Colorless"
    ],
    "convertedRetreatCost": 1,
    "number": "13",
    "artist": "Masakazu Fukuda",
    "rarity": "Common",
    "nationalPokedexNumbers": [
      133
    ],
    "legalities": {
      "unlimited": "Legal"
    },
    "images": {
      "small": "https://images.pokemontcg.io/pop3/13.png",
      "large": "https://images.pokemontcg.io/pop3/13_hires.png"
    }
  },
  {
    "id": "pop3-14",
    "name": "Ivysaur",
    "supertype": "Pokémon",
    "subtypes": [
      "Stage 1"
    ],
    "hp": "70",
    "types": [
      "Grass"
    ],
    "evolvesFrom": "Bulbasaur",
    "evolvesTo": [
      "Venusaur"
    ],
    "attacks": [
      {
        "name": "Gouge",
        "cost": [
          "Colorless"
        ],
        "convertedEnergyCost": 1,
        "damage": "10+",
        "text": "Flip a coin. If heads, this attack does 10 damage plus 10 more damage."
      },
      {
        "name": "Poisonpowder",
        "cost": [
          "Grass",
          "Colorless",
          "Colorless"
        ],
        "convertedEnergyCost": 3,
        "damage": "40",
        "text": "The Defending Pokémon is now Poisoned."
      }
    ],
    "weaknesses": [
      {
        "type": "Psychic",
        "value": "×2"
      }
    ],
    "retreatCost": [
      "Colorless"
    ],
    "convertedRetreatCost": 1,
    "number": "14",
    "artist": "Midori Harada",
    "rarity": "Common",
    "nationalPokedexNumbers": [
      2
    ],
    "legalities": {
      "unlimited": "Legal"
    },
    "images": {
      "small": "https://images.pokemontcg.io/pop3/14.png",
      "large": "https://images.pokemontcg.io/pop3/14_hires.png"
    }
  },
  {
    "id": "pop3-15",
    "name": "Marshtomp",
    "supertype": "Pokémon",
    "subtypes": [
      "Stage 1"
    ],
    "hp": "70",
    "types": [
      "Fighting"
    ],
    "evolvesFrom": "Mudkip",
    "evolvesTo": [
      "Swampert"
    ],
    "attacks": [
      {
        "name": "Mud Slap",
        "cost": [
          "Fighting"
        ],
        "convertedEnergyCost": 1,
        "damage": "20",
        "text": ""
      },
      {
        "name": "Double-edge",
        "cost": [
          "Colorless",
          "Colorless",
          "Colorless"
        ],
        "convertedEnergyCost": 3,
        "damage": "40",
        "text": "Marshtomp does 10 damage to itself."
      }
    ],
    "weaknesses": [
      {
        "type": "Grass",
        "value": "×2"
      }
    ],
    "retreatCost": [
      "Colorless"
    ],
    "convertedRetreatCost": 1,
    "number": "15",
    "artist": "Midori Harada",
    "rarity": "Common",
    "nationalPokedexNumbers": [
      259
    ],
    "legalities": {
      "unlimited": "Legal"
    },
    "images": {
      "small": "https://images.pokemontcg.io/pop3/15.png",
      "large": "https://images.pokemontcg.io/pop3/15_hires.png"
    }
  },
  {
    "id": "pop3-16",
    "name": "Pichu Bros.",
    "supertype": "Pokémon",
    "subtypes": [
      "Basic"
    ],
    "hp": "60",
    "types": [
      "Lightning"
    ],
    "evolvesTo": [
      "Pikachu"
    ],
    "attacks": [
      {
        "name": "Bustle",
        "cost": [
          "Lightning",
          "Lightning"
        ],
        "convertedEnergyCost": 2,
        "damage": "20×",
        "text": "Flip 2 coins. This attack does 20 damage times the number of heads. If either coin is heads, the Defending Pokémon is now Confused."
      }
    ],
    "weaknesses": [
      {
        "type": "Fighting",
        "value": "×2"
      }
    ],
    "retreatCost": [
      "Colorless"
    ],
    "convertedRetreatCost": 1,
    "number": "16",
    "artist": "Kagemaru Himeno",
    "rarity": "Common",
    "nationalPokedexNumbers": [
      172
    ],
    "legalities": {
      "unlimited": "Legal"
    },
    "images": {
      "small": "https://images.pokemontcg.io/pop3/16.png",
      "large": "https://images.pokemontcg.io/pop3/16_hires.png"
    }
  },
  {
    "id": "pop3-17",
    "name": "Ho-Oh ex",
    "supertype": "Pokémon",
    "subtypes": [
      "Basic",
      "ex"
    ],
    "hp": "110",
    "types": [
      "Fire"
    ],
    "rules": [
      "When Pokémon-ex has been Knocked Out, your opponent takes 2 Prize cards."
    ],
    "abilities": [
      {
        "name": "Golden Wing",
        "text": "If Ho-Oh ex would be Knocked Out by damage from an opponent's attack, you may move up to 2 Energy attached to Ho-Oh ex to your Pokémon in any way you like.",
        "type": "Poké-Power"
      }
    ],
    "attacks": [
      {
        "name": "Rainbow Burn",
        "cost": [
          "Colorless",
          "Colorless",
          "Colorless"
        ],
        "convertedEnergyCost": 3,
        "damage": "10+",
        "text": "Does 10 damage plus 20 more damage for each type of basic Energy card attached to Ho-Oh ex."
      }
    ],
    "weaknesses": [
      {
        "type": "Water",
        "value": "×2"
      }
    ],
    "retreatCost": [
      "Colorless",
      "Colorless"
    ],
    "convertedRetreatCost": 2,
    "number": "17",
    "artist": "Mitsuhiro Arita",
    "rarity": "Rare",
    "nationalPokedexNumbers": [
      250
    ],
    "legalities": {
      "unlimited": "Legal"
    },
    "images": {
      "small": "https://images.pokemontcg.io/pop3/17.png",
      "large": "https://images.pokemontcg.io/pop3/17_hires.png"
    }
  }
]
