[
  {
    "id": "pop4-1",
    "name": "Chimecho δ",
    "supertype": "Pokémon",
    "subtypes": [
      "Basic"
    ],
    "hp": "60",
    "types": [
      "Metal"
    ],
    "attacks": [
      {
        "name": "Wrap",
        "cost": [
          "Colorless"
        ],
        "convertedEnergyCost": 1,
        "damage": "",
        "text": "Flip a coin. If heads, the Defending Pokémon is now Paralyzed."
      },
      {
        "name": "Sonicboom",
        "cost": [
          "Metal",
          "Colorless"
        ],
        "convertedEnergyCost": 2,
        "damage": "30",
        "text": "This attack's damage isn't affected by Weakness or Resistance."
      }
    ],
    "weaknesses": [
      {
        "type": "Psychic",
        "value": "×2"
      }
    ],
    "retreatCost": [
      "Colorless"
    ],
    "convertedRetreatCost": 1,
    "number": "1",
    "artist": "Masakazu Fukuda",
    "rarity": "Rare",
    "nationalPokedexNumbers": [
      358
    ],
    "legalities": {
      "unlimited": "Legal"
    },
    "images": {
      "small": "https://images.pokemontcg.io/pop4/1.png",
      "large": "https://images.pokemontcg.io/pop4/1_hires.png"
    }
  },
  {
    "id": "pop4-2",
    "name": "Deoxys δ",
    "supertype": "Pokémon",
    "subtypes": [
      "Basic"
    ],
    "hp": "70",
    "types": [
      "Colorless"
    ],
    "abilities": [
      {
        "name": "Form Change",
        "text": "Once during your turn (before your attack), you may search your deck for another Deoxys and switch it with Deoxys. (Any cards attached to Deoxys, damage counters, Special Conditions, and effects on it are now on the new Pokémon.) If you do, put Deoxys on top of your deck. Shuffle your deck afterward. You can't use more than 1 Form Change Poké-Power each turn.",
        "type": "Poké-Power"
      }
    ],
    "attacks": [
      {
        "name": "Crystal Laser",
        "cost": [
          "Colorless",
          "Colorless"
        ],
        "convertedEnergyCost": 2,
        "damage": "20",
        "text": "During your next turn, Deoxys's attacks do 40 more damage to the Defending Pokémon (before applying Weakness and Resistance)."
      }
    ],
    "weaknesses": [
      {
        "type": "Psychic",
        "value": "×2"
      }
    ],
    "retreatCost": [
      "Colorless"
    ],
    "convertedRetreatCost": 1,
    "number": "2",
    "artist": "Kouki Saitou",
    "rarity": "Rare",
    "nationalPokedexNumbers": [
      386
    ],
    "legalities": {
      "unlimited": "Legal"
    },
    "images": {
      "small": "https://images.pokemontcg.io/pop4/2.png",
      "large": "https://images.pokemontcg.io/pop4/2_hires.png"
    }
  },
  {
    "id": "pop4-3",
    "name": "Flygon",
    "supertype": "Pokémon",
    "subtypes": [
      "Stage 2"
    ],
    "hp": "120",
    "types": [
      "Fighting"
    ],
    "evolvesFrom": "Vibrava",
    "abilities": [
      {
        "name": "Levitate",
        "text": "As long as Flygon has any Energy attached to it, the Retreat Cost for Flygon is 0.",
        "type": "Poké-Body"
      }
    ],
    "attacks": [
      {
        "name": "Bite",
        "cost": [
          "Fighting",
          "Colorless"
        ],
        "convertedEnergyCost": 2,
        "damage": "30",
        "text": ""
      },
      {
        "name": "Sand Pit",
        "cost": [
          "Fighting",
          "Colorless",
          "Colorless",
          "Colorless"
        ],
        "convertedEnergyCost": 4,
        "damage": "70",
        "text": "The Defending Pokémon can't retreat during your opponent's next turn."
      }
    ],
    "weaknesses": [
      {
        "type": "Water",
        "value": "×2"
      }
    ],
    "retreatCost": [
      "Colorless",
      "Colorless"
    ],
    "convertedRetreatCost": 2,
    "number": "3",
    "artist": "Hisao Nakamura",
    "rarity": "Rare",
    "nationalPokedexNumbers": [
      330
    ],
    "legalities": {
      "unlimited": "Legal"
    },
    "images": {
      "small": "https://images.pokemontcg.io/pop4/3.png",
      "large": "https://images.pokemontcg.io/pop4/3_hires.png"
    }
  },
  {
    "id": "pop4-4",
    "name": "Mew",
    "supertype": "Pokémon",
    "subtypes": [
      "Basic"
    ],
    "hp": "70",
    "types": [
      "Psychic"
    ],
    "abilities": [
      {
        "name": "Reactive Barrier",
        "text": "As long as Mew has any React Energy cards attached to it, prevent all effects, excluding damage, done to Mew by attacks from your opponent's Pokémon.",
        "type": "Poké-Body"
      }
    ],
    "attacks": [
      {
        "name": "Psyshock",
        "cost": [
          "Psychic",
          "Colorless"
        ],
        "convertedEnergyCost": 2,
        "damage": "20",
        "text": "Flip a coin. If heads, the Defending Pokémon is now Paralyzed."
      }
    ],
    "weaknesses": [
      {
        "type": "Psychic",
        "value": "×2"
      }
    ],
    "retreatCost": [
      "Colorless"
    ],
    "convertedRetreatCost": 1,
    "number": "4",
    "artist": "Nakaoka",
    "rarity": "Rare",
    "nationalPokedexNumbers": [
      151
    ],
    "legalities": {
      "unlimited": "Legal"
    },
    "images": {
      "small": "https://images.pokemontcg.io/pop4/4.png",
      "large": "https://images.pokemontcg.io/pop4/4_hires.png"
    }
  },
  {
    "id": "pop4-5",
    "name": "Sceptile",
    "supertype": "Pokémon",
    "subtypes": [
      "Stage 2"
    ],
    "hp": "100",
    "types": [
      "Grass"
    ],
    "evolvesFrom": "Grovyle",
    "abilities": [
      {
        "name": "Energy Trans",
        "text": "As often as you like during your turn (before your attack), move a Grass Energy card attached to 1 of your Pokémon to another of your Pokémon. This power can't be used if Sceptile is affected by a Special Condition.",
        "type": "Poké-Power"
      }
    ],
    "attacks": [
      {
        "name": "Tail Rap",
        "cost": [
          "Grass",
          "Colorless",
          "Colorless"
        ],
        "convertedEnergyCost": 3,
        "damage": "50×",
        "text": "Flip 2 coins. This attack does 50 damage times the number of heads."
      }
    ],
    "weaknesses": [
      {
        "type": "Fire",
        "value": "×2"
      }
    ],
    "resistances": [
      {
        "type": "Water",
        "value": "-30"
      }
    ],
    "retreatCost": [
      "Colorless",
      "Colorless",
      "Colorless"
    ],
    "convertedRetreatCost": 3,
    "number": "5",
    "artist": "Atsuko Nishida",
    "rarity": "Rare",
    "nationalPokedexNumbers": [
      254
    ],
    "legalities": {
      "unlimited": "Legal"
    },
    "images": {
      "small": "https://images.pokemontcg.io/pop4/5.png",
      "large": "https://images.pokemontcg.io/pop4/5_hires.png"
    }
  },
  {
    "id": "pop4-6",
    "name": "Combusken",
    "supertype": "Pokémon",
    "subtypes": [
      "Stage 1"
    ],
    "hp": "70",
    "types": [
      "Fire"
    ],
    "evolvesFrom": "Torchic",
    "evolvesTo": [
      "Blaziken"
    ],
    "attacks": [
      {
        "name": "Smokescreen",
        "cost": [
          "Fire"
        ],
        "convertedEnergyCost": 1,
        "damage": "10",
        "text": "If the Defending Pokémon tries to attack during your opponent's next turn, your opponent flips a coin. If tails, that attack does nothing."
      },
      {
        "name": "Sky Uppercut",
        "cost": [
          "Fire",
          "Colorless",
          "Colorless"
        ],
        "convertedEnergyCost": 3,
        "damage": "40",
        "text": "This attack's damage isn't affected by Resistance."
      }
    ],
    "weaknesses": [
      {
        "type": "Water",
        "value": "×2"
      }
    ],
    "retreatCost": [
      "Colorless"
    ],
    "convertedRetreatCost": 1,
    "number": "6",
    "artist": "Mitsuhiro Arita",
    "rarity": "Uncommon",
    "nationalPokedexNumbers": [
      256
    ],
    "legalities": {
      "unlimited": "Legal"
    },
    "images": {
      "small": "https://images.pokemontcg.io/pop4/6.png",
      "large": "https://images.pokemontcg.io/pop4/6_hires.png"
    }
  },
  {
    "id": "pop4-7",
    "name": "Grovyle",
    "supertype": "Pokémon",
    "subtypes": [
      "Stage 1"
    ],
    "hp": "70",
    "types": [
      "Grass"
    ],
    "evolvesFrom": "Treecko",
    "evolvesTo": [
      "Sceptile"
    ],
    "attacks": [
      {
        "name": "Quick Attack",
        "cost": [
          "Colorless"
        ],
        "convertedEnergyCost": 1,
        "damage": "10+",
        "text": "Flip a coin. If heads, this attack does 10 damage plus 10 more damage."
      },
      {
        "name": "Blot",
        "cost": [
          "Grass",
          "Colorless"
        ],
        "convertedEnergyCost": 2,
        "damage": "20",
        "text": "Remove 2 damage counters from Grovyle."
      }
    ],
    "weaknesses": [
      {
        "type": "Fire",
        "value": "×2"
      }
    ],
    "resistances": [
      {
        "type": "Water",
        "value": "-30"
      }
    ],
    "retreatCost": [
      "Colorless"
    ],
    "convertedRetreatCost": 1,
    "number": "7",
    "artist": "Mitsuhiro Arita",
    "rarity": "Uncommon",
    "nationalPokedexNumbers": [
      253
    ],
    "legalities": {
      "unlimited": "Legal"
    },
    "images": {
      "small": "https://images.pokemontcg.io/pop4/7.png",
      "large": "https://images.pokemontcg.io/pop4/7_hires.png"
    }
  },
  {
    "id": "pop4-8",
    "name": "Heal Energy",
    "supertype": "Energy",
    "subtypes": [
      "Special"
    ],
    "rules": [
      "Heal Energy provides Colorless Energy. When you attach this card from your hand to 1 of your Pokémon, remove 1 damage counter and all Special Conditions from that Pokémon. If Heal Energy is attached to Pokémon-ex, Heal Energy has no effect other than providing Energy."
    ],
    "number": "8",
    "artist": "Takumi Akabane",
    "rarity": "Uncommon",
    "legalities": {
      "unlimited": "Legal"
    },
    "images": {
      "small": "https://images.pokemontcg.io/pop4/8.png",
      "large": "https://images.pokemontcg.io/pop4/8_hires.png"
    }
  },
  {
    "id": "pop4-9",
    "name": "Pokémon Fan Club",
    "supertype": "Trainer",
    "subtypes": [
      "Supporter"
    ],
    "rules": [
      "You can play only one Supporter card each turn. When you play this card, put it next to your Active Pokémon. When your turn ends, discard this card.",
      "Search your deck for up to 2 Basic Pokémon and put them onto your Bench. Shuffle your deck afterward."
    ],
    "number": "9",
    "artist": "Ken Sugimori",
    "rarity": "Uncommon",
    "legalities": {
      "unlimited": "Legal"
    },
    "images": {
      "small": "https://images.pokemontcg.io/pop4/9.png",
      "large": "https://images.pokemontcg.io/pop4/9_hires.png"
    }
  },
  {
    "id": "pop4-10",
    "name": "Scramble Energy",
    "supertype": "Energy",
    "subtypes": [
      "Special"
    ],
    "rules": [
      "Scramble Energy can be attached only to an Evolved Pokémon (excluding Pokémon-ex). Scramble Energy provides Colorless Energy. While in play, if you have more Prize cards left than your opponent, Scramble Energy provides every type of Energy but provides only 3 in any combination at a time. If the Pokémon Scramble Energy is attached to isn't an Evolved Pokémon (or evolves into Pokémon-ex), discard Scramble Energy."
    ],
    "number": "10",
    "artist": "Takumi Akabane",
    "rarity": "Uncommon",
    "legalities": {
      "unlimited": "Legal"
    },
    "images": {
      "small": "https://images.pokemontcg.io/pop4/10.png",
      "large": "https://images.pokemontcg.io/pop4/10_hires.png"
    }
  },
  {
    "id": "pop4-11",
    "name": "Mudkip",
    "supertype": "Pokémon",
    "subtypes": [
      "Basic"
    ],
    "hp": "50",
    "types": [
      "Water"
    ],
    "evolvesTo": [
      "Marshtomp"
    ],
    "attacks": [
      {
        "name": "Super Hypno Wave",
        "cost": [
          "Water",
          "Colorless"
        ],
        "convertedEnergyCost": 2,
        "damage": "20",
        "text": "The Defending Pokémon is now Asleep."
      }
    ],
    "weaknesses": [
      {
        "type": "Grass",
        "value": "×2"
      }
    ],
    "retreatCost": [
      "Colorless"
    ],
    "convertedRetreatCost": 1,
    "number": "11",
    "artist": "Masakazu Fukuda",
    "rarity": "Common",
    "nationalPokedexNumbers": [
      258
    ],
    "legalities": {
      "unlimited": "Legal"
    },
    "images": {
      "small": "https://images.pokemontcg.io/pop4/11.png",
      "large": "https://images.pokemontcg.io/pop4/11_hires.png"
    }
  },
  {
    "id": "pop4-12",
    "name": "Pidgey",
    "supertype": "Pokémon",
    "subtypes": [
      "Basic"
    ],
    "hp": "40",
    "types": [
      "Colorless"
    ],
    "evolvesTo": [
      "Pidgeotto"
    ],
    "attacks": [
      {
        "name": "Quick Attack",
        "cost": [
          "Colorless",
          "Colorless"
        ],
        "convertedEnergyCost": 2,
        "damage": "20+",
        "text": "Flip a coin. If heads, this attack does 20 damage plus 10 more damage."
      }
    ],
    "weaknesses": [
      {
        "type": "Lightning",
        "value": "×2"
      }
    ],
    "resistances": [
      {
        "type": "Fighting",
        "value": "-30"
      }
    ],
    "retreatCost": [
      "Colorless"
    ],
    "convertedRetreatCost": 1,
    "number": "12",
    "artist": "Hisao Nakamura",
    "rarity": "Common",
    "nationalPokedexNumbers": [
      16
    ],
    "legalities": {
      "unlimited": "Legal"
    },
    "images": {
      "small": "https://images.pokemontcg.io/pop4/12.png",
      "large": "https://images.pokemontcg.io/pop4/12_hires.png"
    }
  },
  {
    "id": "pop4-13",
    "name": "Pikachu",
    "supertype": "Pokémon",
    "subtypes": [
      "Basic"
    ],
    "hp": "50",
    "types": [
      "Lightning"
    ],
    "evolvesTo": [
      "Raichu"
    ],
    "attacks": [
      {
        "name": "Spark",
        "cost": [
          "Lightning",
          "Colorless"
        ],
        "convertedEnergyCost": 2,
        "damage": "20",
        "text": "Does 10 damage to 1 of your opponent's Benched Pokémon. (Don't apply Weakness and Resistance for Benched Pokémon.)"
      }
    ],
    "weaknesses": [
      {
        "type": "Fighting",
        "value": "×2"
      }
    ],
    "retreatCost": [
      "Colorless"
    ],
    "convertedRetreatCost": 1,
    "number": "13",
    "artist": "Kouki Saitou",
    "rarity": "Common",
    "nationalPokedexNumbers": [
      25
    ],
    "legalities": {
      "unlimited": "Legal"
    },
    "images": {
      "small": "https://images.pokemontcg.io/pop4/13.png",
      "large": "https://images.pokemontcg.io/pop4/13_hires.png"
    }
  },
  {
    "id": "pop4-14",
    "name": "Squirtle",
    "supertype": "Pokémon",
    "subtypes": [
      "Basic"
    ],
    "hp": "50",
    "types": [
      "Water"
    ],
    "evolvesTo": [
      "Wartortle"
    ],
    "abilities": [
      {
        "name": "Shell Retreat",
        "text": "As long as Squirtle has any Energy cards attached to it, damage done to Squirtle by an opponent's attack is reduced by 10 (after applying Weakness and Resistance).",
        "type": "Poké-Body"
      }
    ],
    "attacks": [
      {
        "name": "Tackle",
        "cost": [
          "Colorless"
        ],
        "convertedEnergyCost": 1,
        "damage": "10",
        "text": ""
      }
    ],
    "weaknesses": [
      {
        "type": "Lightning",
        "value": "×2"
      }
    ],
    "retreatCost": [
      "Colorless"
    ],
    "convertedRetreatCost": 1,
    "number": "14",
    "artist": "Atsuko Nishida",
    "rarity": "Common",
    "nationalPokedexNumbers": [
      7
    ],
    "legalities": {
      "unlimited": "Legal"
    },
    "images": {
      "small": "https://images.pokemontcg.io/pop4/14.png",
      "large": "https://images.pokemontcg.io/pop4/14_hires.png"
    }
  },
  {
    "id": "pop4-15",
    "name": "Treecko δ",
    "supertype": "Pokémon",
    "subtypes": [
      "Basic"
    ],
    "hp": "40",
    "types": [
      "Psychic"
    ],
    "evolvesTo": [
      "Grovyle"
    ],
    "attacks": [
      {
        "name": "Pound",
        "cost": [
          "Colorless"
        ],
        "convertedEnergyCost": 1,
        "damage": "10",
        "text": ""
      },
      {
        "name": "Shining Claws",
        "cost": [
          "Psychic"
        ],
        "convertedEnergyCost": 1,
        "damage": "10",
        "text": "Flip a coin. If heads, the Defending Pokémon is now Confused."
      }
    ],
    "weaknesses": [
      {
        "type": "Fire",
        "value": "×2"
      }
    ],
    "resistances": [
      {
        "type": "Water",
        "value": "-30"
      }
    ],
    "retreatCost": [
      "Colorless"
    ],
    "convertedRetreatCost": 1,
    "number": "15",
    "artist": "Masakazu Fukuda",
    "rarity": "Common",
    "nationalPokedexNumbers": [
      252
    ],
    "legalities": {
      "unlimited": "Legal"
    },
    "images": {
      "small": "https://images.pokemontcg.io/pop4/15.png",
      "large": "https://images.pokemontcg.io/pop4/15_hires.png"
    }
  },
  {
    "id": "pop4-16",
    "name": "Wobbuffet",
    "supertype": "Pokémon",
    "subtypes": [
      "Basic"
    ],
    "hp": "80",
    "types": [
      "Psychic"
    ],
    "attacks": [
      {
        "name": "Nap",
        "cost": [
          "Colorless"
        ],
        "convertedEnergyCost": 1,
        "damage": "",
        "text": "Remove 2 damage counters from Wobbuffet."
      },
      {
        "name": "Expand",
        "cost": [
          "Psychic",
          "Colorless"
        ],
        "convertedEnergyCost": 2,
        "damage": "20",
        "text": "During your opponent's next turn, any damage done to Wobbuffet is reduced by 20 (after applying Weakness and Resistance)."
      }
    ],
    "weaknesses": [
      {
        "type": "Psychic",
        "value": "×2"
      }
    ],
    "retreatCost": [
      "Colorless",
      "Colorless"
    ],
    "convertedRetreatCost": 2,
    "number": "16",
    "artist": "Kagemaru Himeno",
    "rarity": "Common",
    "nationalPokedexNumbers": [
      202
    ],
    "legalities": {
      "unlimited": "Legal"
    },
    "images": {
      "small": "https://images.pokemontcg.io/pop4/16.png",
      "large": "https://images.pokemontcg.io/pop4/16_hires.png"
    }
  },
  {
    "id": "pop4-17",
    "name": "Deoxys ex",
    "supertype": "Pokémon",
    "subtypes": [
      "Basic",
      "ex"
    ],
    "hp": "110",
    "types": [
      "Psychic"
    ],
    "rules": [
      "When Pokémon-ex has been Knocked Out, your opponent takes 2 Prize cards."
    ],
    "abilities": [
      {
        "name": "Form Change",
        "text": "Once during your turn (before your attack), you may search your deck for another Deoxys ex and switch it with Deoxys ex. (Any cards attached to Deoxys ex, damage counters, Special Conditions, and effects on it are now on the new Pokémon.) If you do, put Deoxys ex on top of your deck. Shuffle your deck afterward. You can't use more than 1 Form Change Poké-Power each turn.",
        "type": "Poké-Power"
      }
    ],
    "attacks": [
      {
        "name": "Fastwave",
        "cost": [
          "Colorless",
          "Colorless",
          "Colorless"
        ],
        "convertedEnergyCost": 3,
        "damage": "50",
        "text": "This attack's damage isn't affected by Resistance, Poké-Powers, Poké-Bodies, or any other effects on the Defending Pokémon."
      }
    ],
    "weaknesses": [
      {
        "type": "Psychic",
        "value": "×2"
      }
    ],
    "retreatCost": [
      "Colorless"
    ],
    "convertedRetreatCost": 1,
    "number": "17",
    "artist": "Hiromichi Sugiyama",
    "rarity": "Rare",
    "nationalPokedexNumbers": [
      386
    ],
    "legalities": {
      "unlimited": "Legal"
    },
    "images": {
      "small": "https://images.pokemontcg.io/pop4/17.png",
      "large": "https://images.pokemontcg.io/pop4/17_hires.png"
    }
  }
]
