[
  {
    "id": "si1-1",
    "name": "Mew",
    "supertype": "Pokémon",
    "subtypes": [
      "Basic"
    ],
    "hp": "30",
    "types": [
      "Psychic"
    ],
    "attacks": [
      {
        "name": "Rainbow Wave",
        "cost": [
          "Psychic"
        ],
        "convertedEnergyCost": 1,
        "damage": "",
        "text": "Choose a type of Energy other than Colorless attached to Mew. This attack does 20 damage to each of your opponent's Pokémon of that type (including Benched Pokémon). Don't apply Weakness and Resistance."
      }
    ],
    "weaknesses": [
      {
        "type": "Psychic",
        "value": "×2"
      }
    ],
    "number": "1",
    "artist": "Keiko Fukuyama",
    "flavorText": "This Pokémon's body is covered by fine hairs that can be seen only under a microscope.",
    "nationalPokedexNumbers": [
      151
    ],
    "legalities": {
      "unlimited": "Legal"
    },
    "images": {
      "small": "https://images.pokemontcg.io/si1/1.png",
      "large": "https://images.pokemontcg.io/si1/1_hires.png"
    }
  },
  {
    "id": "si1-2",
    "name": "Pidgeot",
    "supertype": "Pokémon",
    "subtypes": [
      "Stage 2"
    ],
    "hp": "70",
    "types": [
      "Colorless"
    ],
    "evolvesFrom": "Pidgeotto",
    "attacks": [
      {
        "name": "Supersonic Flight",
        "cost": [
          "Colorless",
          "Colorless"
        ],
        "convertedEnergyCost": 2,
        "damage": "40",
        "text": "Flip a coin. If tails, this attack does nothing."
      },
      {
        "name": "Slicing Wind",
        "cost": [
          "Colorless",
          "Colorless",
          "Colorless",
          "Colorless"
        ],
        "convertedEnergyCost": 4,
        "damage": "50",
        "text": ""
      }
    ],
    "weaknesses": [
      {
        "type": "Lightning",
        "value": "×2"
      }
    ],
    "resistances": [
      {
        "type": "Fighting",
        "value": "-30"
      }
    ],
    "number": "2",
    "artist": "Keiko Fukuyama",
    "flavorText": "This Pokémon searches for food while flying at Mach 2. Its large claws make fearsome weapons.",
    "nationalPokedexNumbers": [
      18
    ],
    "legalities": {
      "unlimited": "Legal"
    },
    "images": {
      "small": "https://images.pokemontcg.io/si1/2.png",
      "large": "https://images.pokemontcg.io/si1/2_hires.png"
    }
  },
  {
    "id": "si1-3",
    "name": "Onix",
    "supertype": "Pokémon",
    "subtypes": [
      "Basic"
    ],
    "hp": "90",
    "types": [
      "Fighting"
    ],
    "evolvesTo": [
      "Steelix"
    ],
    "attacks": [
      {
        "name": "Slam",
        "cost": [
          "Colorless",
          "Colorless"
        ],
        "convertedEnergyCost": 2,
        "damage": "20×",
        "text": "Flip 2 coins. This attack does 20 damage times the number of heads."
      },
      {
        "name": "Body Slam",
        "cost": [
          "Fighting",
          "Fighting",
          "Fighting",
          "Fighting"
        ],
        "convertedEnergyCost": 4,
        "damage": "40",
        "text": "Flip a coin. If heads, the Defending Pokémon is now Paralyzed."
      }
    ],
    "weaknesses": [
      {
        "type": "Grass",
        "value": "×2"
      }
    ],
    "retreatCost": [
      "Colorless",
      "Colorless",
      "Colorless"
    ],
    "convertedRetreatCost": 3,
    "number": "3",
    "artist": "Keiko Fukuyama",
    "flavorText": "This Pokémon burrows through the earth at high speed, looking for food. The tunnels it digs are used by Diglett as nests.",
    "nationalPokedexNumbers": [
      95
    ],
    "legalities": {
      "unlimited": "Legal"
    },
    "images": {
      "small": "https://images.pokemontcg.io/si1/3.png",
      "large": "https://images.pokemontcg.io/si1/3_hires.png"
    }
  },
  {
    "id": "si1-4",
    "name": "Togepi",
    "supertype": "Pokémon",
    "subtypes": [
      "Basic"
    ],
    "hp": "40",
    "types": [
      "Colorless"
    ],
    "evolvesTo": [
      "Togetic"
    ],
    "attacks": [
      {
        "name": "Bawl",
        "cost": [
          "Colorless"
        ],
        "convertedEnergyCost": 1,
        "damage": "10",
        "text": "Flip a coin. If heads, the Defending Pokémon is now Confused."
      }
    ],
    "resistances": [
      {
        "type": "Psychic",
        "value": "-30"
      }
    ],
    "retreatCost": [
      "Colorless"
    ],
    "convertedRetreatCost": 1,
    "number": "4",
    "artist": "Keiko Fukuyama",
    "flavorText": "This Pokémon is still immature. When threatened, it releases poison from its head and tries to drive its enemies away.",
    "nationalPokedexNumbers": [
      175
    ],
    "legalities": {
      "unlimited": "Legal"
    },
    "images": {
      "small": "https://images.pokemontcg.io/si1/4.png",
      "large": "https://images.pokemontcg.io/si1/4_hires.png"
    }
  },
  {
    "id": "si1-5",
    "name": "Ivysaur",
    "supertype": "Pokémon",
    "subtypes": [
      "Stage 1"
    ],
    "hp": "60",
    "types": [
      "Grass"
    ],
    "evolvesFrom": "Bulbasaur",
    "evolvesTo": [
      "Venusaur"
    ],
    "attacks": [
      {
        "name": "Strange Scent",
        "cost": [
          "Grass"
        ],
        "convertedEnergyCost": 1,
        "damage": "",
        "text": "Each player flips a coin. Each player who gets heads chooses a total of 3 damage counters from among his or her Pokémon and removes them. (If the player's Pokémon have fewer total damage counters than that, he or she removes all of them.)"
      },
      {
        "name": "Razor Leaf",
        "cost": [
          "Grass",
          "Grass"
        ],
        "convertedEnergyCost": 2,
        "damage": "30",
        "text": ""
      }
    ],
    "weaknesses": [
      {
        "type": "Fire",
        "value": "×2"
      }
    ],
    "retreatCost": [
      "Colorless"
    ],
    "convertedRetreatCost": 1,
    "number": "5",
    "artist": "Keiko Fukuyama",
    "flavorText": "A sure sign spring is on its way is when the seed on this Pokémon's back flowers.",
    "nationalPokedexNumbers": [
      2
    ],
    "legalities": {
      "unlimited": "Legal"
    },
    "images": {
      "small": "https://images.pokemontcg.io/si1/5.png",
      "large": "https://images.pokemontcg.io/si1/5_hires.png"
    }
  },
  {
    "id": "si1-6",
    "name": "Raticate",
    "supertype": "Pokémon",
    "subtypes": [
      "Stage 1"
    ],
    "hp": "60",
    "types": [
      "Colorless"
    ],
    "evolvesFrom": "Rattata",
    "attacks": [
      {
        "name": "Sharp Teeth",
        "cost": [
          "Colorless",
          "Colorless"
        ],
        "convertedEnergyCost": 2,
        "damage": "10+",
        "text": "Flip a coin. If heads, this attack does 10 damage plus 30 more damage; if tails, this attack does 10 damage."
      }
    ],
    "weaknesses": [
      {
        "type": "Fighting",
        "value": "×2"
      }
    ],
    "resistances": [
      {
        "type": "Psychic",
        "value": "-30"
      }
    ],
    "number": "6",
    "artist": "Keiko Fukuyama",
    "flavorText": "This Pokémon sometimes hunts for food in rivers, swimming using the small webs between the toes on its rear legs.",
    "nationalPokedexNumbers": [
      20
    ],
    "legalities": {
      "unlimited": "Legal"
    },
    "images": {
      "small": "https://images.pokemontcg.io/si1/6.png",
      "large": "https://images.pokemontcg.io/si1/6_hires.png"
    }
  },
  {
    "id": "si1-7",
    "name": "Ledyba",
    "supertype": "Pokémon",
    "subtypes": [
      "Basic"
    ],
    "hp": "40",
    "types": [
      "Grass"
    ],
    "evolvesTo": [
      "Ledian"
    ],
    "attacks": [
      {
        "name": "Gnaw",
        "cost": [
          "Colorless"
        ],
        "convertedEnergyCost": 1,
        "damage": "10",
        "text": ""
      },
      {
        "name": "Agility",
        "cost": [
          "Grass",
          "Grass"
        ],
        "convertedEnergyCost": 2,
        "damage": "20",
        "text": "Flip a coin. If heads, during your opponent's next turn, prevent all effects of attacks, including damage, done to Ledyba."
      }
    ],
    "weaknesses": [
      {
        "type": "Fire",
        "value": "×2"
      }
    ],
    "resistances": [
      {
        "type": "Fighting",
        "value": "-30"
      }
    ],
    "retreatCost": [
      "Colorless"
    ],
    "convertedRetreatCost": 1,
    "number": "7",
    "artist": "Keiko Fukuyama",
    "flavorText": "When it senses enemies approaching, this Pokémon releases an orange fluid from the joints in its legs and flees.",
    "nationalPokedexNumbers": [
      165
    ],
    "legalities": {
      "unlimited": "Legal"
    },
    "images": {
      "small": "https://images.pokemontcg.io/si1/7.png",
      "large": "https://images.pokemontcg.io/si1/7_hires.png"
    }
  },
  {
    "id": "si1-8",
    "name": "Jigglypuff",
    "supertype": "Pokémon",
    "subtypes": [
      "Basic"
    ],
    "hp": "50",
    "types": [
      "Colorless"
    ],
    "evolvesTo": [
      "Wigglytuff"
    ],
    "attacks": [
      {
        "name": "Tempting Eyes",
        "cost": [
          "Colorless"
        ],
        "convertedEnergyCost": 1,
        "damage": "",
        "text": "Choose 1 of your opponent's Benched Pokémon and switch it with the Defending Pokémon."
      },
      {
        "name": "Sing",
        "cost": [
          "Colorless"
        ],
        "convertedEnergyCost": 1,
        "damage": "",
        "text": "Flip a coin. If heads, the Defending Pokémon is now Asleep."
      }
    ],
    "weaknesses": [
      {
        "type": "Fighting",
        "value": "×2"
      }
    ],
    "resistances": [
      {
        "type": "Psychic",
        "value": "-30"
      }
    ],
    "retreatCost": [
      "Colorless"
    ],
    "convertedRetreatCost": 1,
    "number": "8",
    "artist": "Keiko Fukuyama",
    "flavorText": "After lulling its enemies with its large eyes, this Pokémon sings them to sleep with a relaxing melody.",
    "nationalPokedexNumbers": [
      39
    ],
    "legalities": {
      "unlimited": "Legal"
    },
    "images": {
      "small": "https://images.pokemontcg.io/si1/8.png",
      "large": "https://images.pokemontcg.io/si1/8_hires.png"
    }
  },
  {
    "id": "si1-9",
    "name": "Butterfree",
    "supertype": "Pokémon",
    "subtypes": [
      "Stage 2"
    ],
    "hp": "80",
    "types": [
      "Grass"
    ],
    "evolvesFrom": "Metapod",
    "attacks": [
      {
        "name": "Fly",
        "cost": [
          "Colorless",
          "Colorless",
          "Colorless"
        ],
        "convertedEnergyCost": 3,
        "damage": "30",
        "text": "Flip a coin. If heads, during your opponent's next turn, prevent all effects of attacks, including damage, done to Butterfree. If tails, this attack does nothing (not even damage)."
      },
      {
        "name": "Rainbow Powder",
        "cost": [
          "Grass",
          "Grass",
          "Colorless"
        ],
        "convertedEnergyCost": 3,
        "damage": "20",
        "text": "Flip a coin. If heads, the Defending Pokémon is now Paralyzed. If tails, the Defending Pokémon is now Poisoned."
      }
    ],
    "weaknesses": [
      {
        "type": "Fire",
        "value": "×2"
      }
    ],
    "resistances": [
      {
        "type": "Fighting",
        "value": "-30"
      }
    ],
    "retreatCost": [
      "Colorless"
    ],
    "convertedRetreatCost": 1,
    "number": "9",
    "artist": "Keiko Fukuyama",
    "flavorText": "The poison scales on its wings are waterproof, allowing this Pokémon to be active even on rainy days.",
    "nationalPokedexNumbers": [
      12
    ],
    "legalities": {
      "unlimited": "Legal"
    },
    "images": {
      "small": "https://images.pokemontcg.io/si1/9.png",
      "large": "https://images.pokemontcg.io/si1/9_hires.png"
    }
  },
  {
    "id": "si1-10",
    "name": "Tentacruel",
    "supertype": "Pokémon",
    "subtypes": [
      "Stage 1"
    ],
    "hp": "60",
    "types": [
      "Water"
    ],
    "evolvesFrom": "Tentacool",
    "attacks": [
      {
        "name": "Tentacle Grip",
        "cost": [
          "Water"
        ],
        "convertedEnergyCost": 1,
        "damage": "",
        "text": "Flip a number of coins equal to the number of Water Energy attached to Tentacruel. For each heads, draw 2 cards."
      },
      {
        "name": "Poison Sting",
        "cost": [
          "Water",
          "Water"
        ],
        "convertedEnergyCost": 2,
        "damage": "20",
        "text": "Flip a coin. If heads, the Defending Pokémon is now Paralyzed."
      }
    ],
    "weaknesses": [
      {
        "type": "Lightning",
        "value": "×2"
      }
    ],
    "retreatCost": [
      "Colorless"
    ],
    "convertedRetreatCost": 1,
    "number": "10",
    "artist": "Naoyo Kimura",
    "flavorText": "This Pokémon attacks its prey with its eighty toxin-producing tentacles.",
    "nationalPokedexNumbers": [
      73
    ],
    "legalities": {
      "unlimited": "Legal"
    },
    "images": {
      "small": "https://images.pokemontcg.io/si1/10.png",
      "large": "https://images.pokemontcg.io/si1/10_hires.png"
    }
  },
  {
    "id": "si1-11",
    "name": "Marill",
    "supertype": "Pokémon",
    "subtypes": [
      "Basic"
    ],
    "hp": "40",
    "types": [
      "Water"
    ],
    "evolvesTo": [
      "Azumarill"
    ],
    "attacks": [
      {
        "name": "Squirt",
        "cost": [
          "Water"
        ],
        "convertedEnergyCost": 1,
        "damage": "",
        "text": "Choose 1 of your opponent's Pokémon. This attack does 10 damage to that Pokémon. Don't apply Weakness and Resistance."
      },
      {
        "name": "Rolling Tackle",
        "cost": [
          "Colorless",
          "Colorless"
        ],
        "convertedEnergyCost": 2,
        "damage": "20",
        "text": ""
      }
    ],
    "weaknesses": [
      {
        "type": "Lightning",
        "value": "×2"
      }
    ],
    "retreatCost": [
      "Colorless"
    ],
    "convertedRetreatCost": 1,
    "number": "11",
    "artist": "Naoyo Kimura",
    "flavorText": "This Pokémon's fur repels water like a duck's feathers, allowing it to stay dry and fluffy even in water.",
    "nationalPokedexNumbers": [
      183
    ],
    "legalities": {
      "unlimited": "Legal"
    },
    "images": {
      "small": "https://images.pokemontcg.io/si1/11.png",
      "large": "https://images.pokemontcg.io/si1/11_hires.png"
    }
  },
  {
    "id": "si1-12",
    "name": "Lapras",
    "supertype": "Pokémon",
    "subtypes": [
      "Basic"
    ],
    "hp": "70",
    "types": [
      "Water"
    ],
    "attacks": [
      {
        "name": "Gentle Song",
        "cost": [
          "Colorless"
        ],
        "convertedEnergyCost": 1,
        "damage": "",
        "text": "If Lapras has any damage counters on it, remove 2 of them from it (1 if it only has 1). If the Defending Pokémon has any damage counters on it, remove 2 of them from it (1 if it only has 1). The Defending Pokémon is now Asleep."
      },
      {
        "name": "Ice Beam",
        "cost": [
          "Water",
          "Water"
        ],
        "convertedEnergyCost": 2,
        "damage": "20",
        "text": "Flip a coin. If heads, the Defending Pokémon is now Paralyzed."
      }
    ],
    "weaknesses": [
      {
        "type": "Lightning",
        "value": "×2"
      }
    ],
    "retreatCost": [
      "Colorless"
    ],
    "convertedRetreatCost": 1,
    "number": "12",
    "artist": "Naoyo Kimura",
    "flavorText": "This gentle Pokémon can understand human language and allows people to ride on its back.",
    "nationalPokedexNumbers": [
      131
    ],
    "legalities": {
      "unlimited": "Legal"
    },
    "images": {
      "small": "https://images.pokemontcg.io/si1/12.png",
      "large": "https://images.pokemontcg.io/si1/12_hires.png"
    }
  },
  {
    "id": "si1-13",
    "name": "Exeggutor",
    "supertype": "Pokémon",
    "subtypes": [
      "Stage 1"
    ],
    "hp": "70",
    "types": [
      "Grass"
    ],
    "evolvesFrom": "Exeggcute",
    "attacks": [
      {
        "name": "Sharpshooter",
        "cost": [
          "Grass"
        ],
        "convertedEnergyCost": 1,
        "damage": "",
        "text": "Choose 1 of your opponent's Pokémon. Flip a number of coins equal to the number of Grass Energy attached to Exeggutor. This attack does 10 damage times the number of heads to that Pokémon. Don't apply Weakness and Resistance."
      }
    ],
    "weaknesses": [
      {
        "type": "Fire",
        "value": "×2"
      }
    ],
    "retreatCost": [
      "Colorless",
      "Colorless"
    ],
    "convertedRetreatCost": 2,
    "number": "13",
    "artist": "Naoyo Kimura",
    "flavorText": "This Pokémon has a unique cry, as all three of its heads are always talking independently of one another.",
    "nationalPokedexNumbers": [
      103
    ],
    "legalities": {
      "unlimited": "Legal"
    },
    "images": {
      "small": "https://images.pokemontcg.io/si1/13.png",
      "large": "https://images.pokemontcg.io/si1/13_hires.png"
    }
  },
  {
    "id": "si1-14",
    "name": "Slowking",
    "supertype": "Pokémon",
    "subtypes": [
      "Stage 1"
    ],
    "hp": "70",
    "types": [
      "Psychic"
    ],
    "evolvesFrom": "Slowpoke",
    "attacks": [
      {
        "name": "Revelation",
        "cost": [
          "Psychic"
        ],
        "convertedEnergyCost": 1,
        "damage": "",
        "text": "Flip a coin. If heads, search your deck for a Trainer card, show it to your opponent, and put it into your hand. Shuffle your deck afterward."
      },
      {
        "name": "Psychic",
        "cost": [
          "Psychic",
          "Colorless"
        ],
        "convertedEnergyCost": 2,
        "damage": "10+",
        "text": "Does 10 damage plus 10 more damage for each Energy card attached to the Defending Pokémon."
      }
    ],
    "weaknesses": [
      {
        "type": "Psychic",
        "value": "×2"
      }
    ],
    "retreatCost": [
      "Colorless",
      "Colorless"
    ],
    "convertedRetreatCost": 2,
    "number": "14",
    "artist": "Naoyo Kimura",
    "flavorText": "Its nonchalant reaction to everything somehow gives this Pokémon an imposing presence.",
    "nationalPokedexNumbers": [
      199
    ],
    "legalities": {
      "unlimited": "Legal"
    },
    "images": {
      "small": "https://images.pokemontcg.io/si1/14.png",
      "large": "https://images.pokemontcg.io/si1/14_hires.png"
    }
  },
  {
    "id": "si1-15",
    "name": "Wartortle",
    "supertype": "Pokémon",
    "subtypes": [
      "Stage 1"
    ],
    "hp": "60",
    "types": [
      "Water"
    ],
    "evolvesFrom": "Squirtle",
    "evolvesTo": [
      "Blastoise"
    ],
    "attacks": [
      {
        "name": "Water Gun",
        "cost": [
          "Water",
          "Water"
        ],
        "convertedEnergyCost": 2,
        "damage": "20+",
        "text": "Does 20 damage plus 10 more damage for each Water Energy attached to Wartortle but not used to pay for this attack's Energy cost. You can't add more than 20 damage in this way."
      }
    ],
    "weaknesses": [
      {
        "type": "Lightning",
        "value": "×2"
      }
    ],
    "retreatCost": [
      "Colorless"
    ],
    "convertedRetreatCost": 1,
    "number": "15",
    "artist": "Naoyo Kimura",
    "flavorText": "When attacked, this Pokémon withdraws into its shell, although it can't quite pull in all of its long tail.",
    "nationalPokedexNumbers": [
      8
    ],
    "legalities": {
      "unlimited": "Legal"
    },
    "images": {
      "small": "https://images.pokemontcg.io/si1/15.png",
      "large": "https://images.pokemontcg.io/si1/15_hires.png"
    }
  },
  {
    "id": "si1-16",
    "name": "Lickitung",
    "supertype": "Pokémon",
    "subtypes": [
      "Basic"
    ],
    "hp": "70",
    "types": [
      "Colorless"
    ],
    "evolvesTo": [
      "Lickilicky"
    ],
    "attacks": [
      {
        "name": "Lick Wounds",
        "cost": [
          "Colorless"
        ],
        "convertedEnergyCost": 1,
        "damage": "",
        "text": "Flip a coin. If heads, choose 1 Pokémon (yours or your opponent's) with damage counters on it and remove 2 damage counters from it (1 if it only has 1)."
      },
      {
        "name": "Tongue Stretch",
        "cost": [
          "Colorless",
          "Colorless"
        ],
        "convertedEnergyCost": 2,
        "damage": "",
        "text": "Flip a coin. If heads, choose 1 of your opponent's Pokémon. This attack does 20 damage to that Pokémon. Don't apply Weakness and Resistance."
      }
    ],
    "weaknesses": [
      {
        "type": "Fighting",
        "value": "×2"
      }
    ],
    "resistances": [
      {
        "type": "Psychic",
        "value": "-30"
      }
    ],
    "retreatCost": [
      "Colorless",
      "Colorless"
    ],
    "convertedRetreatCost": 2,
    "number": "16",
    "artist": "Naoyo Kimura",
    "flavorText": "This Pokémon uses its six-foot tongue as if it were a hand. The origin of its anaesthetic properties is still a mystery.",
    "nationalPokedexNumbers": [
      108
    ],
    "legalities": {
      "unlimited": "Legal"
    },
    "images": {
      "small": "https://images.pokemontcg.io/si1/16.png",
      "large": "https://images.pokemontcg.io/si1/16_hires.png"
    }
  },
  {
    "id": "si1-17",
    "name": "Vileplume",
    "supertype": "Pokémon",
    "subtypes": [
      "Stage 2"
    ],
    "hp": "70",
    "types": [
      "Grass"
    ],
    "evolvesFrom": "Gloom",
    "attacks": [
      {
        "name": "Paradise Pollen",
        "cost": [
          "Grass"
        ],
        "convertedEnergyCost": 1,
        "damage": "",
        "text": "Flip a coin. If heads, remove 2 damage counters from Vileplume (1 if it only has 1). Then, if you have any Benched Pokémon with damage counters on them, choose 1 of them and remove 2 damage counters from it (1 if it only has 1)."
      },
      {
        "name": "Horrid Pollen",
        "cost": [
          "Grass",
          "Grass",
          "Colorless"
        ],
        "convertedEnergyCost": 3,
        "damage": "30",
        "text": "Flip a coin. If heads, the Defending Pokémon is now Paralyzed. If tails, the Defending Pokémon is now Confused."
      }
    ],
    "weaknesses": [
      {
        "type": "Fire",
        "value": "×2"
      }
    ],
    "retreatCost": [
      "Colorless",
      "Colorless"
    ],
    "convertedRetreatCost": 2,
    "number": "17",
    "artist": "Naoyo Kimura",
    "flavorText": "This Pokémon makes a loud jangling noise when it shakes its petals to spread poison powder.",
    "nationalPokedexNumbers": [
      45
    ],
    "legalities": {
      "unlimited": "Legal"
    },
    "images": {
      "small": "https://images.pokemontcg.io/si1/17.png",
      "large": "https://images.pokemontcg.io/si1/17_hires.png"
    }
  },
  {
    "id": "si1-18",
    "name": "Primeape",
    "supertype": "Pokémon",
    "subtypes": [
      "Stage 1"
    ],
    "hp": "60",
    "types": [
      "Fighting"
    ],
    "evolvesFrom": "Mankey",
    "attacks": [
      {
        "name": "Low Kick",
        "cost": [
          "Fighting"
        ],
        "convertedEnergyCost": 1,
        "damage": "20",
        "text": ""
      },
      {
        "name": "Rampage",
        "cost": [
          "Fighting",
          "Fighting"
        ],
        "convertedEnergyCost": 2,
        "damage": "20+",
        "text": "Does 20 damage plus 10 more damage for each damage counter on Primeape. Flip a coin. If tails, Primeape is now Confused (after doing damage)."
      }
    ],
    "weaknesses": [
      {
        "type": "Psychic",
        "value": "×2"
      }
    ],
    "retreatCost": [
      "Colorless"
    ],
    "convertedRetreatCost": 1,
    "number": "18",
    "artist": "Naoyo Kimura",
    "flavorText": "This Pokémon only calms down when there are no other animals or people around—which means no one has ever seen it when it's not angry.",
    "nationalPokedexNumbers": [
      57
    ],
    "legalities": {
      "unlimited": "Legal"
    },
    "images": {
      "small": "https://images.pokemontcg.io/si1/18.png",
      "large": "https://images.pokemontcg.io/si1/18_hires.png"
    }
  }
]
