[
  {
    "id": "sve-1",
    "name": "Basic Grass Energy",
    "supertype": "Energy",
    "subtypes": [
      "Basic"
    ],
    "number": "1",
    "rarity": "Common",
    "legalities": {
      "unlimited": "Legal",
      "standard": "Legal",
      "expanded": "Legal"
    },
    "images": {
      "small": "https://images.pokemontcg.io/sve/1.png",
      "large": "https://images.pokemontcg.io/sve/1_hires.png"
    }
  },
  {
    "id": "sve-2",
    "name": "Basic Fire Energy",
    "supertype": "Energy",
    "subtypes": [
      "Basic"
    ],
    "number": "2",
    "rarity": "Common",
    "legalities": {
      "unlimited": "Legal",
      "standard": "Legal",
      "expanded": "Legal"
    },
    "images": {
      "small": "https://images.pokemontcg.io/sve/2.png",
      "large": "https://images.pokemontcg.io/sve/2_hires.png"
    }
  },
  {
    "id": "sve-3",
    "name": "Basic Water Energy",
    "supertype": "Energy",
    "subtypes": [
      "Basic"
    ],
    "number": "3",
    "rarity": "Common",
    "legalities": {
      "unlimited": "Legal",
      "standard": "Legal",
      "expanded": "Legal"
    },
    "images": {
      "small": "https://images.pokemontcg.io/sve/3.png",
      "large": "https://images.pokemontcg.io/sve/3_hires.png"
    }
  },
  {
    "id": "sve-4",
    "name": "Basic Lightning Energy",
    "supertype": "Energy",
    "subtypes": [
      "Basic"
    ],
    "number": "4",
    "rarity": "Common",
    "legalities": {
      "unlimited": "Legal",
      "standard": "Legal",
      "expanded": "Legal"
    },
    "images": {
      "small": "https://images.pokemontcg.io/sve/4.png",
      "large": "https://images.pokemontcg.io/sve/4_hires.png"
    }
  },
  {
    "id": "sve-5",
    "name": "Basic Psychic Energy",
    "supertype": "Energy",
    "subtypes": [
      "Basic"
    ],
    "number": "5",
    "rarity": "Common",
    "legalities": {
      "unlimited": "Legal",
      "standard": "Legal",
      "expanded": "Legal"
    },
    "images": {
      "small": "https://images.pokemontcg.io/sve/5.png",
      "large": "https://images.pokemontcg.io/sve/5_hires.png"
    }
  },
  {
    "id": "sve-6",
    "name": "Basic Fighting Energy",
    "supertype": "Energy",
    "subtypes": [
      "Basic"
    ],
    "number": "6",
    "rarity": "Common",
    "legalities": {
      "unlimited": "Legal",
      "standard": "Legal",
      "expanded": "Legal"
    },
    "images": {
      "small": "https://images.pokemontcg.io/sve/6.png",
      "large": "https://images.pokemontcg.io/sve/6_hires.png"
    }
  },
  {
    "id": "sve-7",
    "name": "Basic Darkness Energy",
    "supertype": "Energy",
    "subtypes": [
      "Basic"
    ],
    "number": "7",
    "rarity": "Common",
    "legalities": {
      "unlimited": "Legal",
      "standard": "Legal",
      "expanded": "Legal"
    },
    "images": {
      "small": "https://images.pokemontcg.io/sve/7.png",
      "large": "https://images.pokemontcg.io/sve/7_hires.png"
    }
  },
  {
    "id": "sve-8",
    "name": "Basic Metal Energy",
    "supertype": "Energy",
    "subtypes": [
      "Basic"
    ],
    "number": "8",
    "rarity": "Common",
    "legalities": {
      "unlimited": "Legal",
      "standard": "Legal",
      "expanded": "Legal"
    },
    "images": {
      "small": "https://images.pokemontcg.io/sve/8.png",
      "large": "https://images.pokemontcg.io/sve/8_hires.png"
    }
  },
  {
    "id": "sve-9",
    "name": "Basic Grass Energy",
    "supertype": "Energy",
    "subtypes": [
      "Basic"
    ],
    "number": "9",
    "rarity": "Common",
    "legalities": {
      "unlimited": "Legal",
      "standard": "Legal",
      "expanded": "Legal"
    },
    "images": {
      "small": "https://images.pokemontcg.io/sve/9.png",
      "large": "https://images.pokemontcg.io/sve/9_hires.png"
    }
  },
  {
    "id": "sve-10",
    "name": "Basic Fire Energy",
    "supertype": "Energy",
    "subtypes": [
      "Basic"
    ],
    "number": "10",
    "rarity": "Common",
    "legalities": {
      "unlimited": "Legal",
      "standard": "Legal",
      "expanded": "Legal"
    },
    "images": {
      "small": "https://images.pokemontcg.io/sve/10.png",
      "large": "https://images.pokemontcg.io/sve/10_hires.png"
    }
  },
  {
    "id": "sve-11",
    "name": "Basic Water Energy",
    "supertype": "Energy",
    "subtypes": [
      "Basic"
    ],
    "number": "11",
    "rarity": "Common",
    "legalities": {
      "unlimited": "Legal",
      "standard": "Legal",
      "expanded": "Legal"
    },
    "images": {
      "small": "https://images.pokemontcg.io/sve/11.png",
      "large": "https://images.pokemontcg.io/sve/11_hires.png"
    }
  },
  {
    "id": "sve-12",
    "name": "Basic Lightning Energy",
    "supertype": "Energy",
    "subtypes": [
      "Basic"
    ],
    "number": "12",
    "rarity": "Common",
    "legalities": {
      "unlimited": "Legal",
      "standard": "Legal",
      "expanded": "Legal"
    },
    "images": {
      "small": "https://images.pokemontcg.io/sve/12.png",
      "large": "https://images.pokemontcg.io/sve/12_hires.png"
    }
  },
  {
    "id": "sve-13",
    "name": "Basic Psychic Energy",
    "supertype": "Energy",
    "subtypes": [
      "Basic"
    ],
    "number": "13",
    "rarity": "Common",
    "legalities": {
      "unlimited": "Legal",
      "standard": "Legal",
      "expanded": "Legal"
    },
    "images": {
      "small": "https://images.pokemontcg.io/sve/13.png",
      "large": "https://images.pokemontcg.io/sve/13_hires.png"
    }
  },
  {
    "id": "sve-14",
    "name": "Basic Fighting Energy",
    "supertype": "Energy",
    "subtypes": [
      "Basic"
    ],
    "number": "14",
    "rarity": "Common",
    "legalities": {
      "unlimited": "Legal",
      "standard": "Legal",
      "expanded": "Legal"
    },
    "images": {
      "small": "https://images.pokemontcg.io/sve/14.png",
      "large": "https://images.pokemontcg.io/sve/14_hires.png"
    }
  },
  {
    "id": "sve-15",
    "name": "Basic Darkness Energy",
    "supertype": "Energy",
    "subtypes": [
      "Basic"
    ],
    "number": "15",
    "rarity": "Common",
    "legalities": {
      "unlimited": "Legal",
      "standard": "Legal",
      "expanded": "Legal"
    },
    "images": {
      "small": "https://images.pokemontcg.io/sve/15.png",
      "large": "https://images.pokemontcg.io/sve/15_hires.png"
    }
  },
  {
    "id": "sve-16",
    "name": "Basic Metal Energy",
    "supertype": "Energy",
    "subtypes": [
      "Basic"
    ],
    "number": "16",
    "rarity": "Common",
    "legalities": {
      "unlimited": "Legal",
      "standard": "Legal",
      "expanded": "Legal"
    },
    "images": {
      "small": "https://images.pokemontcg.io/sve/16.png",
      "large": "https://images.pokemontcg.io/sve/16_hires.png"
    }
  }
]
