[
  {
    "id": "swsh10tg-TG01",
    "name": "Abomasnow",
    "supertype": "Pokémon",
    "subtypes": [
      "Stage 1",
      "Single Strike"
    ],
    "hp": "140",
    "types": [
      "Grass"
    ],
    "evolvesFrom": "Snover",
    "abilities": [
      {
        "name": "Toughness Boost",
        "text": "Your Single Strike Pokémon in play, except any Abomasnow, get +50 HP. You can't apply more than 1 Toughness Boost Ability at a time.",
        "type": "Ability"
      }
    ],
    "attacks": [
      {
        "name": "Mega Punch",
        "cost": [
          "Grass",
          "Colorless",
          "Colorless"
        ],
        "convertedEnergyCost": 3,
        "damage": "90",
        "text": ""
      }
    ],
    "weaknesses": [
      {
        "type": "Fire",
        "value": "×2"
      }
    ],
    "retreatCost": [
      "Colorless",
      "Colorless",
      "Colorless"
    ],
    "convertedRetreatCost": 3,
    "number": "TG01",
    "artist": "Mitsuhiro Arita",
    "rarity": "Trainer Gallery Rare Holo",
    "flavorText": "The Pokémon is known to bring blizzards. A shake of its massive body is enough to cause whiteout conditions.",
    "nationalPokedexNumbers": [
      460
    ],
    "legalities": {
      "unlimited": "Legal",
      "expanded": "Legal"
    },
    "regulationMark": "E",
    "images": {
      "small": "https://images.pokemontcg.io/swsh10tg/TG01.png",
      "large": "https://images.pokemontcg.io/swsh10tg/TG01_hires.png"
    }
  },
  {
    "id": "swsh10tg-TG02",
    "name": "Flapple",
    "supertype": "Pokémon",
    "subtypes": [
      "Stage 1"
    ],
    "hp": "80",
    "types": [
      "Grass"
    ],
    "evolvesFrom": "Applin",
    "abilities": [
      {
        "name": "Apple Drop",
        "text": "Once during your turn, you may put 2 damage counters on 1 of your opponent's Pokémon. If you placed any damage counters in this way, shuffle this Pokémon and all attached cards into your deck.",
        "type": "Ability"
      }
    ],
    "attacks": [
      {
        "name": "Acid Spray",
        "cost": [
          "Colorless",
          "Colorless"
        ],
        "convertedEnergyCost": 2,
        "damage": "60",
        "text": "Flip a coin. If heads, discard an Energy from your opponent's Active Pokémon."
      }
    ],
    "weaknesses": [
      {
        "type": "Fire",
        "value": "×2"
      }
    ],
    "retreatCost": [
      "Colorless"
    ],
    "convertedRetreatCost": 1,
    "number": "TG02",
    "artist": "Misaki Hashimoto",
    "rarity": "Trainer Gallery Rare Holo",
    "flavorText": "It ate a sour apple, and that induced its evolution. In its cheeks, it stores an acid capable of causing chemical burns.",
    "nationalPokedexNumbers": [
      841
    ],
    "legalities": {
      "unlimited": "Legal",
      "expanded": "Legal"
    },
    "regulationMark": "D",
    "images": {
      "small": "https://images.pokemontcg.io/swsh10tg/TG02.png",
      "large": "https://images.pokemontcg.io/swsh10tg/TG02_hires.png"
    }
  },
  {
    "id": "swsh10tg-TG03",
    "name": "Kingdra",
    "supertype": "Pokémon",
    "subtypes": [
      "Stage 2"
    ],
    "hp": "150",
    "types": [
      "Water"
    ],
    "evolvesFrom": "Seadra",
    "abilities": [
      {
        "name": "Deep Sea King",
        "text": "When your Active Pokémon is Knocked Out by damage from an attack from your opponent's Pokémon, you may move any amount of Water Energy from that Pokémon to this Pokémon.",
        "type": "Ability"
      }
    ],
    "attacks": [
      {
        "name": "Aqua Burst",
        "cost": [
          "Water"
        ],
        "convertedEnergyCost": 1,
        "damage": "40×",
        "text": "This attack does 40 damage for each Water Energy attached to this Pokémon."
      }
    ],
    "weaknesses": [
      {
        "type": "Lightning",
        "value": "×2"
      }
    ],
    "retreatCost": [
      "Colorless"
    ],
    "convertedRetreatCost": 1,
    "number": "TG03",
    "artist": "Taira Akitsu",
    "rarity": "Trainer Gallery Rare Holo",
    "flavorText": "It stores energy by sleeping at underwater depths at which no other life forms can survive.",
    "nationalPokedexNumbers": [
      230
    ],
    "legalities": {
      "unlimited": "Legal",
      "expanded": "Legal"
    },
    "regulationMark": "E",
    "images": {
      "small": "https://images.pokemontcg.io/swsh10tg/TG03.png",
      "large": "https://images.pokemontcg.io/swsh10tg/TG03_hires.png"
    }
  },
  {
    "id": "swsh10tg-TG04",
    "name": "Frosmoth",
    "supertype": "Pokémon",
    "subtypes": [
      "Stage 1"
    ],
    "hp": "90",
    "types": [
      "Water"
    ],
    "evolvesFrom": "Snom",
    "abilities": [
      {
        "name": "Ice Dance",
        "text": "As often as you like during your turn, you may attach a Water Energy card from your hand to 1 of your Benched Water Pokémon.",
        "type": "Ability"
      }
    ],
    "attacks": [
      {
        "name": "Aurora Beam",
        "cost": [
          "Water",
          "Colorless"
        ],
        "convertedEnergyCost": 2,
        "damage": "30",
        "text": ""
      }
    ],
    "weaknesses": [
      {
        "type": "Metal",
        "value": "×2"
      }
    ],
    "retreatCost": [
      "Colorless",
      "Colorless"
    ],
    "convertedRetreatCost": 2,
    "number": "TG04",
    "artist": "aoki",
    "rarity": "Trainer Gallery Rare Holo",
    "flavorText": "It shows no mercy to any who desecrate fields and mountains. It will fly around on its icy wings, causing a blizzard to chase offenders away.",
    "nationalPokedexNumbers": [
      873
    ],
    "legalities": {
      "unlimited": "Legal",
      "expanded": "Legal"
    },
    "regulationMark": "D",
    "images": {
      "small": "https://images.pokemontcg.io/swsh10tg/TG04.png",
      "large": "https://images.pokemontcg.io/swsh10tg/TG04_hires.png"
    }
  },
  {
    "id": "swsh10tg-TG05",
    "name": "Gardevoir",
    "supertype": "Pokémon",
    "subtypes": [
      "Stage 2"
    ],
    "hp": "140",
    "types": [
      "Psychic"
    ],
    "evolvesFrom": "Kirlia",
    "abilities": [
      {
        "name": "Shining Arcana",
        "text": "Once during your turn, you may look at the top 2 cards of your deck and attach any number of basic Energy cards you find there to your Pokémon in any way you like. Put the other cards into your hand.",
        "type": "Ability"
      }
    ],
    "attacks": [
      {
        "name": "Brainwave",
        "cost": [
          "Colorless",
          "Colorless",
          "Colorless"
        ],
        "convertedEnergyCost": 3,
        "damage": "60+",
        "text": "This attack does 30 more damage for each Psychic Energy attached to this Pokémon."
      }
    ],
    "weaknesses": [
      {
        "type": "Metal",
        "value": "×2"
      }
    ],
    "retreatCost": [
      "Colorless",
      "Colorless"
    ],
    "convertedRetreatCost": 2,
    "number": "TG05",
    "artist": "Sanosuke Sakuma",
    "rarity": "Trainer Gallery Rare Holo",
    "flavorText": "To protect its Trainer, it will expend all its psychic power to create a small black hole.",
    "nationalPokedexNumbers": [
      282
    ],
    "legalities": {
      "unlimited": "Legal",
      "expanded": "Legal"
    },
    "regulationMark": "E",
    "images": {
      "small": "https://images.pokemontcg.io/swsh10tg/TG05.png",
      "large": "https://images.pokemontcg.io/swsh10tg/TG05_hires.png"
    }
  },
  {
    "id": "swsh10tg-TG06",
    "name": "Wyrdeer",
    "supertype": "Pokémon",
    "subtypes": [
      "Stage 1"
    ],
    "hp": "140",
    "types": [
      "Psychic"
    ],
    "evolvesFrom": "Stantler",
    "abilities": [
      {
        "name": "Hurried Gait",
        "text": "Once during your turn, you may draw a card.",
        "type": "Ability"
      }
    ],
    "attacks": [
      {
        "name": "Extrasensory",
        "cost": [
          "Colorless",
          "Colorless"
        ],
        "convertedEnergyCost": 2,
        "damage": "40+",
        "text": "If you have the same number of cards in your hand as your opponent, this attack does 80 more damage."
      }
    ],
    "weaknesses": [
      {
        "type": "Darkness",
        "value": "×2"
      }
    ],
    "resistances": [
      {
        "type": "Fighting",
        "value": "-30"
      }
    ],
    "retreatCost": [
      "Colorless",
      "Colorless"
    ],
    "convertedRetreatCost": 2,
    "number": "TG06",
    "artist": "kirisAki",
    "rarity": "Trainer Gallery Rare Holo",
    "flavorText": "The black orbs shine with an uncanny light when the Pokémon is erecting invisible barriers. The fur shed from its beard retains heat well and is a highly useful material for winter clothing.",
    "nationalPokedexNumbers": [
      899
    ],
    "legalities": {
      "unlimited": "Legal",
      "standard": "Legal",
      "expanded": "Legal"
    },
    "regulationMark": "F",
    "images": {
      "small": "https://images.pokemontcg.io/swsh10tg/TG06.png",
      "large": "https://images.pokemontcg.io/swsh10tg/TG06_hires.png"
    }
  },
  {
    "id": "swsh10tg-TG07",
    "name": "Falinks",
    "supertype": "Pokémon",
    "subtypes": [
      "Basic",
      "Rapid Strike"
    ],
    "hp": "110",
    "types": [
      "Fighting"
    ],
    "attacks": [
      {
        "name": "Rapid Strike Squad",
        "cost": [
          "Fighting",
          "Colorless"
        ],
        "convertedEnergyCost": 2,
        "damage": "20×",
        "text": "This attack does 20 damage for each of your Rapid Strike Pokémon in play."
      }
    ],
    "weaknesses": [
      {
        "type": "Psychic",
        "value": "×2"
      }
    ],
    "retreatCost": [
      "Colorless",
      "Colorless"
    ],
    "convertedRetreatCost": 2,
    "number": "TG07",
    "artist": "Kinu Nishimura",
    "rarity": "Trainer Gallery Rare Holo",
    "flavorText": "The six of them work together as one Pokémon. Teamwork is also their battle strategy, and they constantly change their formation as they fight.",
    "nationalPokedexNumbers": [
      870
    ],
    "legalities": {
      "unlimited": "Legal",
      "expanded": "Legal"
    },
    "regulationMark": "E",
    "images": {
      "small": "https://images.pokemontcg.io/swsh10tg/TG07.png",
      "large": "https://images.pokemontcg.io/swsh10tg/TG07_hires.png"
    }
  },
  {
    "id": "swsh10tg-TG08",
    "name": "Kleavor",
    "supertype": "Pokémon",
    "subtypes": [
      "Stage 1"
    ],
    "hp": "140",
    "types": [
      "Fighting"
    ],
    "evolvesFrom": "Scyther",
    "attacks": [
      {
        "name": "Timber Cleave",
        "cost": [
          "Colorless",
          "Colorless"
        ],
        "convertedEnergyCost": 2,
        "damage": "",
        "text": "Flip 2 coins. If both of them are heads, your opponent's Active Pokémon is Knocked Out."
      },
      {
        "name": "Berserker Tackle",
        "cost": [
          "Fighting",
          "Fighting"
        ],
        "convertedEnergyCost": 2,
        "damage": "120",
        "text": "This Pokémon also does 30 damage to itself."
      }
    ],
    "weaknesses": [
      {
        "type": "Grass",
        "value": "×2"
      }
    ],
    "retreatCost": [
      "Colorless",
      "Colorless"
    ],
    "convertedRetreatCost": 2,
    "number": "TG08",
    "artist": "Souichirou Gunjima",
    "rarity": "Trainer Gallery Rare Holo",
    "flavorText": "A violent creature that fells towering trees with its crude axes and shields itself with hard stone. If one should chance upon this Pokémon in the wilds, one's only recourse is to flee.",
    "nationalPokedexNumbers": [
      900
    ],
    "legalities": {
      "unlimited": "Legal",
      "standard": "Legal",
      "expanded": "Legal"
    },
    "regulationMark": "F",
    "images": {
      "small": "https://images.pokemontcg.io/swsh10tg/TG08.png",
      "large": "https://images.pokemontcg.io/swsh10tg/TG08_hires.png"
    }
  },
  {
    "id": "swsh10tg-TG09",
    "name": "Mightyena",
    "supertype": "Pokémon",
    "subtypes": [
      "Stage 1"
    ],
    "hp": "110",
    "types": [
      "Darkness"
    ],
    "evolvesFrom": "Poochyena",
    "abilities": [
      {
        "name": "Hustle Bark",
        "text": "If your opponent has any Pokémon VMAX in play, this Pokémon's attacks cost ColorlessColorlessColorless less.",
        "type": "Ability"
      }
    ],
    "attacks": [
      {
        "name": "Wild Tackle",
        "cost": [
          "Colorless",
          "Colorless",
          "Colorless"
        ],
        "convertedEnergyCost": 3,
        "damage": "160",
        "text": "This Pokémon also does 50 damage to itself."
      }
    ],
    "weaknesses": [
      {
        "type": "Grass",
        "value": "×2"
      }
    ],
    "retreatCost": [
      "Colorless",
      "Colorless"
    ],
    "convertedRetreatCost": 2,
    "number": "TG09",
    "artist": "GOSSAN",
    "rarity": "Trainer Gallery Rare Holo",
    "flavorText": "It chases down prey in a pack of around ten. They defeat foes with perfectly coordinated teamwork.",
    "nationalPokedexNumbers": [
      262
    ],
    "legalities": {
      "unlimited": "Legal",
      "standard": "Legal",
      "expanded": "Legal"
    },
    "regulationMark": "F",
    "images": {
      "small": "https://images.pokemontcg.io/swsh10tg/TG09.png",
      "large": "https://images.pokemontcg.io/swsh10tg/TG09_hires.png"
    }
  },
  {
    "id": "swsh10tg-TG10",
    "name": "Galarian Obstagoon",
    "supertype": "Pokémon",
    "subtypes": [
      "Stage 2"
    ],
    "hp": "160",
    "types": [
      "Darkness"
    ],
    "evolvesFrom": "Galarian Linoone",
    "abilities": [
      {
        "name": "Untamed Shout",
        "text": "When you play this Pokémon from your hand to evolve 1 of your Pokémon during your turn, you may put 3 damage counters on 1 of your opponent's Pokémon.",
        "type": "Ability"
      }
    ],
    "attacks": [
      {
        "name": "Obstruct",
        "cost": [
          "Darkness",
          "Colorless"
        ],
        "convertedEnergyCost": 2,
        "damage": "90",
        "text": "During your opponent's next turn, prevent all damage done to this Pokémon by attacks from Basic Pokémon."
      }
    ],
    "weaknesses": [
      {
        "type": "Grass",
        "value": "×2"
      }
    ],
    "retreatCost": [
      "Colorless",
      "Colorless"
    ],
    "convertedRetreatCost": 2,
    "number": "TG10",
    "artist": "GOSSAN",
    "rarity": "Trainer Gallery Rare Holo",
    "flavorText": "It evolved after experiencing numerous fights. While crossing its arms, it lets out a shout that would make any opponent flinch.",
    "nationalPokedexNumbers": [
      862
    ],
    "legalities": {
      "unlimited": "Legal",
      "expanded": "Legal"
    },
    "regulationMark": "D",
    "images": {
      "small": "https://images.pokemontcg.io/swsh10tg/TG10.png",
      "large": "https://images.pokemontcg.io/swsh10tg/TG10_hires.png"
    }
  },
  {
    "id": "swsh10tg-TG11",
    "name": "Bronzong",
    "supertype": "Pokémon",
    "subtypes": [
      "Stage 1"
    ],
    "hp": "110",
    "types": [
      "Metal"
    ],
    "evolvesFrom": "Bronzor",
    "abilities": [
      {
        "name": "Metal Transfer",
        "text": "As often as you like during your turn, you may move a Metal Energy from 1 of your Pokémon to another of your Pokémon.",
        "type": "Ability"
      }
    ],
    "attacks": [
      {
        "name": "Zen Headbutt",
        "cost": [
          "Metal",
          "Colorless",
          "Colorless"
        ],
        "convertedEnergyCost": 3,
        "damage": "70",
        "text": ""
      }
    ],
    "weaknesses": [
      {
        "type": "Fire",
        "value": "×2"
      }
    ],
    "resistances": [
      {
        "type": "Grass",
        "value": "-30"
      }
    ],
    "retreatCost": [
      "Colorless",
      "Colorless",
      "Colorless"
    ],
    "convertedRetreatCost": 3,
    "number": "TG11",
    "artist": "Hataya",
    "rarity": "Trainer Gallery Rare Holo",
    "flavorText": "Many scientists suspect that this Pokémon originated outside the Galar region, based on the patterns on its body.",
    "nationalPokedexNumbers": [
      437
    ],
    "legalities": {
      "unlimited": "Legal",
      "expanded": "Legal"
    },
    "regulationMark": "E",
    "images": {
      "small": "https://images.pokemontcg.io/swsh10tg/TG11.png",
      "large": "https://images.pokemontcg.io/swsh10tg/TG11_hires.png"
    }
  },
  {
    "id": "swsh10tg-TG12",
    "name": "Hoothoot",
    "supertype": "Pokémon",
    "subtypes": [
      "Basic"
    ],
    "hp": "50",
    "types": [
      "Colorless"
    ],
    "evolvesTo": [
      "Noctowl"
    ],
    "abilities": [
      {
        "name": "Stand Sentry",
        "text": "Basic Energy attached to your Benched Pokémon can't be discarded by an effect of your opponent's Item or Supporter cards.",
        "type": "Ability"
      }
    ],
    "attacks": [
      {
        "name": "Flap",
        "cost": [
          "Colorless",
          "Colorless"
        ],
        "convertedEnergyCost": 2,
        "damage": "20",
        "text": ""
      }
    ],
    "weaknesses": [
      {
        "type": "Lightning",
        "value": "×2"
      }
    ],
    "resistances": [
      {
        "type": "Fighting",
        "value": "-30"
      }
    ],
    "retreatCost": [
      "Colorless"
    ],
    "convertedRetreatCost": 1,
    "number": "TG12",
    "artist": "HYOGONOSUKE",
    "rarity": "Trainer Gallery Rare Holo",
    "flavorText": "It always stands on one foot. It changes feet so fast, the movement can rarely be seen.",
    "nationalPokedexNumbers": [
      163
    ],
    "legalities": {
      "unlimited": "Legal",
      "standard": "Legal",
      "expanded": "Legal"
    },
    "regulationMark": "F",
    "images": {
      "small": "https://images.pokemontcg.io/swsh10tg/TG12.png",
      "large": "https://images.pokemontcg.io/swsh10tg/TG12_hires.png"
    }
  },
  {
    "id": "swsh10tg-TG13",
    "name": "Starmie V",
    "supertype": "Pokémon",
    "subtypes": [
      "Basic",
      "V"
    ],
    "hp": "190",
    "types": [
      "Water"
    ],
    "rules": [
      "V rule: When your Pokémon V is Knocked Out, your opponent takes 2 Prize cards."
    ],
    "attacks": [
      {
        "name": "Swift",
        "cost": [
          "Colorless",
          "Colorless"
        ],
        "convertedEnergyCost": 2,
        "damage": "50",
        "text": "This attack's damage isn't affected by Weakness or Resistance, or by any effects on your opponent's Active Pokémon."
      },
      {
        "name": "Energy Spiral",
        "cost": [
          "Water",
          "Water"
        ],
        "convertedEnergyCost": 2,
        "damage": "50×",
        "text": "This attack does 50 damage for each Energy attached to all of your opponent's Pokémon."
      }
    ],
    "weaknesses": [
      {
        "type": "Lightning",
        "value": "×2"
      }
    ],
    "number": "TG13",
    "artist": "Akira Komayama",
    "rarity": "Rare Holo V",
    "nationalPokedexNumbers": [
      121
    ],
    "legalities": {
      "unlimited": "Legal",
      "standard": "Legal",
      "expanded": "Legal"
    },
    "regulationMark": "F",
    "images": {
      "small": "https://images.pokemontcg.io/swsh10tg/TG13.png",
      "large": "https://images.pokemontcg.io/swsh10tg/TG13_hires.png"
    }
  },
  {
    "id": "swsh10tg-TG14",
    "name": "Ice Rider Calyrex V",
    "supertype": "Pokémon",
    "subtypes": [
      "Basic",
      "V"
    ],
    "hp": "210",
    "types": [
      "Water"
    ],
    "rules": [
      "V rule: When your Pokémon V is Knocked Out, your opponent takes 2 Prize cards."
    ],
    "attacks": [
      {
        "name": "Pierce",
        "cost": [
          "Water"
        ],
        "convertedEnergyCost": 1,
        "damage": "40",
        "text": ""
      },
      {
        "name": "Glacial Lance",
        "cost": [
          "Water",
          "Water",
          "Colorless"
        ],
        "convertedEnergyCost": 3,
        "damage": "200",
        "text": "Discard 2 Energy from this Pokémon."
      }
    ],
    "weaknesses": [
      {
        "type": "Metal",
        "value": "×2"
      }
    ],
    "retreatCost": [
      "Colorless",
      "Colorless"
    ],
    "convertedRetreatCost": 2,
    "number": "TG14",
    "artist": "Mitsuhiro Arita",
    "rarity": "Rare Holo V",
    "nationalPokedexNumbers": [
      898
    ],
    "legalities": {
      "unlimited": "Legal",
      "expanded": "Legal"
    },
    "regulationMark": "E",
    "images": {
      "small": "https://images.pokemontcg.io/swsh10tg/TG14.png",
      "large": "https://images.pokemontcg.io/swsh10tg/TG14_hires.png"
    }
  },
  {
    "id": "swsh10tg-TG15",
    "name": "Ice Rider Calyrex VMAX",
    "supertype": "Pokémon",
    "subtypes": [
      "VMAX"
    ],
    "hp": "320",
    "types": [
      "Water"
    ],
    "evolvesFrom": "Ice Rider Calyrex V",
    "rules": [
      "VMAX rule: When your Pokémon VMAX is Knocked Out, your opponent takes 3 Prize cards."
    ],
    "attacks": [
      {
        "name": "Ride of the High King",
        "cost": [
          "Colorless",
          "Colorless"
        ],
        "convertedEnergyCost": 2,
        "damage": "10+",
        "text": "This attack does 30 more damage for each of your opponent's Benched Pokémon."
      },
      {
        "name": "Max Lance",
        "cost": [
          "Water",
          "Water"
        ],
        "convertedEnergyCost": 2,
        "damage": "10+",
        "text": "You may discard up to 2 Energy from this Pokémon. If you do, this attack does 120 more damage for each card you discarded in this way."
      }
    ],
    "weaknesses": [
      {
        "type": "Metal",
        "value": "×2"
      }
    ],
    "retreatCost": [
      "Colorless",
      "Colorless"
    ],
    "convertedRetreatCost": 2,
    "number": "TG15",
    "artist": "Hitoshi Ariga",
    "rarity": "Rare Holo VMAX",
    "nationalPokedexNumbers": [
      898
    ],
    "legalities": {
      "unlimited": "Legal",
      "expanded": "Legal"
    },
    "regulationMark": "E",
    "images": {
      "small": "https://images.pokemontcg.io/swsh10tg/TG15.png",
      "large": "https://images.pokemontcg.io/swsh10tg/TG15_hires.png"
    }
  },
  {
    "id": "swsh10tg-TG16",
    "name": "Galarian Articuno V",
    "supertype": "Pokémon",
    "subtypes": [
      "Basic",
      "V"
    ],
    "hp": "210",
    "types": [
      "Psychic"
    ],
    "rules": [
      "V rule: When your Pokémon V is Knocked Out, your opponent takes 2 Prize cards."
    ],
    "abilities": [
      {
        "name": "Reconstitute",
        "text": "You must discard 2 cards from your hand in order to use this Ability. Once during your turn, you may draw a card.",
        "type": "Ability"
      }
    ],
    "attacks": [
      {
        "name": "Psyray",
        "cost": [
          "Psychic",
          "Colorless",
          "Colorless"
        ],
        "convertedEnergyCost": 3,
        "damage": "110",
        "text": "Your opponent's Active Pokémon is now Confused."
      }
    ],
    "weaknesses": [
      {
        "type": "Darkness",
        "value": "×2"
      }
    ],
    "resistances": [
      {
        "type": "Fighting",
        "value": "-30"
      }
    ],
    "retreatCost": [
      "Colorless",
      "Colorless"
    ],
    "convertedRetreatCost": 2,
    "number": "TG16",
    "artist": "Kouki Saitou",
    "rarity": "Rare Holo V",
    "nationalPokedexNumbers": [
      144
    ],
    "legalities": {
      "unlimited": "Legal",
      "expanded": "Legal"
    },
    "regulationMark": "E",
    "images": {
      "small": "https://images.pokemontcg.io/swsh10tg/TG16.png",
      "large": "https://images.pokemontcg.io/swsh10tg/TG16_hires.png"
    }
  },
  {
    "id": "swsh10tg-TG17",
    "name": "Shadow Rider Calyrex V",
    "supertype": "Pokémon",
    "subtypes": [
      "Basic",
      "V"
    ],
    "hp": "210",
    "types": [
      "Psychic"
    ],
    "rules": [
      "V rule: When your Pokémon V is Knocked Out, your opponent takes 2 Prize cards."
    ],
    "attacks": [
      {
        "name": "Shadow Mist",
        "cost": [
          "Psychic"
        ],
        "convertedEnergyCost": 1,
        "damage": "10",
        "text": "During your opponent's next turn, they can't play any Special Energy or Stadium cards from their hand."
      },
      {
        "name": "Astral Barrage",
        "cost": [
          "Colorless",
          "Colorless",
          "Colorless"
        ],
        "convertedEnergyCost": 3,
        "damage": "",
        "text": "Choose 2 of your opponent's Pokémon and put 5 damage counters on each of them."
      }
    ],
    "weaknesses": [
      {
        "type": "Darkness",
        "value": "×2"
      }
    ],
    "resistances": [
      {
        "type": "Fighting",
        "value": "-30"
      }
    ],
    "retreatCost": [
      "Colorless",
      "Colorless"
    ],
    "convertedRetreatCost": 2,
    "number": "TG17",
    "artist": "Oswaldo KATO",
    "rarity": "Rare Holo V",
    "nationalPokedexNumbers": [
      898
    ],
    "legalities": {
      "unlimited": "Legal",
      "expanded": "Legal"
    },
    "regulationMark": "E",
    "images": {
      "small": "https://images.pokemontcg.io/swsh10tg/TG17.png",
      "large": "https://images.pokemontcg.io/swsh10tg/TG17_hires.png"
    }
  },
  {
    "id": "swsh10tg-TG18",
    "name": "Shadow Rider Calyrex VMAX",
    "supertype": "Pokémon",
    "subtypes": [
      "VMAX"
    ],
    "hp": "320",
    "types": [
      "Psychic"
    ],
    "evolvesFrom": "Shadow Rider Calyrex V",
    "rules": [
      "VMAX rule: When your Pokémon VMAX is Knocked Out, your opponent takes 3 Prize cards."
    ],
    "abilities": [
      {
        "name": "Underworld Door",
        "text": "Once during your turn, you may attach a Psychic Energy card from your hand to 1 of your Benched Psychic Pokémon. If you attached Energy to a Pokémon in this way, draw 2 cards.",
        "type": "Ability"
      }
    ],
    "attacks": [
      {
        "name": "Max Geist",
        "cost": [
          "Colorless",
          "Colorless",
          "Colorless"
        ],
        "convertedEnergyCost": 3,
        "damage": "10+",
        "text": "This attack does 30 more damage for each Psychic Energy attached to all of your Pokémon."
      }
    ],
    "weaknesses": [
      {
        "type": "Darkness",
        "value": "×2"
      }
    ],
    "resistances": [
      {
        "type": "Fighting",
        "value": "-30"
      }
    ],
    "retreatCost": [
      "Colorless",
      "Colorless"
    ],
    "convertedRetreatCost": 2,
    "number": "TG18",
    "artist": "chibi",
    "rarity": "Rare Holo VMAX",
    "nationalPokedexNumbers": [
      898
    ],
    "legalities": {
      "unlimited": "Legal",
      "expanded": "Legal"
    },
    "regulationMark": "E",
    "images": {
      "small": "https://images.pokemontcg.io/swsh10tg/TG18.png",
      "large": "https://images.pokemontcg.io/swsh10tg/TG18_hires.png"
    }
  },
  {
    "id": "swsh10tg-TG19",
    "name": "Galarian Zapdos V",
    "supertype": "Pokémon",
    "subtypes": [
      "Basic",
      "V"
    ],
    "hp": "200",
    "types": [
      "Fighting"
    ],
    "rules": [
      "V rule: When your Pokémon V is Knocked Out, your opponent takes 2 Prize cards."
    ],
    "abilities": [
      {
        "name": "Fighting Instinct",
        "text": "This Pokémon's attacks cost Colorless less for each of your opponent's Pokémon V in play.",
        "type": "Ability"
      }
    ],
    "attacks": [
      {
        "name": "Thunderous Kick",
        "cost": [
          "Fighting",
          "Colorless",
          "Colorless",
          "Colorless"
        ],
        "convertedEnergyCost": 4,
        "damage": "170",
        "text": "Before doing damage, discard a Special Energy from your opponent's Active Pokémon."
      }
    ],
    "weaknesses": [
      {
        "type": "Psychic",
        "value": "×2"
      }
    ],
    "retreatCost": [
      "Colorless"
    ],
    "convertedRetreatCost": 1,
    "number": "TG19",
    "artist": "kirisAki",
    "rarity": "Rare Holo V",
    "nationalPokedexNumbers": [
      145
    ],
    "legalities": {
      "unlimited": "Legal",
      "expanded": "Legal"
    },
    "regulationMark": "E",
    "images": {
      "small": "https://images.pokemontcg.io/swsh10tg/TG19.png",
      "large": "https://images.pokemontcg.io/swsh10tg/TG19_hires.png"
    }
  },
  {
    "id": "swsh10tg-TG20",
    "name": "Galarian Moltres V",
    "supertype": "Pokémon",
    "subtypes": [
      "Basic",
      "V"
    ],
    "hp": "220",
    "types": [
      "Darkness"
    ],
    "rules": [
      "V rule: When your Pokémon V is Knocked Out, your opponent takes 2 Prize cards."
    ],
    "abilities": [
      {
        "name": "Direflame Wings",
        "text": "Once during your turn, you may attach a Darkness Energy card from your discard pile to this Pokémon. You can't use more than 1 Direflame Wings Ability each turn.",
        "type": "Ability"
      }
    ],
    "attacks": [
      {
        "name": "Aura Burn",
        "cost": [
          "Darkness",
          "Darkness",
          "Colorless"
        ],
        "convertedEnergyCost": 3,
        "damage": "190",
        "text": "This Pokémon also does 30 damage to itself."
      }
    ],
    "weaknesses": [
      {
        "type": "Grass",
        "value": "×2"
      }
    ],
    "retreatCost": [
      "Colorless",
      "Colorless"
    ],
    "convertedRetreatCost": 2,
    "number": "TG20",
    "artist": "Jiro Sasumo",
    "rarity": "Rare Holo V",
    "nationalPokedexNumbers": [
      146
    ],
    "legalities": {
      "unlimited": "Legal",
      "expanded": "Legal"
    },
    "regulationMark": "E",
    "images": {
      "small": "https://images.pokemontcg.io/swsh10tg/TG20.png",
      "large": "https://images.pokemontcg.io/swsh10tg/TG20_hires.png"
    }
  },
  {
    "id": "swsh10tg-TG21",
    "name": "Zacian V",
    "supertype": "Pokémon",
    "subtypes": [
      "Basic",
      "V"
    ],
    "hp": "220",
    "types": [
      "Metal"
    ],
    "rules": [
      "V rule: When your Pokémon V is Knocked Out, your opponent takes 2 Prize cards."
    ],
    "abilities": [
      {
        "name": "Intrepid Sword",
        "text": "Once during your turn, you may look at the top 3 cards of your deck and attach any number of Metal Energy cards you find there to this Pokémon. Put the other cards into your hand. If you use this Ability, your turn ends.",
        "type": "Ability"
      }
    ],
    "attacks": [
      {
        "name": "Brave Blade",
        "cost": [
          "Metal",
          "Metal",
          "Metal"
        ],
        "convertedEnergyCost": 3,
        "damage": "230",
        "text": "During your next turn, this Pokémon can't attack."
      }
    ],
    "weaknesses": [
      {
        "type": "Fire",
        "value": "×2"
      }
    ],
    "resistances": [
      {
        "type": "Grass",
        "value": "-30"
      }
    ],
    "retreatCost": [
      "Colorless",
      "Colorless"
    ],
    "convertedRetreatCost": 2,
    "number": "TG21",
    "artist": "aoki",
    "rarity": "Rare Holo V",
    "nationalPokedexNumbers": [
      888
    ],
    "legalities": {
      "unlimited": "Legal",
      "expanded": "Legal"
    },
    "regulationMark": "D",
    "images": {
      "small": "https://images.pokemontcg.io/swsh10tg/TG21.png",
      "large": "https://images.pokemontcg.io/swsh10tg/TG21_hires.png"
    }
  },
  {
    "id": "swsh10tg-TG22",
    "name": "Zamazenta V",
    "supertype": "Pokémon",
    "subtypes": [
      "Basic",
      "V"
    ],
    "hp": "230",
    "types": [
      "Metal"
    ],
    "rules": [
      "V rule: When your Pokémon V is Knocked Out, your opponent takes 2 Prize cards."
    ],
    "abilities": [
      {
        "name": "Dauntless Shield",
        "text": "Prevent all damage done to this Pokémon by attacks from your opponent's Pokémon VMAX.",
        "type": "Ability"
      }
    ],
    "attacks": [
      {
        "name": "Assault Tackle",
        "cost": [
          "Metal",
          "Metal",
          "Colorless"
        ],
        "convertedEnergyCost": 3,
        "damage": "130",
        "text": "Discard a Special Energy from your opponent's Active Pokémon."
      }
    ],
    "weaknesses": [
      {
        "type": "Fire",
        "value": "×2"
      }
    ],
    "resistances": [
      {
        "type": "Grass",
        "value": "-30"
      }
    ],
    "retreatCost": [
      "Colorless",
      "Colorless"
    ],
    "convertedRetreatCost": 2,
    "number": "TG22",
    "artist": "Ryuta Fuse",
    "rarity": "Rare Holo V",
    "nationalPokedexNumbers": [
      889
    ],
    "legalities": {
      "unlimited": "Legal",
      "expanded": "Legal"
    },
    "regulationMark": "D",
    "images": {
      "small": "https://images.pokemontcg.io/swsh10tg/TG22.png",
      "large": "https://images.pokemontcg.io/swsh10tg/TG22_hires.png"
    }
  },
  {
    "id": "swsh10tg-TG23",
    "name": "Garchomp V",
    "supertype": "Pokémon",
    "subtypes": [
      "Basic",
      "V"
    ],
    "hp": "200",
    "types": [
      "Dragon"
    ],
    "rules": [
      "V rule: When your Pokémon V is Knocked Out, your opponent takes 2 Prize cards."
    ],
    "attacks": [
      {
        "name": "Dragon Claw",
        "cost": [
          "Water",
          "Fighting",
          "Colorless"
        ],
        "convertedEnergyCost": 3,
        "damage": "120",
        "text": ""
      },
      {
        "name": "Sonic Strike",
        "cost": [
          "Water",
          "Fighting",
          "Fighting",
          "Colorless"
        ],
        "convertedEnergyCost": 4,
        "damage": "",
        "text": "Discard 3 Energy from this Pokémon. This attack does 220 damage to 1 of your opponent's Pokémon. (Don't apply Weakness and Resistance for Benched Pokémon.)"
      }
    ],
    "number": "TG23",
    "artist": "Taira Akitsu",
    "rarity": "Rare Holo V",
    "nationalPokedexNumbers": [
      445
    ],
    "legalities": {
      "unlimited": "Legal",
      "standard": "Legal",
      "expanded": "Legal"
    },
    "regulationMark": "F",
    "images": {
      "small": "https://images.pokemontcg.io/swsh10tg/TG23.png",
      "large": "https://images.pokemontcg.io/swsh10tg/TG23_hires.png"
    }
  },
  {
    "id": "swsh10tg-TG24",
    "name": "Allister",
    "supertype": "Trainer",
    "subtypes": [
      "Supporter"
    ],
    "rules": [
      "Draw 3 cards. If you drew any cards in this way, discard up to 3 cards from your hand. (You must discard at least 1 card.)",
      "You may play only 1 Supporter card during your turn."
    ],
    "number": "TG24",
    "artist": "Jiro Sasumo",
    "rarity": "Rare Ultra",
    "legalities": {
      "unlimited": "Legal",
      "expanded": "Legal"
    },
    "regulationMark": "D",
    "images": {
      "small": "https://images.pokemontcg.io/swsh10tg/TG24.png",
      "large": "https://images.pokemontcg.io/swsh10tg/TG24_hires.png"
    }
  },
  {
    "id": "swsh10tg-TG25",
    "name": "Bea",
    "supertype": "Trainer",
    "subtypes": [
      "Supporter"
    ],
    "rules": [
      "Discard the top 5 cards of your deck, and attach any Energy cards you discarded in this way to your Benched Fighting Pokémon in any way you like.",
      "You may play only 1 Supporter card during your turn."
    ],
    "number": "TG25",
    "artist": "Souichirou Gunjima",
    "rarity": "Rare Ultra",
    "legalities": {
      "unlimited": "Legal",
      "expanded": "Legal"
    },
    "regulationMark": "D",
    "images": {
      "small": "https://images.pokemontcg.io/swsh10tg/TG25.png",
      "large": "https://images.pokemontcg.io/swsh10tg/TG25_hires.png"
    }
  },
  {
    "id": "swsh10tg-TG26",
    "name": "Melony",
    "supertype": "Trainer",
    "subtypes": [
      "Supporter"
    ],
    "rules": [
      "Attach a Water Energy card from your discard pile to 1 of your Pokémon V. If you do, draw 3 cards.",
      "You may play only 1 Supporter card during your turn."
    ],
    "number": "TG26",
    "artist": "nagimiso",
    "rarity": "Rare Ultra",
    "legalities": {
      "unlimited": "Legal",
      "expanded": "Legal"
    },
    "regulationMark": "E",
    "images": {
      "small": "https://images.pokemontcg.io/swsh10tg/TG26.png",
      "large": "https://images.pokemontcg.io/swsh10tg/TG26_hires.png"
    }
  },
  {
    "id": "swsh10tg-TG27",
    "name": "Milo",
    "supertype": "Trainer",
    "subtypes": [
      "Supporter"
    ],
    "rules": [
      "Discard up to 2 cards from your hand, and draw 2 cards for each card you discarded in this way.",
      "You may play only 1 Supporter card during your turn."
    ],
    "number": "TG27",
    "artist": "Sanosuke Sakuma",
    "rarity": "Rare Ultra",
    "legalities": {
      "unlimited": "Legal",
      "expanded": "Legal"
    },
    "regulationMark": "D",
    "images": {
      "small": "https://images.pokemontcg.io/swsh10tg/TG27.png",
      "large": "https://images.pokemontcg.io/swsh10tg/TG27_hires.png"
    }
  },
  {
    "id": "swsh10tg-TG28",
    "name": "Piers",
    "supertype": "Trainer",
    "subtypes": [
      "Supporter"
    ],
    "rules": [
      "Search your deck for an Energy card and a Darkness Pokémon, reveal them, and put them into your hand. Then, shuffle your deck.",
      "You may play only 1 Supporter card during your turn."
    ],
    "number": "TG28",
    "artist": "GOSSAN",
    "rarity": "Rare Ultra",
    "legalities": {
      "unlimited": "Legal",
      "expanded": "Legal"
    },
    "regulationMark": "D",
    "images": {
      "small": "https://images.pokemontcg.io/swsh10tg/TG28.png",
      "large": "https://images.pokemontcg.io/swsh10tg/TG28_hires.png"
    }
  },
  {
    "id": "swsh10tg-TG29",
    "name": "Ice Rider Calyrex VMAX",
    "supertype": "Pokémon",
    "subtypes": [
      "VMAX"
    ],
    "hp": "320",
    "types": [
      "Water"
    ],
    "evolvesFrom": "Ice Rider Calyrex V",
    "rules": [
      "VMAX rule: When your Pokémon VMAX is Knocked Out, your opponent takes 3 Prize cards."
    ],
    "attacks": [
      {
        "name": "Ride of the High King",
        "cost": [
          "Colorless",
          "Colorless"
        ],
        "convertedEnergyCost": 2,
        "damage": "10+",
        "text": "This attack does 30 more damage for each of your opponent's Benched Pokémon."
      },
      {
        "name": "Max Lance",
        "cost": [
          "Water",
          "Water"
        ],
        "convertedEnergyCost": 2,
        "damage": "10+",
        "text": "You may discard up to 2 Energy from this Pokémon. If you do, this attack does 120 more damage for each card you discarded in this way."
      }
    ],
    "weaknesses": [
      {
        "type": "Metal",
        "value": "×2"
      }
    ],
    "retreatCost": [
      "Colorless",
      "Colorless"
    ],
    "convertedRetreatCost": 2,
    "number": "TG29",
    "artist": "5ban Graphics",
    "rarity": "Rare Secret",
    "nationalPokedexNumbers": [
      898
    ],
    "legalities": {
      "unlimited": "Legal",
      "expanded": "Legal"
    },
    "regulationMark": "E",
    "images": {
      "small": "https://images.pokemontcg.io/swsh10tg/TG29.png",
      "large": "https://images.pokemontcg.io/swsh10tg/TG29_hires.png"
    }
  },
  {
    "id": "swsh10tg-TG30",
    "name": "Shadow Rider Calyrex VMAX",
    "supertype": "Pokémon",
    "subtypes": [
      "VMAX"
    ],
    "hp": "320",
    "types": [
      "Psychic"
    ],
    "evolvesFrom": "Shadow Rider Calyrex V",
    "rules": [
      "VMAX rule: When your Pokémon VMAX is Knocked Out, your opponent takes 3 Prize cards."
    ],
    "abilities": [
      {
        "name": "Underworld Door",
        "text": "Once during your turn, you may attach a Psychic Energy card from your hand to 1 of your Benched Psychic Pokémon. If you attached Energy to a Pokémon in this way, draw 2 cards.",
        "type": "Ability"
      }
    ],
    "attacks": [
      {
        "name": "Max Geist",
        "cost": [
          "Colorless",
          "Colorless",
          "Colorless"
        ],
        "convertedEnergyCost": 3,
        "damage": "10+",
        "text": "This attack does 30 more damage for each Psychic Energy attached to all of your Pokémon."
      }
    ],
    "weaknesses": [
      {
        "type": "Darkness",
        "value": "×2"
      }
    ],
    "resistances": [
      {
        "type": "Fighting",
        "value": "-30"
      }
    ],
    "retreatCost": [
      "Colorless",
      "Colorless"
    ],
    "convertedRetreatCost": 2,
    "number": "TG30",
    "artist": "5ban Graphics",
    "rarity": "Rare Secret",
    "nationalPokedexNumbers": [
      898
    ],
    "legalities": {
      "unlimited": "Legal",
      "expanded": "Legal"
    },
    "regulationMark": "E",
    "images": {
      "small": "https://images.pokemontcg.io/swsh10tg/TG30.png",
      "large": "https://images.pokemontcg.io/swsh10tg/TG30_hires.png"
    }
  }
]
