[
  {
    "id": "swsh45-1",
    "name": "Yanma",
    "supertype": "Pokémon",
    "subtypes": [
      "Basic"
    ],
    "hp": "80",
    "types": [
      "Grass"
    ],
    "evolvesTo": [
      "Yanmega"
    ],
    "attacks": [
      {
        "name": "Tackle",
        "cost": [
          "Grass"
        ],
        "convertedEnergyCost": 1,
        "damage": "10",
        "text": ""
      },
      {
        "name": "Wing Attack",
        "cost": [
          "Grass",
          "Colorless"
        ],
        "convertedEnergyCost": 2,
        "damage": "30",
        "text": ""
      }
    ],
    "weaknesses": [
      {
        "type": "Fire",
        "value": "×2"
      }
    ],
    "retreatCost": [
      "Colorless"
    ],
    "convertedRetreatCost": 1,
    "number": "1",
    "artist": "Kouki Saitou",
    "rarity": "Common",
    "flavorText": "If it flaps its wings really fast, it can generate shock waves that will shatter windows in the area.",
    "nationalPokedexNumbers": [
      193
    ],
    "legalities": {
      "unlimited": "Legal",
      "expanded": "Legal"
    },
    "regulationMark": "E",
    "images": {
      "small": "https://images.pokemontcg.io/swsh45/1.png",
      "large": "https://images.pokemontcg.io/swsh45/1_hires.png"
    }
  },
  {
    "id": "swsh45-2",
    "name": "Yanmega",
    "supertype": "Pokémon",
    "subtypes": [
      "Stage 1"
    ],
    "hp": "120",
    "types": [
      "Grass"
    ],
    "evolvesFrom": "Yanma",
    "attacks": [
      {
        "name": "Bug Bite",
        "cost": [
          "Grass"
        ],
        "convertedEnergyCost": 1,
        "damage": "30",
        "text": ""
      },
      {
        "name": "Nosedive",
        "cost": [
          "Grass",
          "Colorless"
        ],
        "convertedEnergyCost": 2,
        "damage": "120",
        "text": "This Pokémon also does 30 damage to itself."
      }
    ],
    "weaknesses": [
      {
        "type": "Fire",
        "value": "×2"
      }
    ],
    "number": "2",
    "artist": "Souichirou Gunjima",
    "rarity": "Rare",
    "flavorText": "This six-legged Pokémon is easily capable of transporting an adult in flight. The wings on its tail help it stay balanced.",
    "nationalPokedexNumbers": [
      469
    ],
    "legalities": {
      "unlimited": "Legal",
      "expanded": "Legal"
    },
    "regulationMark": "E",
    "images": {
      "small": "https://images.pokemontcg.io/swsh45/2.png",
      "large": "https://images.pokemontcg.io/swsh45/2_hires.png"
    }
  },
  {
    "id": "swsh45-3",
    "name": "Celebi",
    "supertype": "Pokémon",
    "subtypes": [
      "Basic"
    ],
    "hp": "70",
    "types": [
      "Grass"
    ],
    "abilities": [
      {
        "name": "Woodland Stroll",
        "text": "Once during your turn, if this Pokémon is in the Active Spot, you may look at the top 6 cards of your deck, reveal an Energy card you find there, and put it into your hand. Shuffle the other cards back into your deck.",
        "type": "Ability"
      }
    ],
    "attacks": [
      {
        "name": "Leaf Step",
        "cost": [
          "Grass",
          "Colorless",
          "Colorless"
        ],
        "convertedEnergyCost": 3,
        "damage": "40",
        "text": ""
      }
    ],
    "weaknesses": [
      {
        "type": "Fire",
        "value": "×2"
      }
    ],
    "retreatCost": [
      "Colorless"
    ],
    "convertedRetreatCost": 1,
    "number": "3",
    "artist": "Yuu Nishida",
    "rarity": "Rare",
    "flavorText": "It has the power to travel across time, but it is said to appear only in peaceful times.",
    "nationalPokedexNumbers": [
      251
    ],
    "legalities": {
      "unlimited": "Legal",
      "expanded": "Legal"
    },
    "regulationMark": "E",
    "images": {
      "small": "https://images.pokemontcg.io/swsh45/3.png",
      "large": "https://images.pokemontcg.io/swsh45/3_hires.png"
    }
  },
  {
    "id": "swsh45-4",
    "name": "Cacnea",
    "supertype": "Pokémon",
    "subtypes": [
      "Basic"
    ],
    "hp": "70",
    "types": [
      "Grass"
    ],
    "evolvesTo": [
      "Cacturne"
    ],
    "attacks": [
      {
        "name": "Pierce",
        "cost": [
          "Grass",
          "Grass"
        ],
        "convertedEnergyCost": 2,
        "damage": "50",
        "text": ""
      }
    ],
    "weaknesses": [
      {
        "type": "Fire",
        "value": "×2"
      }
    ],
    "retreatCost": [
      "Colorless",
      "Colorless"
    ],
    "convertedRetreatCost": 2,
    "number": "4",
    "artist": "Uta",
    "rarity": "Common",
    "flavorText": "It prefers harsh environments such as deserts. It can survive for 30 days on water stored in its body.",
    "nationalPokedexNumbers": [
      331
    ],
    "legalities": {
      "unlimited": "Legal",
      "expanded": "Legal"
    },
    "regulationMark": "E",
    "images": {
      "small": "https://images.pokemontcg.io/swsh45/4.png",
      "large": "https://images.pokemontcg.io/swsh45/4_hires.png"
    }
  },
  {
    "id": "swsh45-5",
    "name": "Tropius",
    "supertype": "Pokémon",
    "subtypes": [
      "Basic"
    ],
    "hp": "110",
    "types": [
      "Grass"
    ],
    "attacks": [
      {
        "name": "Attach Leaves",
        "cost": [
          "Colorless"
        ],
        "convertedEnergyCost": 1,
        "damage": "",
        "text": "Attach up to 2 Grass Energy cards from your discard pile to your Benched Pokémon in any way you like."
      },
      {
        "name": "Gust",
        "cost": [
          "Grass",
          "Colorless"
        ],
        "convertedEnergyCost": 2,
        "damage": "30",
        "text": ""
      }
    ],
    "weaknesses": [
      {
        "type": "Fire",
        "value": "×2"
      }
    ],
    "retreatCost": [
      "Colorless"
    ],
    "convertedRetreatCost": 1,
    "number": "5",
    "artist": "Akira Komayama",
    "rarity": "Uncommon",
    "flavorText": "Bunches of delicious fruit grow around its neck. In warm areas, many ranches raise Tropius.",
    "nationalPokedexNumbers": [
      357
    ],
    "legalities": {
      "unlimited": "Legal",
      "expanded": "Legal"
    },
    "regulationMark": "E",
    "images": {
      "small": "https://images.pokemontcg.io/swsh45/5.png",
      "large": "https://images.pokemontcg.io/swsh45/5_hires.png"
    }
  },
  {
    "id": "swsh45-6",
    "name": "Rowlet",
    "supertype": "Pokémon",
    "subtypes": [
      "Basic"
    ],
    "hp": "50",
    "types": [
      "Grass"
    ],
    "evolvesTo": [
      "Dartrix"
    ],
    "abilities": [
      {
        "name": "Sky Circus",
        "text": "If you played Bird Keeper from your hand during this turn, ignore all Energy in this Pokémon's attack costs.",
        "type": "Ability"
      }
    ],
    "attacks": [
      {
        "name": "Wind Shard",
        "cost": [
          "Colorless",
          "Colorless",
          "Colorless"
        ],
        "convertedEnergyCost": 3,
        "damage": "",
        "text": "This attack does 60 damage to 1 of your opponent's Benched Pokémon. (Don't apply Weakness and Resistance for Benched Pokémon.)"
      }
    ],
    "weaknesses": [
      {
        "type": "Fire",
        "value": "×2"
      }
    ],
    "retreatCost": [
      "Colorless"
    ],
    "convertedRetreatCost": 1,
    "number": "6",
    "artist": "HYOGONOSUKE",
    "rarity": "Common",
    "flavorText": "At a distance, it launches its sharp feathers while flying about. If the enemy gets too close, Rowlet switches tactics and delivers vicious kicks.",
    "nationalPokedexNumbers": [
      722
    ],
    "legalities": {
      "unlimited": "Legal",
      "expanded": "Legal"
    },
    "regulationMark": "D",
    "images": {
      "small": "https://images.pokemontcg.io/swsh45/6.png",
      "large": "https://images.pokemontcg.io/swsh45/6_hires.png"
    }
  },
  {
    "id": "swsh45-7",
    "name": "Dartrix",
    "supertype": "Pokémon",
    "subtypes": [
      "Stage 1"
    ],
    "hp": "80",
    "types": [
      "Grass"
    ],
    "evolvesFrom": "Rowlet",
    "evolvesTo": [
      "Decidueye"
    ],
    "attacks": [
      {
        "name": "Razor Leaf",
        "cost": [
          "Grass"
        ],
        "convertedEnergyCost": 1,
        "damage": "40",
        "text": ""
      }
    ],
    "weaknesses": [
      {
        "type": "Fire",
        "value": "×2"
      }
    ],
    "retreatCost": [
      "Colorless"
    ],
    "convertedRetreatCost": 1,
    "number": "7",
    "artist": "AKIRA EGAWA",
    "rarity": "Uncommon",
    "flavorText": "It throws one knifelike feather after another at its enemies, and each one precisely strikes a weak point. These feathers are known as blade quills.",
    "nationalPokedexNumbers": [
      723
    ],
    "legalities": {
      "unlimited": "Legal",
      "expanded": "Legal"
    },
    "regulationMark": "D",
    "images": {
      "small": "https://images.pokemontcg.io/swsh45/7.png",
      "large": "https://images.pokemontcg.io/swsh45/7_hires.png"
    }
  },
  {
    "id": "swsh45-8",
    "name": "Decidueye",
    "supertype": "Pokémon",
    "subtypes": [
      "Stage 2"
    ],
    "hp": "140",
    "types": [
      "Grass"
    ],
    "evolvesFrom": "Dartrix",
    "abilities": [
      {
        "name": "Deep Forest Camo",
        "text": "Prevent all damage done to this Pokémon by attacks from your opponent's Pokémon V and Pokémon-GX.",
        "type": "Ability"
      }
    ],
    "attacks": [
      {
        "name": "Splitting Arrow",
        "cost": [
          "Grass",
          "Colorless"
        ],
        "convertedEnergyCost": 2,
        "damage": "90",
        "text": "This attack also does 20 damage to 2 of your opponent's Benched Pokémon. (Don't apply Weakness and Resistance for Benched Pokémon.)"
      }
    ],
    "weaknesses": [
      {
        "type": "Fire",
        "value": "×2"
      }
    ],
    "retreatCost": [
      "Colorless",
      "Colorless"
    ],
    "convertedRetreatCost": 2,
    "number": "8",
    "artist": "Ryota Murayama",
    "rarity": "Rare Holo",
    "flavorText": "As if wielding a bow, it launches the arrow quills hidden among the feathers of its wings. Decidueye's shots never miss.",
    "nationalPokedexNumbers": [
      724
    ],
    "legalities": {
      "unlimited": "Legal",
      "expanded": "Legal"
    },
    "regulationMark": "D",
    "images": {
      "small": "https://images.pokemontcg.io/swsh45/8.png",
      "large": "https://images.pokemontcg.io/swsh45/8_hires.png"
    }
  },
  {
    "id": "swsh45-9",
    "name": "Dhelmise V",
    "supertype": "Pokémon",
    "subtypes": [
      "Basic",
      "V"
    ],
    "hp": "220",
    "types": [
      "Grass"
    ],
    "rules": [
      "V rule: When your Pokémon V is Knocked Out, your opponent takes 2 Prize cards."
    ],
    "attacks": [
      {
        "name": "Anchor Anger",
        "cost": [
          "Grass"
        ],
        "convertedEnergyCost": 1,
        "damage": "30+",
        "text": "If any of your Grass Pokémon were Knocked Out by damage from an opponent's attack during their last turn, this attack does 90 more damage."
      },
      {
        "name": "Giga Hammer",
        "cost": [
          "Grass",
          "Grass",
          "Colorless"
        ],
        "convertedEnergyCost": 3,
        "damage": "200",
        "text": "During your next turn, this Pokémon can't use Giga Hammer."
      }
    ],
    "weaknesses": [
      {
        "type": "Fire",
        "value": "×2"
      }
    ],
    "retreatCost": [
      "Colorless",
      "Colorless"
    ],
    "convertedRetreatCost": 2,
    "number": "9",
    "artist": "Eske Yoshinob",
    "rarity": "Rare Holo V",
    "nationalPokedexNumbers": [
      781
    ],
    "legalities": {
      "unlimited": "Legal",
      "expanded": "Legal"
    },
    "regulationMark": "D",
    "images": {
      "small": "https://images.pokemontcg.io/swsh45/9.png",
      "large": "https://images.pokemontcg.io/swsh45/9_hires.png"
    }
  },
  {
    "id": "swsh45-10",
    "name": "Dhelmise VMAX",
    "supertype": "Pokémon",
    "subtypes": [
      "VMAX"
    ],
    "hp": "330",
    "types": [
      "Grass"
    ],
    "evolvesFrom": "Dhelmise V",
    "rules": [
      "VMAX rule: When your Pokémon VMAX is Knocked Out, your opponent takes 3 Prize cards."
    ],
    "attacks": [
      {
        "name": "Swinging Chain",
        "cost": [
          "Grass"
        ],
        "convertedEnergyCost": 1,
        "damage": "",
        "text": "This attack does 30 damage to 1 of your opponent's Pokémon for each Grass Energy attached to this Pokémon. (Don't apply Weakness and Resistance for Benched Pokémon.)"
      },
      {
        "name": "Max Anchor",
        "cost": [
          "Grass",
          "Grass",
          "Colorless"
        ],
        "convertedEnergyCost": 3,
        "damage": "240",
        "text": "During your next turn, this Pokémon can't use Max Anchor."
      }
    ],
    "weaknesses": [
      {
        "type": "Fire",
        "value": "×2"
      }
    ],
    "retreatCost": [
      "Colorless",
      "Colorless",
      "Colorless"
    ],
    "convertedRetreatCost": 3,
    "number": "10",
    "artist": "PLANETA Mochizuki",
    "rarity": "Rare Holo VMAX",
    "nationalPokedexNumbers": [
      781
    ],
    "legalities": {
      "unlimited": "Legal",
      "expanded": "Legal"
    },
    "regulationMark": "D",
    "images": {
      "small": "https://images.pokemontcg.io/swsh45/10.png",
      "large": "https://images.pokemontcg.io/swsh45/10_hires.png"
    }
  },
  {
    "id": "swsh45-11",
    "name": "Grookey",
    "supertype": "Pokémon",
    "subtypes": [
      "Basic"
    ],
    "hp": "60",
    "types": [
      "Grass"
    ],
    "evolvesTo": [
      "Thwackey"
    ],
    "attacks": [
      {
        "name": "Fury Swipes",
        "cost": [
          "Colorless"
        ],
        "convertedEnergyCost": 1,
        "damage": "10×",
        "text": "Flip 3 coins. This attack does 10 damage for each heads."
      }
    ],
    "weaknesses": [
      {
        "type": "Fire",
        "value": "×2"
      }
    ],
    "retreatCost": [
      "Colorless"
    ],
    "convertedRetreatCost": 1,
    "number": "11",
    "artist": "Naoki Saito",
    "rarity": "Common",
    "flavorText": "When it uses its special stick to strike up a beat, the sound waves produced carry revitalizing energy to the plants and flowers in the area.",
    "nationalPokedexNumbers": [
      810
    ],
    "legalities": {
      "unlimited": "Legal",
      "expanded": "Legal"
    },
    "regulationMark": "D",
    "images": {
      "small": "https://images.pokemontcg.io/swsh45/11.png",
      "large": "https://images.pokemontcg.io/swsh45/11_hires.png"
    }
  },
  {
    "id": "swsh45-12",
    "name": "Thwackey",
    "supertype": "Pokémon",
    "subtypes": [
      "Stage 1"
    ],
    "hp": "90",
    "types": [
      "Grass"
    ],
    "evolvesFrom": "Grookey",
    "evolvesTo": [
      "Rillaboom"
    ],
    "abilities": [
      {
        "name": "Lay of the Land",
        "text": "If you have a Stadium in play, this Pokémon has no Retreat Cost.",
        "type": "Ability"
      }
    ],
    "attacks": [
      {
        "name": "Branch Poke",
        "cost": [
          "Grass"
        ],
        "convertedEnergyCost": 1,
        "damage": "20",
        "text": ""
      }
    ],
    "weaknesses": [
      {
        "type": "Fire",
        "value": "×2"
      }
    ],
    "retreatCost": [
      "Colorless",
      "Colorless"
    ],
    "convertedRetreatCost": 2,
    "number": "12",
    "artist": "0313",
    "rarity": "Uncommon",
    "flavorText": "The faster a Thwackey can beat out a rhythm with its two sticks, the more respect it wins from its peers.",
    "nationalPokedexNumbers": [
      811
    ],
    "legalities": {
      "unlimited": "Legal",
      "expanded": "Legal"
    },
    "regulationMark": "D",
    "images": {
      "small": "https://images.pokemontcg.io/swsh45/12.png",
      "large": "https://images.pokemontcg.io/swsh45/12_hires.png"
    }
  },
  {
    "id": "swsh45-13",
    "name": "Rillaboom",
    "supertype": "Pokémon",
    "subtypes": [
      "Stage 2"
    ],
    "hp": "170",
    "types": [
      "Grass"
    ],
    "evolvesFrom": "Thwackey",
    "abilities": [
      {
        "name": "Voltage Beat",
        "text": "Once during your turn, you may search your deck for up to 2 Grass Energy cards and attach them to 1 of your Pokémon. Then, shuffle your deck.",
        "type": "Ability"
      }
    ],
    "attacks": [
      {
        "name": "Hammer In",
        "cost": [
          "Grass",
          "Grass",
          "Grass",
          "Colorless"
        ],
        "convertedEnergyCost": 4,
        "damage": "140",
        "text": ""
      }
    ],
    "weaknesses": [
      {
        "type": "Fire",
        "value": "×2"
      }
    ],
    "retreatCost": [
      "Colorless",
      "Colorless",
      "Colorless"
    ],
    "convertedRetreatCost": 3,
    "number": "13",
    "artist": "Anesaki Dynamic",
    "rarity": "Rare Holo",
    "flavorText": "By drumming, it taps into the power of its special tree stump. The roots of the stump follow its direction in battle.",
    "nationalPokedexNumbers": [
      812
    ],
    "legalities": {
      "unlimited": "Legal",
      "expanded": "Legal"
    },
    "regulationMark": "D",
    "images": {
      "small": "https://images.pokemontcg.io/swsh45/13.png",
      "large": "https://images.pokemontcg.io/swsh45/13_hires.png"
    }
  },
  {
    "id": "swsh45-14",
    "name": "Gossifleur",
    "supertype": "Pokémon",
    "subtypes": [
      "Basic"
    ],
    "hp": "60",
    "types": [
      "Grass"
    ],
    "evolvesTo": [
      "Eldegoss"
    ],
    "attacks": [
      {
        "name": "Leafage",
        "cost": [
          "Colorless"
        ],
        "convertedEnergyCost": 1,
        "damage": "10",
        "text": ""
      }
    ],
    "weaknesses": [
      {
        "type": "Fire",
        "value": "×2"
      }
    ],
    "retreatCost": [
      "Colorless"
    ],
    "convertedRetreatCost": 1,
    "number": "14",
    "artist": "Yukiko Baba",
    "rarity": "Common",
    "flavorText": "It whirls around in the wind while singing a joyous song. This delightful display has charmed many into raising this Pokémon.",
    "nationalPokedexNumbers": [
      829
    ],
    "legalities": {
      "unlimited": "Legal",
      "expanded": "Legal"
    },
    "regulationMark": "E",
    "images": {
      "small": "https://images.pokemontcg.io/swsh45/14.png",
      "large": "https://images.pokemontcg.io/swsh45/14_hires.png"
    }
  },
  {
    "id": "swsh45-15",
    "name": "Eldegoss",
    "supertype": "Pokémon",
    "subtypes": [
      "Stage 1"
    ],
    "hp": "90",
    "types": [
      "Grass"
    ],
    "evolvesFrom": "Gossifleur",
    "attacks": [
      {
        "name": "Enriching Seeds",
        "cost": [
          "Colorless"
        ],
        "convertedEnergyCost": 1,
        "damage": "",
        "text": "Heal all damage from 1 of your Benched Pokémon."
      },
      {
        "name": "Surprise Attack",
        "cost": [
          "Grass"
        ],
        "convertedEnergyCost": 1,
        "damage": "50",
        "text": "Flip a coin. If tails, this attack does nothing."
      }
    ],
    "weaknesses": [
      {
        "type": "Fire",
        "value": "×2"
      }
    ],
    "retreatCost": [
      "Colorless"
    ],
    "convertedRetreatCost": 1,
    "number": "15",
    "artist": "kodama",
    "rarity": "Uncommon",
    "flavorText": "The cotton on the head of this Pokémon can be spun into a glossy, gorgeous yarn—a Galar regional specialty.",
    "nationalPokedexNumbers": [
      830
    ],
    "legalities": {
      "unlimited": "Legal",
      "expanded": "Legal"
    },
    "regulationMark": "E",
    "images": {
      "small": "https://images.pokemontcg.io/swsh45/15.png",
      "large": "https://images.pokemontcg.io/swsh45/15_hires.png"
    }
  },
  {
    "id": "swsh45-16",
    "name": "Zarude",
    "supertype": "Pokémon",
    "subtypes": [
      "Basic"
    ],
    "hp": "120",
    "types": [
      "Grass"
    ],
    "attacks": [
      {
        "name": "Suctioning Vines",
        "cost": [
          "Grass",
          "Colorless"
        ],
        "convertedEnergyCost": 2,
        "damage": "30",
        "text": "Heal 30 damage from this Pokémon."
      },
      {
        "name": "Jungle Blast",
        "cost": [
          "Grass",
          "Grass",
          "Colorless"
        ],
        "convertedEnergyCost": 3,
        "damage": "110",
        "text": ""
      }
    ],
    "weaknesses": [
      {
        "type": "Fire",
        "value": "×2"
      }
    ],
    "retreatCost": [
      "Colorless",
      "Colorless"
    ],
    "convertedRetreatCost": 2,
    "number": "16",
    "artist": "Kouki Saitou",
    "rarity": "Rare",
    "flavorText": "Once the vines on Zarude's body tear off, they become nutrients in the soil. This helps the plants of the forest grow.",
    "nationalPokedexNumbers": [
      893
    ],
    "legalities": {
      "unlimited": "Legal",
      "expanded": "Legal"
    },
    "regulationMark": "E",
    "images": {
      "small": "https://images.pokemontcg.io/swsh45/16.png",
      "large": "https://images.pokemontcg.io/swsh45/16_hires.png"
    }
  },
  {
    "id": "swsh45-17",
    "name": "Reshiram",
    "supertype": "Pokémon",
    "subtypes": [
      "Basic"
    ],
    "hp": "120",
    "types": [
      "Fire"
    ],
    "attacks": [
      {
        "name": "Amazing Blaze",
        "cost": [
          "Fire",
          "Lightning",
          "Darkness"
        ],
        "convertedEnergyCost": 3,
        "damage": "270",
        "text": "This Pokémon also does 60 damage to itself."
      }
    ],
    "weaknesses": [
      {
        "type": "Water",
        "value": "×2"
      }
    ],
    "retreatCost": [
      "Colorless",
      "Colorless",
      "Colorless"
    ],
    "convertedRetreatCost": 3,
    "number": "17",
    "artist": "PLANETA Tsuji",
    "rarity": "Amazing Rare",
    "flavorText": "When Reshiram's tail flares, the heat energy moves the atmosphere and changes the world's weather.",
    "nationalPokedexNumbers": [
      643
    ],
    "legalities": {
      "unlimited": "Legal",
      "expanded": "Legal"
    },
    "regulationMark": "D",
    "images": {
      "small": "https://images.pokemontcg.io/swsh45/17.png",
      "large": "https://images.pokemontcg.io/swsh45/17_hires.png"
    }
  },
  {
    "id": "swsh45-18",
    "name": "Cinderace V",
    "supertype": "Pokémon",
    "subtypes": [
      "Basic",
      "V"
    ],
    "hp": "210",
    "types": [
      "Fire"
    ],
    "rules": [
      "V rule: When your Pokémon V is Knocked Out, your opponent takes 2 Prize cards."
    ],
    "abilities": [
      {
        "name": "Field Runner",
        "text": "If a Stadium is in play, this Pokémon has no Retreat Cost.",
        "type": "Ability"
      }
    ],
    "attacks": [
      {
        "name": "Crimson Legs",
        "cost": [
          "Fire",
          "Fire",
          "Colorless"
        ],
        "convertedEnergyCost": 3,
        "damage": "140",
        "text": ""
      }
    ],
    "weaknesses": [
      {
        "type": "Water",
        "value": "×2"
      }
    ],
    "retreatCost": [
      "Colorless",
      "Colorless"
    ],
    "convertedRetreatCost": 2,
    "number": "18",
    "artist": "5ban Graphics",
    "rarity": "Rare Holo V",
    "nationalPokedexNumbers": [
      815
    ],
    "legalities": {
      "unlimited": "Legal",
      "expanded": "Legal"
    },
    "regulationMark": "D",
    "images": {
      "small": "https://images.pokemontcg.io/swsh45/18.png",
      "large": "https://images.pokemontcg.io/swsh45/18_hires.png"
    }
  },
  {
    "id": "swsh45-19",
    "name": "Cinderace VMAX",
    "supertype": "Pokémon",
    "subtypes": [
      "VMAX"
    ],
    "hp": "320",
    "types": [
      "Fire"
    ],
    "evolvesFrom": "Cinderace V",
    "rules": [
      "VMAX rule: When your Pokémon VMAX is Knocked Out, your opponent takes 3 Prize cards."
    ],
    "attacks": [
      {
        "name": "Counter",
        "cost": [
          "Fire",
          "Colorless"
        ],
        "convertedEnergyCost": 2,
        "damage": "30+",
        "text": "If this Pokémon was damaged by an attack during your opponent's last turn, this attack does that much more damage."
      },
      {
        "name": "Max Pyro Ball",
        "cost": [
          "Fire",
          "Fire",
          "Colorless"
        ],
        "convertedEnergyCost": 3,
        "damage": "170",
        "text": "Your opponent's Active Pokémon is now Burned."
      }
    ],
    "weaknesses": [
      {
        "type": "Water",
        "value": "×2"
      }
    ],
    "retreatCost": [
      "Colorless",
      "Colorless"
    ],
    "convertedRetreatCost": 2,
    "number": "19",
    "artist": "PLANETA Mochizuki",
    "rarity": "Rare Holo VMAX",
    "nationalPokedexNumbers": [
      815
    ],
    "legalities": {
      "unlimited": "Legal",
      "expanded": "Legal"
    },
    "regulationMark": "D",
    "images": {
      "small": "https://images.pokemontcg.io/swsh45/19.png",
      "large": "https://images.pokemontcg.io/swsh45/19_hires.png"
    }
  },
  {
    "id": "swsh45-20",
    "name": "Horsea",
    "supertype": "Pokémon",
    "subtypes": [
      "Basic"
    ],
    "hp": "40",
    "types": [
      "Water"
    ],
    "evolvesTo": [
      "Seadra"
    ],
    "attacks": [
      {
        "name": "Water Gun",
        "cost": [
          "Water"
        ],
        "convertedEnergyCost": 1,
        "damage": "10",
        "text": ""
      }
    ],
    "weaknesses": [
      {
        "type": "Lightning",
        "value": "×2"
      }
    ],
    "number": "20",
    "artist": "Taira Akitsu",
    "rarity": "Common",
    "flavorText": "It makes its nest in the shade of corals. If it senses danger, it spits murky ink and flees.",
    "nationalPokedexNumbers": [
      116
    ],
    "legalities": {
      "unlimited": "Legal",
      "expanded": "Legal"
    },
    "regulationMark": "E",
    "images": {
      "small": "https://images.pokemontcg.io/swsh45/20.png",
      "large": "https://images.pokemontcg.io/swsh45/20_hires.png"
    }
  },
  {
    "id": "swsh45-21",
    "name": "Kyogre",
    "supertype": "Pokémon",
    "subtypes": [
      "Basic"
    ],
    "hp": "120",
    "types": [
      "Water"
    ],
    "attacks": [
      {
        "name": "Amazing Surge",
        "cost": [
          "Water",
          "Lightning",
          "Metal",
          "Colorless"
        ],
        "convertedEnergyCost": 4,
        "damage": "",
        "text": "This attack does 80 damage to each of your opponent's Pokémon. (Don't apply Weakness and Resistance for Benched Pokémon.)"
      }
    ],
    "weaknesses": [
      {
        "type": "Lightning",
        "value": "×2"
      }
    ],
    "retreatCost": [
      "Colorless",
      "Colorless",
      "Colorless"
    ],
    "convertedRetreatCost": 3,
    "number": "21",
    "artist": "Anesaki Dynamic",
    "rarity": "Amazing Rare",
    "flavorText": "It is said to have widened the seas by causing downpours. It had been asleep in a marine trench.",
    "nationalPokedexNumbers": [
      382
    ],
    "legalities": {
      "unlimited": "Legal",
      "expanded": "Legal"
    },
    "regulationMark": "D",
    "images": {
      "small": "https://images.pokemontcg.io/swsh45/21.png",
      "large": "https://images.pokemontcg.io/swsh45/21_hires.png"
    }
  },
  {
    "id": "swsh45-22",
    "name": "Buizel",
    "supertype": "Pokémon",
    "subtypes": [
      "Basic"
    ],
    "hp": "70",
    "types": [
      "Water"
    ],
    "evolvesTo": [
      "Floatzel"
    ],
    "attacks": [
      {
        "name": "Rain Splash",
        "cost": [
          "Water"
        ],
        "convertedEnergyCost": 1,
        "damage": "20",
        "text": ""
      }
    ],
    "weaknesses": [
      {
        "type": "Lightning",
        "value": "×2"
      }
    ],
    "retreatCost": [
      "Colorless"
    ],
    "convertedRetreatCost": 1,
    "number": "22",
    "artist": "ryoma uratsuka",
    "rarity": "Common",
    "flavorText": "It inflates the flotation sac around its neck and pokes its head out of the water to see what is going on.",
    "nationalPokedexNumbers": [
      418
    ],
    "legalities": {
      "unlimited": "Legal",
      "expanded": "Legal"
    },
    "regulationMark": "E",
    "images": {
      "small": "https://images.pokemontcg.io/swsh45/22.png",
      "large": "https://images.pokemontcg.io/swsh45/22_hires.png"
    }
  },
  {
    "id": "swsh45-23",
    "name": "Floatzel",
    "supertype": "Pokémon",
    "subtypes": [
      "Stage 1"
    ],
    "hp": "110",
    "types": [
      "Water"
    ],
    "evolvesFrom": "Buizel",
    "attacks": [
      {
        "name": "Surf",
        "cost": [
          "Water"
        ],
        "convertedEnergyCost": 1,
        "damage": "50",
        "text": ""
      }
    ],
    "weaknesses": [
      {
        "type": "Lightning",
        "value": "×2"
      }
    ],
    "retreatCost": [
      "Colorless"
    ],
    "convertedRetreatCost": 1,
    "number": "23",
    "artist": "AKIRA EGAWA",
    "rarity": "Uncommon",
    "flavorText": "Its flotation sac developed as a result of pursuing aquatic prey. It can double as a rubber raft.",
    "nationalPokedexNumbers": [
      419
    ],
    "legalities": {
      "unlimited": "Legal",
      "expanded": "Legal"
    },
    "regulationMark": "E",
    "images": {
      "small": "https://images.pokemontcg.io/swsh45/23.png",
      "large": "https://images.pokemontcg.io/swsh45/23_hires.png"
    }
  },
  {
    "id": "swsh45-24",
    "name": "Manaphy",
    "supertype": "Pokémon",
    "subtypes": [
      "Basic"
    ],
    "hp": "70",
    "types": [
      "Water"
    ],
    "abilities": [
      {
        "name": "Ocean Search",
        "text": "Once during your turn, if this Pokémon is in the Active Spot, you may look at the top 6 cards of your deck, reveal a Pokémon you find there, and put it into your hand. Shuffle the other cards back into your deck.",
        "type": "Ability"
      }
    ],
    "attacks": [
      {
        "name": "Wave Splash",
        "cost": [
          "Water",
          "Colorless"
        ],
        "convertedEnergyCost": 2,
        "damage": "30",
        "text": ""
      }
    ],
    "weaknesses": [
      {
        "type": "Lightning",
        "value": "×2"
      }
    ],
    "retreatCost": [
      "Colorless"
    ],
    "convertedRetreatCost": 1,
    "number": "24",
    "artist": "Narumi Sato",
    "rarity": "Rare",
    "flavorText": "It starts its life with a wondrous power that permits it to bond with any kind of Pokémon.",
    "nationalPokedexNumbers": [
      490
    ],
    "legalities": {
      "unlimited": "Legal",
      "expanded": "Legal"
    },
    "regulationMark": "E",
    "images": {
      "small": "https://images.pokemontcg.io/swsh45/24.png",
      "large": "https://images.pokemontcg.io/swsh45/24_hires.png"
    }
  },
  {
    "id": "swsh45-25",
    "name": "Volcanion",
    "supertype": "Pokémon",
    "subtypes": [
      "Basic"
    ],
    "hp": "130",
    "types": [
      "Water"
    ],
    "attacks": [
      {
        "name": "Hammer In",
        "cost": [
          "Water",
          "Colorless"
        ],
        "convertedEnergyCost": 2,
        "damage": "50",
        "text": ""
      },
      {
        "name": "Dynamite Steam",
        "cost": [
          "Water",
          "Water",
          "Water",
          "Colorless"
        ],
        "convertedEnergyCost": 4,
        "damage": "120×",
        "text": "Flip 2 coins. This attack does 120 damage for each heads."
      }
    ],
    "weaknesses": [
      {
        "type": "Lightning",
        "value": "×2"
      }
    ],
    "retreatCost": [
      "Colorless",
      "Colorless",
      "Colorless"
    ],
    "convertedRetreatCost": 3,
    "number": "25",
    "artist": "nagimiso",
    "rarity": "Rare",
    "flavorText": "It expels its internal steam from the arms on its back. It has enough power to blow away a mountain.",
    "nationalPokedexNumbers": [
      721
    ],
    "legalities": {
      "unlimited": "Legal",
      "expanded": "Legal"
    },
    "regulationMark": "E",
    "images": {
      "small": "https://images.pokemontcg.io/swsh45/25.png",
      "large": "https://images.pokemontcg.io/swsh45/25_hires.png"
    }
  },
  {
    "id": "swsh45-26",
    "name": "Chewtle",
    "supertype": "Pokémon",
    "subtypes": [
      "Basic"
    ],
    "hp": "80",
    "types": [
      "Water"
    ],
    "evolvesTo": [
      "Drednaw"
    ],
    "attacks": [
      {
        "name": "Tackle",
        "cost": [
          "Water"
        ],
        "convertedEnergyCost": 1,
        "damage": "10",
        "text": ""
      },
      {
        "name": "Bite",
        "cost": [
          "Water",
          "Colorless"
        ],
        "convertedEnergyCost": 2,
        "damage": "30",
        "text": ""
      }
    ],
    "weaknesses": [
      {
        "type": "Lightning",
        "value": "×2"
      }
    ],
    "retreatCost": [
      "Colorless",
      "Colorless"
    ],
    "convertedRetreatCost": 2,
    "number": "26",
    "artist": "sowsow",
    "rarity": "Common",
    "flavorText": "It starts off battles by attacking with its rock-hard horn, but as soon as the opponent flinches, this Pokémon bites down and never lets go.",
    "nationalPokedexNumbers": [
      833
    ],
    "legalities": {
      "unlimited": "Legal",
      "expanded": "Legal"
    },
    "regulationMark": "E",
    "images": {
      "small": "https://images.pokemontcg.io/swsh45/26.png",
      "large": "https://images.pokemontcg.io/swsh45/26_hires.png"
    }
  },
  {
    "id": "swsh45-27",
    "name": "Drednaw",
    "supertype": "Pokémon",
    "subtypes": [
      "Stage 1"
    ],
    "hp": "140",
    "types": [
      "Water"
    ],
    "evolvesFrom": "Chewtle",
    "abilities": [
      {
        "name": "Exoskeleton",
        "text": "This Pokémon takes 30 less damage from attacks (after applying Weakness and Resistance).",
        "type": "Ability"
      }
    ],
    "attacks": [
      {
        "name": "Skull Bash",
        "cost": [
          "Water",
          "Water",
          "Colorless"
        ],
        "convertedEnergyCost": 3,
        "damage": "130",
        "text": ""
      }
    ],
    "weaknesses": [
      {
        "type": "Lightning",
        "value": "×2"
      }
    ],
    "retreatCost": [
      "Colorless",
      "Colorless",
      "Colorless"
    ],
    "convertedRetreatCost": 3,
    "number": "27",
    "artist": "Masakazu Fukuda",
    "rarity": "Rare",
    "flavorText": "This Pokémon rapidly extends its retractable neck to sink its sharp fangs into distant enemies and take them down.",
    "nationalPokedexNumbers": [
      834
    ],
    "legalities": {
      "unlimited": "Legal",
      "expanded": "Legal"
    },
    "regulationMark": "E",
    "images": {
      "small": "https://images.pokemontcg.io/swsh45/27.png",
      "large": "https://images.pokemontcg.io/swsh45/27_hires.png"
    }
  },
  {
    "id": "swsh45-28",
    "name": "Cramorant",
    "supertype": "Pokémon",
    "subtypes": [
      "Basic"
    ],
    "hp": "90",
    "types": [
      "Water"
    ],
    "attacks": [
      {
        "name": "Spit-Out Shot",
        "cost": [
          "Water",
          "Water"
        ],
        "convertedEnergyCost": 2,
        "damage": "",
        "text": "This attack does 50 damage to 1 of your opponent's Benched Pokémon. (Don't apply Weakness and Resistance for Benched Pokémon.)"
      }
    ],
    "weaknesses": [
      {
        "type": "Lightning",
        "value": "×2"
      }
    ],
    "retreatCost": [
      "Colorless"
    ],
    "convertedRetreatCost": 1,
    "number": "28",
    "artist": "HYOGONOSUKE",
    "rarity": "Uncommon",
    "flavorText": "This hungry Pokémon swallows Arrokuda whole. Occasionally, it makes a mistake and tries to swallow a Pokémon other than its preferred prey.",
    "nationalPokedexNumbers": [
      845
    ],
    "legalities": {
      "unlimited": "Legal",
      "expanded": "Legal"
    },
    "regulationMark": "E",
    "images": {
      "small": "https://images.pokemontcg.io/swsh45/28.png",
      "large": "https://images.pokemontcg.io/swsh45/28_hires.png"
    }
  },
  {
    "id": "swsh45-29",
    "name": "Snom",
    "supertype": "Pokémon",
    "subtypes": [
      "Basic"
    ],
    "hp": "50",
    "types": [
      "Water"
    ],
    "evolvesTo": [
      "Frosmoth"
    ],
    "attacks": [
      {
        "name": "Call for Family",
        "cost": [
          "Water"
        ],
        "convertedEnergyCost": 1,
        "damage": "",
        "text": "Search your deck for a Basic Pokémon and put it onto your Bench. Then, shuffle your deck."
      }
    ],
    "weaknesses": [
      {
        "type": "Metal",
        "value": "×2"
      }
    ],
    "retreatCost": [
      "Colorless",
      "Colorless"
    ],
    "convertedRetreatCost": 2,
    "number": "29",
    "artist": "Tika Matsuno",
    "rarity": "Common",
    "flavorText": "It spits out thread imbued with a frigid sort of energy and uses it to tie its body to branches, disguising itself as an icicle while it sleeps.",
    "nationalPokedexNumbers": [
      872
    ],
    "legalities": {
      "unlimited": "Legal",
      "expanded": "Legal"
    },
    "regulationMark": "D",
    "images": {
      "small": "https://images.pokemontcg.io/swsh45/29.png",
      "large": "https://images.pokemontcg.io/swsh45/29_hires.png"
    }
  },
  {
    "id": "swsh45-30",
    "name": "Frosmoth",
    "supertype": "Pokémon",
    "subtypes": [
      "Stage 1"
    ],
    "hp": "90",
    "types": [
      "Water"
    ],
    "evolvesFrom": "Snom",
    "abilities": [
      {
        "name": "Ice Dance",
        "text": "As often as you like during your turn, you may attach a Water Energy card from your hand to 1 of your Benched Water Pokémon.",
        "type": "Ability"
      }
    ],
    "attacks": [
      {
        "name": "Aurora Beam",
        "cost": [
          "Water",
          "Colorless"
        ],
        "convertedEnergyCost": 2,
        "damage": "30",
        "text": ""
      }
    ],
    "weaknesses": [
      {
        "type": "Metal",
        "value": "×2"
      }
    ],
    "retreatCost": [
      "Colorless",
      "Colorless"
    ],
    "convertedRetreatCost": 2,
    "number": "30",
    "artist": "Kagemaru Himeno",
    "rarity": "Rare Holo",
    "flavorText": "It shows no mercy to any who desecrate fields and mountains. It will fly around on its icy wings, causing a blizzard to chase offenders away.",
    "nationalPokedexNumbers": [
      873
    ],
    "legalities": {
      "unlimited": "Legal",
      "expanded": "Legal"
    },
    "regulationMark": "D",
    "images": {
      "small": "https://images.pokemontcg.io/swsh45/30.png",
      "large": "https://images.pokemontcg.io/swsh45/30_hires.png"
    }
  },
  {
    "id": "swsh45-31",
    "name": "Shinx",
    "supertype": "Pokémon",
    "subtypes": [
      "Basic"
    ],
    "hp": "60",
    "types": [
      "Lightning"
    ],
    "evolvesTo": [
      "Luxio"
    ],
    "attacks": [
      {
        "name": "Under Pressure",
        "cost": [
          "Lightning"
        ],
        "convertedEnergyCost": 1,
        "damage": "10+",
        "text": "If your opponent has 3 or fewer Prize cards remaining, this attack does 50 more damage."
      }
    ],
    "weaknesses": [
      {
        "type": "Fighting",
        "value": "×2"
      }
    ],
    "retreatCost": [
      "Colorless"
    ],
    "convertedRetreatCost": 1,
    "number": "31",
    "artist": "Uta",
    "rarity": "Common",
    "flavorText": "All of its fur dazzles if danger is sensed. It flees while the foe is momentarily blinded.",
    "nationalPokedexNumbers": [
      403
    ],
    "legalities": {
      "unlimited": "Legal",
      "expanded": "Legal"
    },
    "regulationMark": "D",
    "images": {
      "small": "https://images.pokemontcg.io/swsh45/31.png",
      "large": "https://images.pokemontcg.io/swsh45/31_hires.png"
    }
  },
  {
    "id": "swsh45-32",
    "name": "Luxio",
    "supertype": "Pokémon",
    "subtypes": [
      "Stage 1"
    ],
    "hp": "90",
    "types": [
      "Lightning"
    ],
    "evolvesFrom": "Shinx",
    "evolvesTo": [
      "Luxray"
    ],
    "abilities": [
      {
        "name": "Top Entry",
        "text": "Once during your turn, if you drew this Pokémon from your deck at the beginning of your turn and your Bench isn't full, before you put it into your hand, you may put it onto your Bench.",
        "type": "Ability"
      }
    ],
    "attacks": [
      {
        "name": "Zap Kick",
        "cost": [
          "Lightning"
        ],
        "convertedEnergyCost": 1,
        "damage": "30",
        "text": ""
      }
    ],
    "weaknesses": [
      {
        "type": "Fighting",
        "value": "×2"
      }
    ],
    "retreatCost": [
      "Colorless"
    ],
    "convertedRetreatCost": 1,
    "number": "32",
    "artist": "NC Empire",
    "rarity": "Uncommon",
    "flavorText": "Strong electricity courses through the tips of its sharp claws. A light scratch causes fainting in foes.",
    "nationalPokedexNumbers": [
      404
    ],
    "legalities": {
      "unlimited": "Legal",
      "expanded": "Legal"
    },
    "regulationMark": "D",
    "images": {
      "small": "https://images.pokemontcg.io/swsh45/32.png",
      "large": "https://images.pokemontcg.io/swsh45/32_hires.png"
    }
  },
  {
    "id": "swsh45-33",
    "name": "Luxray",
    "supertype": "Pokémon",
    "subtypes": [
      "Stage 2"
    ],
    "hp": "160",
    "types": [
      "Lightning"
    ],
    "evolvesFrom": "Luxio",
    "attacks": [
      {
        "name": "Raid",
        "cost": [
          "Lightning"
        ],
        "convertedEnergyCost": 1,
        "damage": "60+",
        "text": "If this Pokémon evolved from Luxio during this turn, this attack does 100 more damage."
      },
      {
        "name": "Head Bolt",
        "cost": [
          "Lightning",
          "Colorless"
        ],
        "convertedEnergyCost": 2,
        "damage": "120",
        "text": ""
      }
    ],
    "weaknesses": [
      {
        "type": "Fighting",
        "value": "×2"
      }
    ],
    "retreatCost": [
      "Colorless"
    ],
    "convertedRetreatCost": 1,
    "number": "33",
    "artist": "Hasuno",
    "rarity": "Rare Holo",
    "flavorText": "Luxray's ability to see through objects comes in handy when it's scouting for danger.",
    "nationalPokedexNumbers": [
      405
    ],
    "legalities": {
      "unlimited": "Legal",
      "expanded": "Legal"
    },
    "regulationMark": "D",
    "images": {
      "small": "https://images.pokemontcg.io/swsh45/33.png",
      "large": "https://images.pokemontcg.io/swsh45/33_hires.png"
    }
  },
  {
    "id": "swsh45-34",
    "name": "Rotom",
    "supertype": "Pokémon",
    "subtypes": [
      "Basic"
    ],
    "hp": "80",
    "types": [
      "Lightning"
    ],
    "abilities": [
      {
        "name": "Roto Choice",
        "text": "When you play this Pokémon from your hand onto your Bench during your turn, you may search your deck for up to 2 Item cards that have the word \"Rotom\" in their name, reveal them, and put them into your hand. Then, shuffle your deck.",
        "type": "Ability"
      }
    ],
    "attacks": [
      {
        "name": "Thunder Shock",
        "cost": [
          "Lightning",
          "Colorless"
        ],
        "convertedEnergyCost": 2,
        "damage": "30",
        "text": "Flip a coin. If heads, your opponent's Active Pokémon is now Paralyzed."
      }
    ],
    "weaknesses": [
      {
        "type": "Fighting",
        "value": "×2"
      }
    ],
    "retreatCost": [
      "Colorless"
    ],
    "convertedRetreatCost": 1,
    "number": "34",
    "artist": "ryoma uratsuka",
    "rarity": "Uncommon",
    "flavorText": "One boy's invention led to the development of many different machines that take advantage of Rotom's unique capabilities.",
    "nationalPokedexNumbers": [
      479
    ],
    "legalities": {
      "unlimited": "Legal",
      "expanded": "Legal"
    },
    "regulationMark": "D",
    "images": {
      "small": "https://images.pokemontcg.io/swsh45/34.png",
      "large": "https://images.pokemontcg.io/swsh45/34_hires.png"
    }
  },
  {
    "id": "swsh45-35",
    "name": "Morpeko",
    "supertype": "Pokémon",
    "subtypes": [
      "Basic"
    ],
    "hp": "80",
    "types": [
      "Lightning"
    ],
    "attacks": [
      {
        "name": "Famished",
        "cost": [
          "Colorless"
        ],
        "convertedEnergyCost": 1,
        "damage": "",
        "text": "Draw a card."
      },
      {
        "name": "Thunder Shock",
        "cost": [
          "Lightning",
          "Colorless"
        ],
        "convertedEnergyCost": 2,
        "damage": "40",
        "text": "Flip a coin. If heads, your opponent's Active Pokémon is now Paralyzed."
      }
    ],
    "weaknesses": [
      {
        "type": "Fighting",
        "value": "×2"
      }
    ],
    "retreatCost": [
      "Colorless"
    ],
    "convertedRetreatCost": 1,
    "number": "35",
    "artist": "Saya Tsuruta",
    "rarity": "Common",
    "flavorText": "As it eats the seeds stored up in its pocket-like pouches, this Pokémon is not just satisfying its constant hunger. It's also generating electricity.",
    "nationalPokedexNumbers": [
      877
    ],
    "legalities": {
      "unlimited": "Legal",
      "expanded": "Legal"
    },
    "regulationMark": "D",
    "images": {
      "small": "https://images.pokemontcg.io/swsh45/35.png",
      "large": "https://images.pokemontcg.io/swsh45/35_hires.png"
    }
  },
  {
    "id": "swsh45-36",
    "name": "Morpeko",
    "supertype": "Pokémon",
    "subtypes": [
      "Basic"
    ],
    "hp": "80",
    "types": [
      "Lightning"
    ],
    "attacks": [
      {
        "name": "Famished",
        "cost": [
          "Colorless"
        ],
        "convertedEnergyCost": 1,
        "damage": "",
        "text": "Draw a card."
      },
      {
        "name": "Thunder Shock",
        "cost": [
          "Lightning",
          "Colorless"
        ],
        "convertedEnergyCost": 2,
        "damage": "40",
        "text": "Flip a coin. If heads, your opponent's Active Pokémon is now Paralyzed."
      }
    ],
    "weaknesses": [
      {
        "type": "Fighting",
        "value": "×2"
      }
    ],
    "retreatCost": [
      "Colorless"
    ],
    "convertedRetreatCost": 1,
    "number": "36",
    "artist": "Hideki Ishikawa",
    "rarity": "Common",
    "flavorText": "As it eats the seeds stored up in its pocket-like pouches, this Pokémon is not just satisfying its constant hunger. It's also generating electricity.",
    "nationalPokedexNumbers": [
      877
    ],
    "legalities": {
      "unlimited": "Legal",
      "expanded": "Legal"
    },
    "regulationMark": "D",
    "images": {
      "small": "https://images.pokemontcg.io/swsh45/36.png",
      "large": "https://images.pokemontcg.io/swsh45/36_hires.png"
    }
  },
  {
    "id": "swsh45-37",
    "name": "Morpeko V",
    "supertype": "Pokémon",
    "subtypes": [
      "Basic",
      "V"
    ],
    "hp": "170",
    "types": [
      "Lightning"
    ],
    "rules": [
      "V rule: When your Pokémon V is Knocked Out, your opponent takes 2 Prize cards."
    ],
    "attacks": [
      {
        "name": "Spark",
        "cost": [
          "Colorless"
        ],
        "convertedEnergyCost": 1,
        "damage": "20",
        "text": "This attack also does 20 damage to 1 of your opponent's Benched Pokémon. (Don't apply Weakness and Resistance for Benched Pokémon.)"
      },
      {
        "name": "Electro Wheel",
        "cost": [
          "Lightning",
          "Lightning",
          "Colorless"
        ],
        "convertedEnergyCost": 3,
        "damage": "150",
        "text": "Discard an Energy from this Pokémon. If you do, switch it with 1 of your Benched Pokémon."
      }
    ],
    "weaknesses": [
      {
        "type": "Fighting",
        "value": "×2"
      }
    ],
    "retreatCost": [
      "Colorless",
      "Colorless"
    ],
    "convertedRetreatCost": 2,
    "number": "37",
    "artist": "5ban Graphics",
    "rarity": "Rare Holo V",
    "nationalPokedexNumbers": [
      877
    ],
    "legalities": {
      "unlimited": "Legal",
      "expanded": "Legal"
    },
    "regulationMark": "D",
    "images": {
      "small": "https://images.pokemontcg.io/swsh45/37.png",
      "large": "https://images.pokemontcg.io/swsh45/37_hires.png"
    }
  },
  {
    "id": "swsh45-38",
    "name": "Morpeko VMAX",
    "supertype": "Pokémon",
    "subtypes": [
      "VMAX"
    ],
    "hp": "300",
    "types": [
      "Lightning"
    ],
    "evolvesFrom": "Morpeko V",
    "rules": [
      "VMAX rule: When your Pokémon VMAX is Knocked Out, your opponent takes 3 Prize cards."
    ],
    "attacks": [
      {
        "name": "Max Discharge",
        "cost": [
          "Lightning",
          "Lightning",
          "Colorless"
        ],
        "convertedEnergyCost": 3,
        "damage": "180",
        "text": "This attack also does 20 damage to each of your opponent's Benched Pokémon. (Don't apply Weakness and Resistance for Benched Pokémon.)"
      }
    ],
    "weaknesses": [
      {
        "type": "Fighting",
        "value": "×2"
      }
    ],
    "retreatCost": [
      "Colorless"
    ],
    "convertedRetreatCost": 1,
    "number": "38",
    "artist": "PLANETA Mochizuki",
    "rarity": "Rare Holo VMAX",
    "nationalPokedexNumbers": [
      877
    ],
    "legalities": {
      "unlimited": "Legal",
      "expanded": "Legal"
    },
    "regulationMark": "D",
    "images": {
      "small": "https://images.pokemontcg.io/swsh45/38.png",
      "large": "https://images.pokemontcg.io/swsh45/38_hires.png"
    }
  },
  {
    "id": "swsh45-39",
    "name": "Indeedee V",
    "supertype": "Pokémon",
    "subtypes": [
      "Basic",
      "V"
    ],
    "hp": "180",
    "types": [
      "Psychic"
    ],
    "rules": [
      "V rule: When your Pokémon V is Knocked Out, your opponent takes 2 Prize cards."
    ],
    "abilities": [
      {
        "name": "Watch Over",
        "text": "Once during your turn, you may heal 20 damage from your Active Pokémon.",
        "type": "Ability"
      }
    ],
    "attacks": [
      {
        "name": "Psychic",
        "cost": [
          "Psychic",
          "Colorless",
          "Colorless"
        ],
        "convertedEnergyCost": 3,
        "damage": "10+",
        "text": "This attack does 60 more damage for each Energy attached to your opponent's Active Pokémon."
      }
    ],
    "weaknesses": [
      {
        "type": "Darkness",
        "value": "×2"
      }
    ],
    "resistances": [
      {
        "type": "Fighting",
        "value": "-30"
      }
    ],
    "retreatCost": [
      "Colorless",
      "Colorless"
    ],
    "convertedRetreatCost": 2,
    "number": "39",
    "artist": "5ban Graphics",
    "rarity": "Rare Holo V",
    "nationalPokedexNumbers": [
      876
    ],
    "legalities": {
      "unlimited": "Legal",
      "expanded": "Legal"
    },
    "regulationMark": "D",
    "images": {
      "small": "https://images.pokemontcg.io/swsh45/39.png",
      "large": "https://images.pokemontcg.io/swsh45/39_hires.png"
    }
  },
  {
    "id": "swsh45-40",
    "name": "Trapinch",
    "supertype": "Pokémon",
    "subtypes": [
      "Basic"
    ],
    "hp": "60",
    "types": [
      "Fighting"
    ],
    "evolvesTo": [
      "Vibrava"
    ],
    "attacks": [
      {
        "name": "Land's Pulse",
        "cost": [
          "Fighting"
        ],
        "convertedEnergyCost": 1,
        "damage": "10+",
        "text": "If a Stadium is in play, this attack does 10 more damage."
      }
    ],
    "weaknesses": [
      {
        "type": "Grass",
        "value": "×2"
      }
    ],
    "retreatCost": [
      "Colorless"
    ],
    "convertedRetreatCost": 1,
    "number": "40",
    "artist": "MAHOU",
    "rarity": "Common",
    "flavorText": "Its nest is a sloped, bowl-like pit in the desert. Once something has fallen in, there is no escape.",
    "nationalPokedexNumbers": [
      328
    ],
    "legalities": {
      "unlimited": "Legal",
      "expanded": "Legal"
    },
    "regulationMark": "D",
    "images": {
      "small": "https://images.pokemontcg.io/swsh45/40.png",
      "large": "https://images.pokemontcg.io/swsh45/40_hires.png"
    }
  },
  {
    "id": "swsh45-41",
    "name": "Koffing",
    "supertype": "Pokémon",
    "subtypes": [
      "Basic"
    ],
    "hp": "60",
    "types": [
      "Darkness"
    ],
    "evolvesTo": [
      "Weezing"
    ],
    "attacks": [
      {
        "name": "Ascension",
        "cost": [
          "Darkness"
        ],
        "convertedEnergyCost": 1,
        "damage": "",
        "text": "Search your deck for a card that evolves from this Pokémon and put it onto this Pokémon to evolve it. Then, shuffle your deck."
      }
    ],
    "weaknesses": [
      {
        "type": "Fighting",
        "value": "×2"
      }
    ],
    "retreatCost": [
      "Colorless"
    ],
    "convertedRetreatCost": 1,
    "number": "41",
    "artist": "Pani Kobayashi",
    "rarity": "Common",
    "flavorText": "Its body is full of poisonous gas. It floats into garbage dumps, seeking out the fumes of raw, rotting trash.",
    "nationalPokedexNumbers": [
      109
    ],
    "legalities": {
      "unlimited": "Legal",
      "expanded": "Legal"
    },
    "regulationMark": "D",
    "images": {
      "small": "https://images.pokemontcg.io/swsh45/41.png",
      "large": "https://images.pokemontcg.io/swsh45/41_hires.png"
    }
  },
  {
    "id": "swsh45-42",
    "name": "Galarian Weezing",
    "supertype": "Pokémon",
    "subtypes": [
      "Stage 1"
    ],
    "hp": "130",
    "types": [
      "Darkness"
    ],
    "evolvesFrom": "Koffing",
    "abilities": [
      {
        "name": "Neutralizing Gas",
        "text": "As long as this Pokémon is in the Active Spot, your opponent's Pokémon in play have no Abilities, except for Neutralizing Gas.",
        "type": "Ability"
      }
    ],
    "attacks": [
      {
        "name": "Severe Poison",
        "cost": [
          "Darkness"
        ],
        "convertedEnergyCost": 1,
        "damage": "",
        "text": "Your opponent's Active Pokémon is now Poisoned. Put 4 damage counters instead of 1 on that Pokémon during Pokémon Checkup."
      }
    ],
    "weaknesses": [
      {
        "type": "Fighting",
        "value": "×2"
      }
    ],
    "retreatCost": [
      "Colorless",
      "Colorless",
      "Colorless"
    ],
    "convertedRetreatCost": 3,
    "number": "42",
    "artist": "Mitsuhiro Arita",
    "rarity": "Rare Holo",
    "flavorText": "This Pokémon consumes particles that contaminate the air. Instead of leaving droppings, it expels clean air.",
    "nationalPokedexNumbers": [
      110
    ],
    "legalities": {
      "unlimited": "Legal",
      "expanded": "Legal"
    },
    "regulationMark": "D",
    "images": {
      "small": "https://images.pokemontcg.io/swsh45/42.png",
      "large": "https://images.pokemontcg.io/swsh45/42_hires.png"
    }
  },
  {
    "id": "swsh45-43",
    "name": "Spinarak",
    "supertype": "Pokémon",
    "subtypes": [
      "Basic"
    ],
    "hp": "60",
    "types": [
      "Darkness"
    ],
    "evolvesTo": [
      "Ariados"
    ],
    "attacks": [
      {
        "name": "Hang Down",
        "cost": [
          "Darkness"
        ],
        "convertedEnergyCost": 1,
        "damage": "10",
        "text": ""
      },
      {
        "name": "Sting",
        "cost": [
          "Darkness",
          "Colorless"
        ],
        "convertedEnergyCost": 2,
        "damage": "20",
        "text": ""
      }
    ],
    "weaknesses": [
      {
        "type": "Fighting",
        "value": "×2"
      }
    ],
    "retreatCost": [
      "Colorless"
    ],
    "convertedRetreatCost": 1,
    "number": "43",
    "artist": "sowsow",
    "rarity": "Common",
    "flavorText": "Although the poison from its fangs isn't that strong, it's potent enough to weaken prey that gets caught in its web.",
    "nationalPokedexNumbers": [
      167
    ],
    "legalities": {
      "unlimited": "Legal",
      "expanded": "Legal"
    },
    "regulationMark": "D",
    "images": {
      "small": "https://images.pokemontcg.io/swsh45/43.png",
      "large": "https://images.pokemontcg.io/swsh45/43_hires.png"
    }
  },
  {
    "id": "swsh45-44",
    "name": "Crobat V",
    "supertype": "Pokémon",
    "subtypes": [
      "Basic",
      "V"
    ],
    "hp": "180",
    "types": [
      "Darkness"
    ],
    "rules": [
      "V rule: When your Pokémon V is Knocked Out, your opponent takes 2 Prize cards."
    ],
    "abilities": [
      {
        "name": "Dark Asset",
        "text": "When you play this Pokémon from your hand onto your Bench during your turn, you may draw cards until you have 6 cards in your hand. You can't use more than 1 Dark Asset Ability each turn.",
        "type": "Ability"
      }
    ],
    "attacks": [
      {
        "name": "Venomous Fang",
        "cost": [
          "Darkness",
          "Colorless"
        ],
        "convertedEnergyCost": 2,
        "damage": "70",
        "text": "Your opponent's Active Pokémon is now Poisoned."
      }
    ],
    "weaknesses": [
      {
        "type": "Fighting",
        "value": "×2"
      }
    ],
    "retreatCost": [
      "Colorless"
    ],
    "convertedRetreatCost": 1,
    "number": "44",
    "artist": "PLANETA Mochizuki",
    "rarity": "Rare Holo V",
    "nationalPokedexNumbers": [
      169
    ],
    "legalities": {
      "unlimited": "Legal",
      "expanded": "Legal"
    },
    "regulationMark": "D",
    "images": {
      "small": "https://images.pokemontcg.io/swsh45/44.png",
      "large": "https://images.pokemontcg.io/swsh45/44_hires.png"
    }
  },
  {
    "id": "swsh45-45",
    "name": "Crobat VMAX",
    "supertype": "Pokémon",
    "subtypes": [
      "VMAX"
    ],
    "hp": "300",
    "types": [
      "Darkness"
    ],
    "evolvesFrom": "Crobat V",
    "rules": [
      "VMAX rule: When your Pokémon VMAX is Knocked Out, your opponent takes 3 Prize cards."
    ],
    "attacks": [
      {
        "name": "Stealth Poison",
        "cost": [
          "Darkness",
          "Colorless"
        ],
        "convertedEnergyCost": 2,
        "damage": "70",
        "text": "Your opponent's Active Pokémon is now Poisoned. Switch this Pokémon with 1 of your Benched Pokémon."
      },
      {
        "name": "Max Cutter",
        "cost": [
          "Darkness",
          "Darkness",
          "Colorless"
        ],
        "convertedEnergyCost": 3,
        "damage": "180",
        "text": ""
      }
    ],
    "weaknesses": [
      {
        "type": "Fighting",
        "value": "×2"
      }
    ],
    "retreatCost": [
      "Colorless"
    ],
    "convertedRetreatCost": 1,
    "number": "45",
    "artist": "PLANETA Tsuji",
    "rarity": "Rare Holo VMAX",
    "nationalPokedexNumbers": [
      169
    ],
    "legalities": {
      "unlimited": "Legal",
      "expanded": "Legal"
    },
    "regulationMark": "D",
    "images": {
      "small": "https://images.pokemontcg.io/swsh45/45.png",
      "large": "https://images.pokemontcg.io/swsh45/45_hires.png"
    }
  },
  {
    "id": "swsh45-46",
    "name": "Yveltal",
    "supertype": "Pokémon",
    "subtypes": [
      "Basic"
    ],
    "hp": "110",
    "types": [
      "Darkness"
    ],
    "attacks": [
      {
        "name": "Amazing Destruction",
        "cost": [
          "Fire",
          "Psychic",
          "Darkness",
          "Colorless",
          "Colorless"
        ],
        "convertedEnergyCost": 5,
        "damage": "",
        "text": "Your opponent's Active Pokémon is Knocked Out."
      }
    ],
    "weaknesses": [
      {
        "type": "Lightning",
        "value": "×2"
      }
    ],
    "resistances": [
      {
        "type": "Fighting",
        "value": "-30"
      }
    ],
    "retreatCost": [
      "Colorless",
      "Colorless"
    ],
    "convertedRetreatCost": 2,
    "number": "46",
    "artist": "Hasuno",
    "rarity": "Amazing Rare",
    "flavorText": "When its life comes to an end, it absorbs the life energy of every living thing and turns into a cocoon once more.",
    "nationalPokedexNumbers": [
      717
    ],
    "legalities": {
      "unlimited": "Legal",
      "expanded": "Legal"
    },
    "regulationMark": "D",
    "images": {
      "small": "https://images.pokemontcg.io/swsh45/46.png",
      "large": "https://images.pokemontcg.io/swsh45/46_hires.png"
    }
  },
  {
    "id": "swsh45-47",
    "name": "Nickit",
    "supertype": "Pokémon",
    "subtypes": [
      "Basic"
    ],
    "hp": "70",
    "types": [
      "Darkness"
    ],
    "evolvesTo": [
      "Thievul"
    ],
    "attacks": [
      {
        "name": "Instigate",
        "cost": [
          "Darkness"
        ],
        "convertedEnergyCost": 1,
        "damage": "",
        "text": "Your opponent shuffles their hand and puts it on the bottom of their deck. If they put any cards on the bottom of their deck in this way, they draw 3 cards."
      }
    ],
    "weaknesses": [
      {
        "type": "Grass",
        "value": "×2"
      }
    ],
    "retreatCost": [
      "Colorless"
    ],
    "convertedRetreatCost": 1,
    "number": "47",
    "artist": "kirisAki",
    "rarity": "Common",
    "flavorText": "Aided by the soft pads on its feet, it silently raids the food stores of other Pokémon. It survives off its ill-gotten gains.",
    "nationalPokedexNumbers": [
      827
    ],
    "legalities": {
      "unlimited": "Legal",
      "expanded": "Legal"
    },
    "regulationMark": "D",
    "images": {
      "small": "https://images.pokemontcg.io/swsh45/47.png",
      "large": "https://images.pokemontcg.io/swsh45/47_hires.png"
    }
  },
  {
    "id": "swsh45-48",
    "name": "Thievul",
    "supertype": "Pokémon",
    "subtypes": [
      "Stage 1"
    ],
    "hp": "100",
    "types": [
      "Darkness"
    ],
    "evolvesFrom": "Nickit",
    "attacks": [
      {
        "name": "Call for Goons",
        "cost": [
          "Colorless"
        ],
        "convertedEnergyCost": 1,
        "damage": "",
        "text": "Search your deck for up to 3 Basic Pokémon and put them onto your Bench. Then, shuffle your deck."
      },
      {
        "name": "Corner",
        "cost": [
          "Darkness",
          "Colorless",
          "Colorless"
        ],
        "convertedEnergyCost": 3,
        "damage": "80",
        "text": "During your opponent's next turn, the Defending Pokémon can't retreat."
      }
    ],
    "weaknesses": [
      {
        "type": "Grass",
        "value": "×2"
      }
    ],
    "retreatCost": [
      "Colorless"
    ],
    "convertedRetreatCost": 1,
    "number": "48",
    "artist": "Hideki Ishikawa",
    "rarity": "Rare Holo",
    "flavorText": "It secretly marks potential targets with a scent. By following the scent, it stalks its targets and steals from them when they least expect it.",
    "nationalPokedexNumbers": [
      828
    ],
    "legalities": {
      "unlimited": "Legal",
      "expanded": "Legal"
    },
    "regulationMark": "D",
    "images": {
      "small": "https://images.pokemontcg.io/swsh45/48.png",
      "large": "https://images.pokemontcg.io/swsh45/48_hires.png"
    }
  },
  {
    "id": "swsh45-49",
    "name": "Cufant",
    "supertype": "Pokémon",
    "subtypes": [
      "Basic"
    ],
    "hp": "100",
    "types": [
      "Metal"
    ],
    "evolvesTo": [
      "Copperajah"
    ],
    "attacks": [
      {
        "name": "Strength",
        "cost": [
          "Metal",
          "Colorless",
          "Colorless"
        ],
        "convertedEnergyCost": 3,
        "damage": "60",
        "text": ""
      }
    ],
    "weaknesses": [
      {
        "type": "Fire",
        "value": "×2"
      }
    ],
    "resistances": [
      {
        "type": "Grass",
        "value": "-30"
      }
    ],
    "retreatCost": [
      "Colorless",
      "Colorless",
      "Colorless"
    ],
    "convertedRetreatCost": 3,
    "number": "49",
    "artist": "0313",
    "rarity": "Common",
    "flavorText": "It digs up the ground with its trunk. It's also very strong, being able to carry loads of over five tons without any problem at all.",
    "nationalPokedexNumbers": [
      878
    ],
    "legalities": {
      "unlimited": "Legal",
      "expanded": "Legal"
    },
    "regulationMark": "D",
    "images": {
      "small": "https://images.pokemontcg.io/swsh45/49.png",
      "large": "https://images.pokemontcg.io/swsh45/49_hires.png"
    }
  },
  {
    "id": "swsh45-50",
    "name": "Ditto V",
    "supertype": "Pokémon",
    "subtypes": [
      "Basic",
      "V"
    ],
    "hp": "170",
    "types": [
      "Colorless"
    ],
    "rules": [
      "V rule: When your Pokémon V is Knocked Out, your opponent takes 2 Prize cards."
    ],
    "abilities": [
      {
        "name": "V Transformation",
        "text": "Once during your turn, you may choose a Basic Pokémon V from your discard pile and switch it with this Pokémon. Any attached cards, damage counters, Special Conditions, turns in play, and any other effects remain on the new Pokémon.",
        "type": "Ability"
      }
    ],
    "attacks": [
      {
        "name": "Stick On",
        "cost": [
          "Colorless"
        ],
        "convertedEnergyCost": 1,
        "damage": "",
        "text": "Attach a basic Energy card from your discard pile to this Pokémon."
      }
    ],
    "weaknesses": [
      {
        "type": "Fighting",
        "value": "×2"
      }
    ],
    "retreatCost": [
      "Colorless",
      "Colorless"
    ],
    "convertedRetreatCost": 2,
    "number": "50",
    "artist": "Saki Hayashiro",
    "rarity": "Rare Holo V",
    "nationalPokedexNumbers": [
      132
    ],
    "legalities": {
      "unlimited": "Legal",
      "expanded": "Legal"
    },
    "regulationMark": "D",
    "images": {
      "small": "https://images.pokemontcg.io/swsh45/50.png",
      "large": "https://images.pokemontcg.io/swsh45/50_hires.png"
    }
  },
  {
    "id": "swsh45-51",
    "name": "Ditto VMAX",
    "supertype": "Pokémon",
    "subtypes": [
      "VMAX"
    ],
    "hp": "320",
    "types": [
      "Colorless"
    ],
    "evolvesFrom": "Ditto V",
    "rules": [
      "VMAX rule: When your Pokémon VMAX is Knocked Out, your opponent takes 3 Prize cards."
    ],
    "attacks": [
      {
        "name": "Max Transform",
        "cost": [
          "Colorless",
          "Colorless",
          "Colorless"
        ],
        "convertedEnergyCost": 3,
        "damage": "",
        "text": "Choose 1 of your opponent's Active Pokémon's attacks and use it as this attack."
      }
    ],
    "weaknesses": [
      {
        "type": "Fighting",
        "value": "×2"
      }
    ],
    "retreatCost": [
      "Colorless",
      "Colorless",
      "Colorless"
    ],
    "convertedRetreatCost": 3,
    "number": "51",
    "artist": "PLANETA Tsuji",
    "rarity": "Rare Holo VMAX",
    "nationalPokedexNumbers": [
      132
    ],
    "legalities": {
      "unlimited": "Legal",
      "expanded": "Legal"
    },
    "regulationMark": "D",
    "images": {
      "small": "https://images.pokemontcg.io/swsh45/51.png",
      "large": "https://images.pokemontcg.io/swsh45/51_hires.png"
    }
  },
  {
    "id": "swsh45-52",
    "name": "Eevee",
    "supertype": "Pokémon",
    "subtypes": [
      "Basic"
    ],
    "hp": "60",
    "types": [
      "Colorless"
    ],
    "evolvesTo": [
      "Vaporeon",
      "Jolteon",
      "Flareon",
      "Sylveon",
      "Espeon",
      "Umbreon",
      "Leafeon",
      "Glaceon"
    ],
    "attacks": [
      {
        "name": "Signs of Evolution",
        "cost": [
          "Colorless"
        ],
        "convertedEnergyCost": 1,
        "damage": "",
        "text": "Search your deck for a card that evolves from Eevee, reveal it, and put it into your hand. Then, shuffle your deck."
      },
      {
        "name": "Wild Kick",
        "cost": [
          "Colorless",
          "Colorless"
        ],
        "convertedEnergyCost": 2,
        "damage": "30",
        "text": "Flip a coin. If tails, this attack does nothing."
      }
    ],
    "weaknesses": [
      {
        "type": "Fighting",
        "value": "×2"
      }
    ],
    "retreatCost": [
      "Colorless"
    ],
    "convertedRetreatCost": 1,
    "number": "52",
    "artist": "so-taro",
    "rarity": "Common",
    "flavorText": "It has the ability to alter the composition of its body to suit its surrounding environment.",
    "nationalPokedexNumbers": [
      133
    ],
    "legalities": {
      "unlimited": "Legal",
      "expanded": "Legal"
    },
    "regulationMark": "D",
    "images": {
      "small": "https://images.pokemontcg.io/swsh45/52.png",
      "large": "https://images.pokemontcg.io/swsh45/52_hires.png"
    }
  },
  {
    "id": "swsh45-53",
    "name": "Greedent V",
    "supertype": "Pokémon",
    "subtypes": [
      "Basic",
      "V"
    ],
    "hp": "200",
    "types": [
      "Colorless"
    ],
    "rules": [
      "V rule: When your Pokémon V is Knocked Out, your opponent takes 2 Prize cards."
    ],
    "attacks": [
      {
        "name": "Crunch",
        "cost": [
          "Colorless",
          "Colorless"
        ],
        "convertedEnergyCost": 2,
        "damage": "40",
        "text": "Discard an Energy from your opponent's Active Pokémon."
      },
      {
        "name": "Stumbling Press",
        "cost": [
          "Colorless",
          "Colorless",
          "Colorless"
        ],
        "convertedEnergyCost": 3,
        "damage": "180",
        "text": "Flip a coin. If tails, this attack does nothing."
      }
    ],
    "weaknesses": [
      {
        "type": "Fighting",
        "value": "×2"
      }
    ],
    "retreatCost": [
      "Colorless",
      "Colorless"
    ],
    "convertedRetreatCost": 2,
    "number": "53",
    "artist": "PLANETA Igarashi",
    "rarity": "Rare Holo V",
    "nationalPokedexNumbers": [
      820
    ],
    "legalities": {
      "unlimited": "Legal",
      "expanded": "Legal"
    },
    "regulationMark": "D",
    "images": {
      "small": "https://images.pokemontcg.io/swsh45/53.png",
      "large": "https://images.pokemontcg.io/swsh45/53_hires.png"
    }
  },
  {
    "id": "swsh45-54",
    "name": "Cramorant V",
    "supertype": "Pokémon",
    "subtypes": [
      "Basic",
      "V"
    ],
    "hp": "200",
    "types": [
      "Colorless"
    ],
    "rules": [
      "V rule: When your Pokémon V is Knocked Out, your opponent takes 2 Prize cards."
    ],
    "attacks": [
      {
        "name": "Beak Catch",
        "cost": [
          "Colorless"
        ],
        "convertedEnergyCost": 1,
        "damage": "",
        "text": "Search your deck for up to 2 cards and put them into your hand. Then, shuffle your deck."
      },
      {
        "name": "Spit Shot",
        "cost": [
          "Colorless",
          "Colorless",
          "Colorless"
        ],
        "convertedEnergyCost": 3,
        "damage": "",
        "text": "Discard all Energy from this Pokémon. This attack does 160 damage to 1 of your opponent's Pokémon. (Don't apply Weakness and Resistance for Benched Pokémon.)"
      }
    ],
    "weaknesses": [
      {
        "type": "Lightning",
        "value": "×2"
      }
    ],
    "resistances": [
      {
        "type": "Fighting",
        "value": "-30"
      }
    ],
    "retreatCost": [
      "Colorless"
    ],
    "convertedRetreatCost": 1,
    "number": "54",
    "artist": "aky CG Works",
    "rarity": "Rare Holo V",
    "nationalPokedexNumbers": [
      845
    ],
    "legalities": {
      "unlimited": "Legal",
      "expanded": "Legal"
    },
    "regulationMark": "D",
    "images": {
      "small": "https://images.pokemontcg.io/swsh45/54.png",
      "large": "https://images.pokemontcg.io/swsh45/54_hires.png"
    }
  },
  {
    "id": "swsh45-55",
    "name": "Cramorant VMAX",
    "supertype": "Pokémon",
    "subtypes": [
      "VMAX"
    ],
    "hp": "320",
    "types": [
      "Colorless"
    ],
    "evolvesFrom": "Cramorant V",
    "rules": [
      "VMAX rule: When your Pokémon VMAX is Knocked Out, your opponent takes 3 Prize cards."
    ],
    "attacks": [
      {
        "name": "Max Jet",
        "cost": [
          "Colorless",
          "Colorless",
          "Colorless"
        ],
        "convertedEnergyCost": 3,
        "damage": "80×",
        "text": "Flip a coin for each Energy attached to this Pokémon. This attack does 80 damage for each heads."
      }
    ],
    "weaknesses": [
      {
        "type": "Lightning",
        "value": "×2"
      }
    ],
    "resistances": [
      {
        "type": "Fighting",
        "value": "-30"
      }
    ],
    "retreatCost": [
      "Colorless",
      "Colorless"
    ],
    "convertedRetreatCost": 2,
    "number": "55",
    "artist": "PLANETA Tsuji",
    "rarity": "Rare Holo VMAX",
    "nationalPokedexNumbers": [
      845
    ],
    "legalities": {
      "unlimited": "Legal",
      "expanded": "Legal"
    },
    "regulationMark": "D",
    "images": {
      "small": "https://images.pokemontcg.io/swsh45/55.png",
      "large": "https://images.pokemontcg.io/swsh45/55_hires.png"
    }
  },
  {
    "id": "swsh45-56",
    "name": "Indeedee",
    "supertype": "Pokémon",
    "subtypes": [
      "Basic"
    ],
    "hp": "100",
    "types": [
      "Colorless"
    ],
    "attacks": [
      {
        "name": "Helping Hand",
        "cost": [
          "Colorless"
        ],
        "convertedEnergyCost": 1,
        "damage": "",
        "text": "Search your deck for a basic Energy card and attach it to 1 of your Benched Pokémon. Then, shuffle your deck."
      },
      {
        "name": "Psychic",
        "cost": [
          "Colorless",
          "Colorless"
        ],
        "convertedEnergyCost": 2,
        "damage": "20+",
        "text": "This attack does 20 more damage for each Energy attached to your opponent's Active Pokémon."
      }
    ],
    "weaknesses": [
      {
        "type": "Fighting",
        "value": "×2"
      }
    ],
    "retreatCost": [
      "Colorless"
    ],
    "convertedRetreatCost": 1,
    "number": "56",
    "artist": "Souichirou Gunjima",
    "rarity": "Rare Holo",
    "flavorText": "It uses the horns on its head to sense the emotions of others. Males will act as valets for those they serve, looking after their every need.",
    "nationalPokedexNumbers": [
      876
    ],
    "legalities": {
      "unlimited": "Legal",
      "expanded": "Legal"
    },
    "regulationMark": "D",
    "images": {
      "small": "https://images.pokemontcg.io/swsh45/56.png",
      "large": "https://images.pokemontcg.io/swsh45/56_hires.png"
    }
  },
  {
    "id": "swsh45-57",
    "name": "Ball Guy",
    "supertype": "Trainer",
    "subtypes": [
      "Supporter"
    ],
    "rules": [
      "Search your deck for up to 3 different Item cards that have the word \"Ball\" in their name, reveal them, and put them into your hand. Then, shuffle your deck.",
      "You may play only 1 Supporter card during your turn."
    ],
    "number": "57",
    "artist": "Hitoshi Ariga",
    "rarity": "Uncommon",
    "legalities": {
      "unlimited": "Legal",
      "expanded": "Legal"
    },
    "regulationMark": "D",
    "images": {
      "small": "https://images.pokemontcg.io/swsh45/57.png",
      "large": "https://images.pokemontcg.io/swsh45/57_hires.png"
    }
  },
  {
    "id": "swsh45-58",
    "name": "Boss's Orders",
    "supertype": "Trainer",
    "subtypes": [
      "Supporter"
    ],
    "rules": [
      "Switch 1 of your opponent's Benched Pokémon with their Active Pokémon.",
      "You may play only 1 Supporter card during your turn."
    ],
    "number": "58",
    "artist": "Ryuta Fuse",
    "rarity": "Rare",
    "legalities": {
      "unlimited": "Legal",
      "standard":"Legal",
      "expanded": "Legal"
    },
    "regulationMark": "D",
    "images": {
      "small": "https://images.pokemontcg.io/swsh45/58.png",
      "large": "https://images.pokemontcg.io/swsh45/58_hires.png"
    }
  },
  {
    "id": "swsh45-59",
    "name": "Gym Trainer",
    "supertype": "Trainer",
    "subtypes": [
      "Supporter"
    ],
    "rules": [
      "Draw 2 cards. If any of your Pokémon were Knocked Out during your opponent's last turn, draw 2 more cards.",
      "You may play only 1 Supporter card during your turn."
    ],
    "number": "59",
    "artist": "Ryuta Fuse",
    "rarity": "Uncommon",
    "legalities": {
      "unlimited": "Legal",
      "expanded": "Legal"
    },
    "regulationMark": "D",
    "images": {
      "small": "https://images.pokemontcg.io/swsh45/59.png",
      "large": "https://images.pokemontcg.io/swsh45/59_hires.png"
    }
  },
  {
    "id": "swsh45-60",
    "name": "Professor's Research",
    "supertype": "Trainer",
    "subtypes": [
      "Supporter"
    ],
    "rules": [
      "Discard your hand and draw 7 cards.",
      "You may play only 1 Supporter card during your turn."
    ],
    "number": "60",
    "artist": "Hideki Ishikawa",
    "rarity": "Rare",
    "legalities": {
      "unlimited": "Legal",
      "standard":"Legal",
      "expanded": "Legal"
    },
    "regulationMark": "D",
    "images": {
      "small": "https://images.pokemontcg.io/swsh45/60.png",
      "large": "https://images.pokemontcg.io/swsh45/60_hires.png"
    }
  },
  {
    "id": "swsh45-61",
    "name": "Rusted Shield",
    "supertype": "Trainer",
    "subtypes": [
      "Pokémon Tool"
    ],
    "rules": [
      "Attach a Pokémon Tool to 1 of your Pokémon that doesn't already have a Pokémon Tool attached.",
      "The Zamazenta V this card is attached to gets +70 HP.",
      "You may play any number of Item cards during your turn."
    ],
    "number": "61",
    "artist": "5ban Graphics",
    "rarity": "Uncommon",
    "legalities": {
      "unlimited": "Legal",
      "expanded": "Legal"
    },
    "regulationMark": "D",
    "images": {
      "small": "https://images.pokemontcg.io/swsh45/61.png",
      "large": "https://images.pokemontcg.io/swsh45/61_hires.png"
    }
  },
  {
    "id": "swsh45-62",
    "name": "Rusted Sword",
    "supertype": "Trainer",
    "subtypes": [
      "Pokémon Tool"
    ],
    "rules": [
      "Attach a Pokémon Tool to 1 of your Pokémon that doesn't already have a Pokémon Tool attached.",
      "The attacks of the Zacian V this card is attached to do 30 more damage to your opponent's Active Pokémon (before applying Weakness and Resistance).",
      "You may play any number of Item cards during your turn."
    ],
    "number": "62",
    "artist": "5ban Graphics",
    "rarity": "Uncommon",
    "legalities": {
      "unlimited": "Legal",
      "expanded": "Legal"
    },
    "regulationMark": "D",
    "images": {
      "small": "https://images.pokemontcg.io/swsh45/62.png",
      "large": "https://images.pokemontcg.io/swsh45/62_hires.png"
    }
  },
  {
    "id": "swsh45-63",
    "name": "Team Yell Towel",
    "supertype": "Trainer",
    "subtypes": [
      "Item"
    ],
    "rules": [
      "Heal 50 damage from both Active Pokémon.",
      "You may play any number of Item cards during your turn."
    ],
    "number": "63",
    "artist": "Studio Bora Inc.",
    "rarity": "Uncommon",
    "legalities": {
      "unlimited": "Legal",
      "expanded": "Legal"
    },
    "regulationMark": "D",
    "images": {
      "small": "https://images.pokemontcg.io/swsh45/63.png",
      "large": "https://images.pokemontcg.io/swsh45/63_hires.png"
    }
  },
  {
    "id": "swsh45-64",
    "name": "Alcremie V",
    "supertype": "Pokémon",
    "subtypes": [
      "Basic",
      "V"
    ],
    "hp": "170",
    "types": [
      "Psychic"
    ],
    "rules": [
      "V rule: When your Pokémon V is Knocked Out, your opponent takes 2 Prize cards."
    ],
    "attacks": [
      {
        "name": "Sugary Sprinkles",
        "cost": [
          "Psychic"
        ],
        "convertedEnergyCost": 1,
        "damage": "",
        "text": "Heal 30 damage from each of your Benched Pokémon."
      },
      {
        "name": "Sweet Splash",
        "cost": [
          "Psychic",
          "Colorless",
          "Colorless"
        ],
        "convertedEnergyCost": 3,
        "damage": "100",
        "text": "If the Defending Pokémon is a Basic Pokémon, it can't attack during your opponent's next turn."
      }
    ],
    "weaknesses": [
      {
        "type": "Metal",
        "value": "×2"
      }
    ],
    "retreatCost": [
      "Colorless",
      "Colorless"
    ],
    "convertedRetreatCost": 2,
    "number": "64",
    "artist": "Ayaka Yoshida",
    "rarity": "Rare Ultra",
    "nationalPokedexNumbers": [
      869
    ],
    "legalities": {
      "unlimited": "Legal",
      "expanded": "Legal"
    },
    "regulationMark": "D",
    "images": {
      "small": "https://images.pokemontcg.io/swsh45/64.png",
      "large": "https://images.pokemontcg.io/swsh45/64_hires.png"
    }
  },
  {
    "id": "swsh45-65",
    "name": "Ball Guy",
    "supertype": "Trainer",
    "subtypes": [
      "Supporter"
    ],
    "rules": [
      "Search your deck for up to 3 different Item cards that have the word \"Ball\" in their name, reveal them, and put them into your hand. Then, shuffle your deck.",
      "You may play only 1 Supporter card during your turn."
    ],
    "number": "65",
    "artist": "Hitoshi Ariga",
    "rarity": "Rare Ultra",
    "legalities": {
      "unlimited": "Legal",
      "expanded": "Legal"
    },
    "regulationMark": "D",
    "images": {
      "small": "https://images.pokemontcg.io/swsh45/65.png",
      "large": "https://images.pokemontcg.io/swsh45/65_hires.png"
    }
  },
  {
    "id": "swsh45-66",
    "name": "Bird Keeper",
    "supertype": "Trainer",
    "subtypes": [
      "Supporter"
    ],
    "rules": [
      "Switch your Active Pokémon with 1 of your Benched Pokémon. If you do, draw 3 cards.",
      "You may play only 1 Supporter card during your turn."
    ],
    "number": "66",
    "artist": "Hideki Ishikawa",
    "rarity": "Rare Ultra",
    "legalities": {
      "unlimited": "Legal",
      "expanded": "Legal"
    },
    "regulationMark": "D",
    "images": {
      "small": "https://images.pokemontcg.io/swsh45/66.png",
      "large": "https://images.pokemontcg.io/swsh45/66_hires.png"
    }
  },
  {
    "id": "swsh45-67",
    "name": "Cara Liss",
    "supertype": "Trainer",
    "subtypes": [
      "Supporter"
    ],
    "rules": [
      "Search your deck for up to 2 Rare Fossil cards and put them onto your Bench. Then, shuffle your deck.",
      "You may play only 1 Supporter card during your turn."
    ],
    "number": "67",
    "artist": "Hitoshi Ariga",
    "rarity": "Rare Ultra",
    "legalities": {
      "unlimited": "Legal",
      "expanded": "Legal"
    },
    "regulationMark": "D",
    "images": {
      "small": "https://images.pokemontcg.io/swsh45/67.png",
      "large": "https://images.pokemontcg.io/swsh45/67_hires.png"
    }
  },
  {
    "id": "swsh45-68",
    "name": "Gym Trainer",
    "supertype": "Trainer",
    "subtypes": [
      "Supporter"
    ],
    "rules": [
      "Draw 2 cards. If any of your Pokémon were Knocked Out during your opponent's last turn, draw 2 more cards.",
      "You may play only 1 Supporter card during your turn."
    ],
    "number": "68",
    "artist": "nagimiso",
    "rarity": "Rare Ultra",
    "legalities": {
      "unlimited": "Legal",
      "expanded": "Legal"
    },
    "regulationMark": "D",
    "images": {
      "small": "https://images.pokemontcg.io/swsh45/68.png",
      "large": "https://images.pokemontcg.io/swsh45/68_hires.png"
    }
  },
  {
    "id": "swsh45-69",
    "name": "Piers",
    "supertype": "Trainer",
    "subtypes": [
      "Supporter"
    ],
    "rules": [
      "Search your deck for an Energy card and a Darkness Pokémon, reveal them, and put them into your hand. Then, shuffle your deck.",
      "You may play only 1 Supporter card during your turn."
    ],
    "number": "69",
    "artist": "Megumi Mizutani",
    "rarity": "Rare Ultra",
    "legalities": {
      "unlimited": "Legal",
      "expanded": "Legal"
    },
    "regulationMark": "D",
    "images": {
      "small": "https://images.pokemontcg.io/swsh45/69.png",
      "large": "https://images.pokemontcg.io/swsh45/69_hires.png"
    }
  },
  {
    "id": "swsh45-70",
    "name": "Poké Kid",
    "supertype": "Trainer",
    "subtypes": [
      "Supporter"
    ],
    "rules": [
      "Search your deck for a Pokémon, reveal it, and put it into your hand. Then, shuffle your deck.",
      "You may play only 1 Supporter card during your turn."
    ],
    "number": "70",
    "artist": "Sanosuke Sakuma",
    "rarity": "Rare Ultra",
    "legalities": {
      "unlimited": "Legal",
      "expanded": "Legal"
    },
    "regulationMark": "D",
    "images": {
      "small": "https://images.pokemontcg.io/swsh45/70.png",
      "large": "https://images.pokemontcg.io/swsh45/70_hires.png"
    }
  },
  {
    "id": "swsh45-71",
    "name": "Rose",
    "supertype": "Trainer",
    "subtypes": [
      "Supporter"
    ],
    "rules": [
      "Attach up to 2 basic Energy cards from your discard pile to 1 of your Pokémon VMAX. If you attached any Energy cards in this way, discard your hand.",
      "You may play only 1 Supporter card during your turn."
    ],
    "number": "71",
    "artist": "Megumi Mizutani",
    "rarity": "Rare Ultra",
    "legalities": {
      "unlimited": "Legal",
      "expanded": "Legal"
    },
    "regulationMark": "D",
    "images": {
      "small": "https://images.pokemontcg.io/swsh45/71.png",
      "large": "https://images.pokemontcg.io/swsh45/71_hires.png"
    }
  },
  {
    "id": "swsh45-72",
    "name": "Skyla",
    "supertype": "Trainer",
    "subtypes": [
      "Supporter"
    ],
    "rules": [
      "Search your deck for a Trainer card, reveal it, and put it into your hand. Shuffle your deck afterward.",
      "You may play only 1 Supporter card during your turn."
    ],
    "number": "72",
    "artist": "kirisAki",
    "rarity": "Rare Ultra",
    "legalities": {
      "unlimited": "Legal",
      "expanded": "Legal"
    },
    "regulationMark": "D",
    "images": {
      "small": "https://images.pokemontcg.io/swsh45/72.png",
      "large": "https://images.pokemontcg.io/swsh45/72_hires.png"
    }
  },
  {
    "id": "swsh45-73",
    "name": "Alcremie VMAX",
    "supertype": "Pokémon",
    "subtypes": [
      "VMAX"
    ],
    "hp": "310",
    "types": [
      "Psychic"
    ],
    "evolvesFrom": "Alcremie V",
    "rules": [
      "VMAX rule: When your Pokémon VMAX is Knocked Out, your opponent takes 3 Prize cards."
    ],
    "attacks": [
      {
        "name": "Adornment",
        "cost": [
          "Colorless"
        ],
        "convertedEnergyCost": 1,
        "damage": "",
        "text": "For each of your Benched Pokémon, search your deck for a Psychic Energy card and attach it to that Pokémon. Then, shuffle your deck."
      },
      {
        "name": "G-Max Whisk",
        "cost": [
          "Psychic",
          "Psychic"
        ],
        "convertedEnergyCost": 2,
        "damage": "60×",
        "text": "Discard any amount of Energy from your Pokémon. This attack does 60 damage for each card you discarded in this way."
      }
    ],
    "weaknesses": [
      {
        "type": "Metal",
        "value": "×2"
      }
    ],
    "retreatCost": [
      "Colorless",
      "Colorless",
      "Colorless"
    ],
    "convertedRetreatCost": 3,
    "number": "73",
    "artist": "5ban Graphics",
    "rarity": "Rare Rainbow",
    "nationalPokedexNumbers": [
      869
    ],
    "legalities": {
      "unlimited": "Legal",
      "expanded": "Legal"
    },
    "regulationMark": "D",
    "images": {
      "small": "https://images.pokemontcg.io/swsh45/73.png",
      "large": "https://images.pokemontcg.io/swsh45/73_hires.png"
    }
  }
]
