[
  {
    "id": "swsh11tg-TG01",
    "name": "Parasect",
    "supertype": "Pokémon",
    "subtypes": [
      "Stage 1"
    ],
    "hp": "120",
    "types": [
      "Grass"
    ],
    "evolvesFrom": "Paras",
    "abilities": [
      {
        "name": "Lethargy Spores",
        "text": "When you play this Pokémon from your hand to evolve 1 of your Pokémon during your turn, you may make both Active Pokémon Asleep and Poisoned.",
        "type": "Ability"
      }
    ],
    "attacks": [
      {
        "name": "X-Scissor",
        "cost": [
          "Grass",
          "Colorless"
        ],
        "convertedEnergyCost": 2,
        "damage": "50+",
        "text": "Flip a coin. If heads, this attack does 50 more damage."
      }
    ],
    "weaknesses": [
      {
        "type": "Fire",
        "value": "×2"
      }
    ],
    "retreatCost": [
      "Colorless",
      "Colorless"
    ],
    "convertedRetreatCost": 2,
    "number": "TG01",
    "artist": "Oswaldo KATO",
    "rarity": "Trainer Gallery Rare Holo",
    "flavorText": "Mushroom-lacking specimens of this Pokémon lie unmoving in the forest, lending credence to the hypothesis that the large mushroom is in control of Parasect's actions.",
    "nationalPokedexNumbers": [
      47
    ],
    "legalities": {
      "unlimited": "Legal",
      "standard": "Legal",
      "expanded": "Legal"
    },
    "regulationMark": "F",
    "images": {
      "small": "https://images.pokemontcg.io/swsh11tg/TG01.png",
      "large": "https://images.pokemontcg.io/swsh11tg/TG01_hires.png"
    }
  },
  {
    "id": "swsh11tg-TG02",
    "name": "Roserade",
    "supertype": "Pokémon",
    "subtypes": [
      "Stage 1"
    ],
    "hp": "120",
    "types": [
      "Grass"
    ],
    "evolvesFrom": "Roselia",
    "attacks": [
      {
        "name": "Poisonous Whip",
        "cost": [
          "Grass"
        ],
        "convertedEnergyCost": 1,
        "damage": "30",
        "text": "Your opponent's Active Pokémon is now Poisoned."
      },
      {
        "name": "Assassin's Rose",
        "cost": [
          "Grass",
          "Colorless"
        ],
        "convertedEnergyCost": 2,
        "damage": "60",
        "text": "If your opponent's Active Pokémon is affected by a Special Condition, this attack also does 60 damage to 1 of your opponent's Benched Pokémon. (Don't apply Weakness and Resistance for Benched Pokémon.)"
      }
    ],
    "weaknesses": [
      {
        "type": "Fire",
        "value": "×2"
      }
    ],
    "retreatCost": [
      "Colorless"
    ],
    "convertedRetreatCost": 1,
    "number": "TG02",
    "artist": "saino misaki",
    "rarity": "Trainer Gallery Rare Holo",
    "flavorText": "After captivating opponents with its sweet scent, it lashes them with its thorny whips.",
    "nationalPokedexNumbers": [
      407
    ],
    "legalities": {
      "unlimited": "Legal",
      "standard": "Legal",
      "expanded": "Legal"
    },
    "regulationMark": "F",
    "images": {
      "small": "https://images.pokemontcg.io/swsh11tg/TG02.png",
      "large": "https://images.pokemontcg.io/swsh11tg/TG02_hires.png"
    }
  },
  {
    "id": "swsh11tg-TG03",
    "name": "Charizard",
    "supertype": "Pokémon",
    "subtypes": [
      "Stage 2"
    ],
    "hp": "170",
    "types": [
      "Fire"
    ],
    "evolvesFrom": "Charmeleon",
    "abilities": [
      {
        "name": "Battle Sense",
        "text": "Once during your turn, you may look at the top 3 cards of your deck and put 1 of them into your hand. Discard the other cards.",
        "type": "Ability"
      }
    ],
    "attacks": [
      {
        "name": "Royal Blaze",
        "cost": [
          "Fire",
          "Fire"
        ],
        "convertedEnergyCost": 2,
        "damage": "100+",
        "text": "This attack does 50 more damage for each Leon card in your discard pile."
      }
    ],
    "weaknesses": [
      {
        "type": "Water",
        "value": "×2"
      }
    ],
    "retreatCost": [
      "Colorless",
      "Colorless",
      "Colorless"
    ],
    "convertedRetreatCost": 3,
    "number": "TG03",
    "artist": "GIDORA",
    "rarity": "Trainer Gallery Rare Holo",
    "flavorText": "It spits fire that is hot enough to melt boulders. It may cause forest fires by blowing flames.",
    "nationalPokedexNumbers": [
      6
    ],
    "legalities": {
      "unlimited": "Legal",
      "expanded": "Legal"
    },
    "regulationMark": "D",
    "images": {
      "small": "https://images.pokemontcg.io/swsh11tg/TG03.png",
      "large": "https://images.pokemontcg.io/swsh11tg/TG03_hires.png"
    }
  },
  {
    "id": "swsh11tg-TG04",
    "name": "Chandelure",
    "supertype": "Pokémon",
    "subtypes": [
      "Stage 2"
    ],
    "hp": "150",
    "types": [
      "Fire"
    ],
    "evolvesFrom": "Lampent",
    "abilities": [
      {
        "name": "Mountain Roasting",
        "text": "When you play this Pokémon from your hand to evolve 1 of your Pokémon during your turn, you may discard the top 3 cards of your opponent's deck.",
        "type": "Ability"
      }
    ],
    "attacks": [
      {
        "name": "Heat Blast",
        "cost": [
          "Fire",
          "Colorless"
        ],
        "convertedEnergyCost": 2,
        "damage": "90",
        "text": ""
      }
    ],
    "weaknesses": [
      {
        "type": "Water",
        "value": "×2"
      }
    ],
    "retreatCost": [
      "Colorless",
      "Colorless"
    ],
    "convertedRetreatCost": 2,
    "number": "TG04",
    "artist": "chibi",
    "rarity": "Trainer Gallery Rare Holo",
    "flavorText": "This Pokémon haunts dilapidated mansions. It sways its arms to hypnotize opponents with the ominous dancing of its flames.",
    "nationalPokedexNumbers": [
      609
    ],
    "legalities": {
      "unlimited": "Legal",
      "standard": "Legal",
      "expanded": "Legal"
    },
    "regulationMark": "F",
    "images": {
      "small": "https://images.pokemontcg.io/swsh11tg/TG04.png",
      "large": "https://images.pokemontcg.io/swsh11tg/TG04_hires.png"
    }
  },
  {
    "id": "swsh11tg-TG05",
    "name": "Pikachu",
    "supertype": "Pokémon",
    "subtypes": [
      "Basic"
    ],
    "hp": "60",
    "types": [
      "Lightning"
    ],
    "evolvesTo": [
      "Raichu"
    ],
    "abilities": [
      {
        "name": "Pika Dash",
        "text": "If this Pokémon has any Energy attached, it has no Retreat Cost.",
        "type": "Ability"
      }
    ],
    "attacks": [
      {
        "name": "Whimsy Tackle",
        "cost": [
          "Lightning",
          "Colorless",
          "Colorless"
        ],
        "convertedEnergyCost": 3,
        "damage": "50",
        "text": "Flip a coin. If tails, this attack does nothing."
      }
    ],
    "weaknesses": [
      {
        "type": "Fighting",
        "value": "×2"
      }
    ],
    "retreatCost": [
      "Colorless"
    ],
    "convertedRetreatCost": 1,
    "number": "TG05",
    "artist": "Atsushi Furusawa",
    "rarity": "Trainer Gallery Rare Holo",
    "flavorText": "Possesses cheek sacs in which it stores electricity. This clever forest-dweller roasts tough berries with an electric shock before consuming them.",
    "nationalPokedexNumbers": [
      25
    ],
    "legalities": {
      "unlimited": "Legal",
      "standard": "Legal",
      "expanded": "Legal"
    },
    "regulationMark": "F",
    "images": {
      "small": "https://images.pokemontcg.io/swsh11tg/TG05.png",
      "large": "https://images.pokemontcg.io/swsh11tg/TG05_hires.png"
    }
  },
  {
    "id": "swsh11tg-TG06",
    "name": "Gengar",
    "supertype": "Pokémon",
    "subtypes": [
      "Stage 2"
    ],
    "hp": "120",
    "types": [
      "Psychic"
    ],
    "evolvesFrom": "Haunter",
    "abilities": [
      {
        "name": "Netherworld Gate",
        "text": "Once during your turn, if this Pokémon is in your discard pile, you may put it onto your Bench. If you do, put 3 damage counters on this Pokémon.",
        "type": "Ability"
      }
    ],
    "attacks": [
      {
        "name": "Screaming Circle",
        "cost": [
          "Psychic"
        ],
        "convertedEnergyCost": 1,
        "damage": "",
        "text": "Put 2 damage counters on your opponent's Active Pokémon for each of your opponent's Benched Pokémon."
      }
    ],
    "weaknesses": [
      {
        "type": "Darkness",
        "value": "×2"
      }
    ],
    "resistances": [
      {
        "type": "Fighting",
        "value": "-30"
      }
    ],
    "retreatCost": [
      "Colorless",
      "Colorless"
    ],
    "convertedRetreatCost": 2,
    "number": "TG06",
    "artist": "Akira Komayama",
    "rarity": "Trainer Gallery Rare Holo",
    "flavorText": "Possesses potential victims' shadows in an effort to steal away the victims' lives. If your shadow begins to laugh, you must take hold of a protective charm posthaste!",
    "nationalPokedexNumbers": [
      94
    ],
    "legalities": {
      "unlimited": "Legal",
      "standard": "Legal",
      "expanded": "Legal"
    },
    "regulationMark": "F",
    "images": {
      "small": "https://images.pokemontcg.io/swsh11tg/TG06.png",
      "large": "https://images.pokemontcg.io/swsh11tg/TG06_hires.png"
    }
  },
  {
    "id": "swsh11tg-TG07",
    "name": "Banette",
    "supertype": "Pokémon",
    "subtypes": [
      "Stage 1",
      "Single Strike"
    ],
    "hp": "80",
    "types": [
      "Psychic"
    ],
    "evolvesFrom": "Shuppet",
    "attacks": [
      {
        "name": "Resolute Spite",
        "cost": [
          "Psychic"
        ],
        "convertedEnergyCost": 1,
        "damage": "20×",
        "text": "Put up to 7 damage counters on this Pokémon. This attack does 20 damage for each damage counter you placed in this way."
      },
      {
        "name": "Eerie Light",
        "cost": [
          "Psychic",
          "Colorless"
        ],
        "convertedEnergyCost": 2,
        "damage": "50",
        "text": "Your opponent's Active Pokémon is now Confused."
      }
    ],
    "weaknesses": [
      {
        "type": "Darkness",
        "value": "×2"
      }
    ],
    "resistances": [
      {
        "type": "Fighting",
        "value": "-30"
      }
    ],
    "retreatCost": [
      "Colorless"
    ],
    "convertedRetreatCost": 1,
    "number": "TG07",
    "artist": "Tomomi Kaneko",
    "rarity": "Trainer Gallery Rare Holo",
    "flavorText": "Resentment at being cast off made it spring into being. Some say that treating it well will satisfy it, and it will once more become a stuffed toy.",
    "nationalPokedexNumbers": [
      354
    ],
    "legalities": {
      "unlimited": "Legal",
      "expanded": "Legal"
    },
    "regulationMark": "E",
    "images": {
      "small": "https://images.pokemontcg.io/swsh11tg/TG07.png",
      "large": "https://images.pokemontcg.io/swsh11tg/TG07_hires.png"
    }
  },
  {
    "id": "swsh11tg-TG08",
    "name": "Hisuian Arcanine",
    "supertype": "Pokémon",
    "subtypes": [
      "Stage 1"
    ],
    "hp": "130",
    "types": [
      "Fighting"
    ],
    "evolvesFrom": "Hisuian Growlithe",
    "attacks": [
      {
        "name": "Very Vulnerable",
        "cost": [

        ],
        "convertedEnergyCost": 0,
        "damage": "10+",
        "text": "If you have no cards in your hand, this attack does 150 more damage."
      },
      {
        "name": "Sharp Fang",
        "cost": [
          "Fighting",
          "Colorless",
          "Colorless"
        ],
        "convertedEnergyCost": 3,
        "damage": "100",
        "text": ""
      }
    ],
    "weaknesses": [
      {
        "type": "Grass",
        "value": "×2"
      }
    ],
    "retreatCost": [
      "Colorless",
      "Colorless"
    ],
    "convertedRetreatCost": 2,
    "number": "TG08",
    "artist": "You Iribi",
    "rarity": "Trainer Gallery Rare Holo",
    "flavorText": "Snaps at its foes with fangs cloaked in blazing flame. Despite its bulk, it deftly feints every which way, leading opponents on a deceptively merry chase as it all but dances around them.",
    "nationalPokedexNumbers": [
      59
    ],
    "legalities": {
      "unlimited": "Legal",
      "standard": "Legal",
      "expanded": "Legal"
    },
    "regulationMark": "F",
    "images": {
      "small": "https://images.pokemontcg.io/swsh11tg/TG08.png",
      "large": "https://images.pokemontcg.io/swsh11tg/TG08_hires.png"
    }
  },
  {
    "id": "swsh11tg-TG09",
    "name": "Spiritomb",
    "supertype": "Pokémon",
    "subtypes": [
      "Basic"
    ],
    "hp": "60",
    "types": [
      "Darkness"
    ],
    "abilities": [
      {
        "name": "Cursed Message",
        "text": "If this Pokémon is Knocked Out by damage from an attack from your opponent's Pokémon, search your deck for a card and put it into your hand. Then, shuffle your deck.",
        "type": "Ability"
      }
    ],
    "attacks": [
      {
        "name": "Chain of Spirits",
        "cost": [
          "Darkness",
          "Darkness"
        ],
        "convertedEnergyCost": 2,
        "damage": "10+",
        "text": "This attack does 60 more damage for each Spiritomb in your discard pile."
      }
    ],
    "weaknesses": [
      {
        "type": "Grass",
        "value": "×2"
      }
    ],
    "retreatCost": [
      "Colorless",
      "Colorless"
    ],
    "convertedRetreatCost": 2,
    "number": "TG09",
    "artist": "Hitoshi Ariga",
    "rarity": "Trainer Gallery Rare Holo",
    "flavorText": "It lays curses by thinking wicked thoughts. Writings tell that this Pokémon was born out of the assembly of five score and eight malevolent spirits.",
    "nationalPokedexNumbers": [
      442
    ],
    "legalities": {
      "unlimited": "Legal",
      "standard": "Legal",
      "expanded": "Legal"
    },
    "regulationMark": "F",
    "images": {
      "small": "https://images.pokemontcg.io/swsh11tg/TG09.png",
      "large": "https://images.pokemontcg.io/swsh11tg/TG09_hires.png"
    }
  },
  {
    "id": "swsh11tg-TG10",
    "name": "Snorlax",
    "supertype": "Pokémon",
    "subtypes": [
      "Basic"
    ],
    "hp": "150",
    "types": [
      "Colorless"
    ],
    "abilities": [
      {
        "name": "Unfazed Fat",
        "text": "Prevent all effects of attacks from your opponent's Pokémon done to this Pokémon. (Damage is not an effect.)",
        "type": "Ability"
      }
    ],
    "attacks": [
      {
        "name": "Thumping Snore",
        "cost": [
          "Colorless",
          "Colorless",
          "Colorless"
        ],
        "convertedEnergyCost": 3,
        "damage": "180",
        "text": "This Pokémon is now Asleep. During Pokémon Checkup, flip 2 coins instead of 1. If either of them is tails, this Pokémon is still Asleep."
      }
    ],
    "weaknesses": [
      {
        "type": "Fighting",
        "value": "×2"
      }
    ],
    "retreatCost": [
      "Colorless",
      "Colorless",
      "Colorless",
      "Colorless"
    ],
    "convertedRetreatCost": 4,
    "number": "TG10",
    "artist": "Kouki Saitou",
    "rarity": "Trainer Gallery Rare Holo",
    "flavorText": "This glutton appears in villages without warning and devours the entirety of their rice granaries—such occurrences have long been counted among the gravest of disasters.",
    "nationalPokedexNumbers": [
      143
    ],
    "legalities": {
      "unlimited": "Legal",
      "standard": "Legal",
      "expanded": "Legal"
    },
    "regulationMark": "F",
    "images": {
      "small": "https://images.pokemontcg.io/swsh11tg/TG10.png",
      "large": "https://images.pokemontcg.io/swsh11tg/TG10_hires.png"
    }
  },
  {
    "id": "swsh11tg-TG11",
    "name": "Castform",
    "supertype": "Pokémon",
    "subtypes": [
      "Basic"
    ],
    "hp": "70",
    "types": [
      "Colorless"
    ],
    "abilities": [
      {
        "name": "Weather Reading",
        "text": "If you have 8 or more Stadium cards in your discard pile, ignore all Energy in this Pokémon's attack costs.",
        "type": "Ability"
      }
    ],
    "attacks": [
      {
        "name": "Weather Force",
        "cost": [
          "Colorless",
          "Colorless",
          "Colorless"
        ],
        "convertedEnergyCost": 3,
        "damage": "80",
        "text": "Draw cards until you have 6 cards in your hand."
      }
    ],
    "weaknesses": [
      {
        "type": "Fighting",
        "value": "×2"
      }
    ],
    "number": "TG11",
    "artist": "Atsushi Furusawa",
    "rarity": "Trainer Gallery Rare Holo",
    "flavorText": "Its form changes depending on the weather. The rougher conditions get, the rougher Castform's disposition!",
    "nationalPokedexNumbers": [
      351
    ],
    "legalities": {
      "unlimited": "Legal",
      "expanded": "Legal"
    },
    "regulationMark": "E",
    "images": {
      "small": "https://images.pokemontcg.io/swsh11tg/TG11.png",
      "large": "https://images.pokemontcg.io/swsh11tg/TG11_hires.png"
    }
  },
  {
    "id": "swsh11tg-TG12",
    "name": "Orbeetle V",
    "supertype": "Pokémon",
    "subtypes": [
      "Basic",
      "V"
    ],
    "hp": "180",
    "types": [
      "Grass"
    ],
    "rules": [
      "V rule: When your Pokémon V is Knocked Out, your opponent takes 2 Prize cards."
    ],
    "attacks": [
      {
        "name": "Strafe",
        "cost": [
          "Grass"
        ],
        "convertedEnergyCost": 1,
        "damage": "20",
        "text": "You may switch this Pokémon with 1 of your Benched Pokémon."
      },
      {
        "name": "Mysterious Wave",
        "cost": [
          "Grass",
          "Colorless"
        ],
        "convertedEnergyCost": 2,
        "damage": "50+",
        "text": "This attack does 30 more damage for each Energy attached to your opponent's Active Pokémon."
      }
    ],
    "weaknesses": [
      {
        "type": "Fire",
        "value": "×2"
      }
    ],
    "retreatCost": [
      "Colorless"
    ],
    "convertedRetreatCost": 1,
    "number": "TG12",
    "artist": "Nisota Niso",
    "rarity": "Rare Holo V",
    "nationalPokedexNumbers": [
      826
    ],
    "legalities": {
      "unlimited": "Legal",
      "expanded": "Legal"
    },
    "regulationMark": "D",
    "images": {
      "small": "https://images.pokemontcg.io/swsh11tg/TG12.png",
      "large": "https://images.pokemontcg.io/swsh11tg/TG12_hires.png"
    }
  },
  {
    "id": "swsh11tg-TG13",
    "name": "Orbeetle VMAX",
    "supertype": "Pokémon",
    "subtypes": [
      "VMAX"
    ],
    "hp": "310",
    "types": [
      "Grass"
    ],
    "evolvesFrom": "Orbeetle V",
    "rules": [
      "VMAX rule: When your Pokémon VMAX is Knocked Out, your opponent takes 3 Prize cards."
    ],
    "abilities": [
      {
        "name": "Eerie Beam",
        "text": "Once during your turn, if this Pokémon is in the Active Spot, you may put 1 damage counter on each of your opponent's Pokémon.",
        "type": "Ability"
      }
    ],
    "attacks": [
      {
        "name": "G-Max Wave",
        "cost": [
          "Grass",
          "Colorless"
        ],
        "convertedEnergyCost": 2,
        "damage": "50+",
        "text": "This attack does 50 more damage for each Energy attached to your opponent's Active Pokémon."
      }
    ],
    "weaknesses": [
      {
        "type": "Fire",
        "value": "×2"
      }
    ],
    "retreatCost": [
      "Colorless"
    ],
    "convertedRetreatCost": 1,
    "number": "TG13",
    "artist": "Teeziro",
    "rarity": "Rare Holo VMAX",
    "nationalPokedexNumbers": [
      826
    ],
    "legalities": {
      "unlimited": "Legal",
      "expanded": "Legal"
    },
    "regulationMark": "D",
    "images": {
      "small": "https://images.pokemontcg.io/swsh11tg/TG13.png",
      "large": "https://images.pokemontcg.io/swsh11tg/TG13_hires.png"
    }
  },
  {
    "id": "swsh11tg-TG14",
    "name": "Centiskorch V",
    "supertype": "Pokémon",
    "subtypes": [
      "Basic",
      "V"
    ],
    "hp": "210",
    "types": [
      "Fire"
    ],
    "rules": [
      "V rule: When your Pokémon V is Knocked Out, your opponent takes 2 Prize cards."
    ],
    "attacks": [
      {
        "name": "Radiating Heat",
        "cost": [
          "Fire"
        ],
        "convertedEnergyCost": 1,
        "damage": "20",
        "text": "You may discard an Energy from this Pokémon. If you do, discard an Energy from your opponent's Active Pokémon."
      },
      {
        "name": "Burning Train",
        "cost": [
          "Fire",
          "Fire",
          "Fire",
          "Fire"
        ],
        "convertedEnergyCost": 4,
        "damage": "180",
        "text": ""
      }
    ],
    "weaknesses": [
      {
        "type": "Water",
        "value": "×2"
      }
    ],
    "retreatCost": [
      "Colorless",
      "Colorless",
      "Colorless"
    ],
    "convertedRetreatCost": 3,
    "number": "TG14",
    "artist": "Yuya Oka",
    "rarity": "Rare Holo V",
    "nationalPokedexNumbers": [
      851
    ],
    "legalities": {
      "unlimited": "Legal",
      "expanded": "Legal"
    },
    "regulationMark": "D",
    "images": {
      "small": "https://images.pokemontcg.io/swsh11tg/TG14.png",
      "large": "https://images.pokemontcg.io/swsh11tg/TG14_hires.png"
    }
  },
  {
    "id": "swsh11tg-TG15",
    "name": "Centiskorch VMAX",
    "supertype": "Pokémon",
    "subtypes": [
      "VMAX"
    ],
    "hp": "320",
    "types": [
      "Fire"
    ],
    "evolvesFrom": "Centiskorch V",
    "rules": [
      "VMAX rule: When your Pokémon VMAX is Knocked Out, your opponent takes 3 Prize cards."
    ],
    "attacks": [
      {
        "name": "G-Max Centiferno",
        "cost": [
          "Colorless",
          "Colorless"
        ],
        "convertedEnergyCost": 2,
        "damage": "40+",
        "text": "This attack does 40 more damage for each Fire Energy attached to this Pokémon. If you did any damage with this attack, you may attach a Fire Energy card from your discard pile to this Pokémon."
      }
    ],
    "weaknesses": [
      {
        "type": "Water",
        "value": "×2"
      }
    ],
    "retreatCost": [
      "Colorless",
      "Colorless",
      "Colorless"
    ],
    "convertedRetreatCost": 3,
    "number": "TG15",
    "artist": "Oswaldo KATO",
    "rarity": "Rare Holo VMAX",
    "nationalPokedexNumbers": [
      851
    ],
    "legalities": {
      "unlimited": "Legal",
      "expanded": "Legal"
    },
    "regulationMark": "D",
    "images": {
      "small": "https://images.pokemontcg.io/swsh11tg/TG15.png",
      "large": "https://images.pokemontcg.io/swsh11tg/TG15_hires.png"
    }
  },
  {
    "id": "swsh11tg-TG16",
    "name": "Pikachu V",
    "supertype": "Pokémon",
    "subtypes": [
      "Basic",
      "V"
    ],
    "hp": "190",
    "types": [
      "Lightning"
    ],
    "evolvesTo": [
      "Raichu"
    ],
    "rules": [
      "V rule: When your Pokémon V is Knocked Out, your opponent takes 2 Prize cards."
    ],
    "attacks": [
      {
        "name": "Charge",
        "cost": [
          "Lightning"
        ],
        "convertedEnergyCost": 1,
        "damage": "",
        "text": "Search your deck for up to 2 Lightning Energy cards and attach them to this Pokémon. Then, shuffle your deck."
      },
      {
        "name": "Thunderbolt",
        "cost": [
          "Lightning",
          "Lightning",
          "Colorless"
        ],
        "convertedEnergyCost": 3,
        "damage": "200",
        "text": "Discard all Energy from this Pokémon."
      }
    ],
    "weaknesses": [
      {
        "type": "Fighting",
        "value": "×2"
      }
    ],
    "retreatCost": [
      "Colorless"
    ],
    "convertedRetreatCost": 1,
    "number": "TG16",
    "artist": "Ryota Murayama",
    "rarity": "Rare Holo V",
    "nationalPokedexNumbers": [
      25
    ],
    "legalities": {
      "unlimited": "Legal",
      "expanded": "Legal"
    },
    "regulationMark": "D",
    "images": {
      "small": "https://images.pokemontcg.io/swsh11tg/TG16.png",
      "large": "https://images.pokemontcg.io/swsh11tg/TG16_hires.png"
    }
  },
  {
    "id": "swsh11tg-TG17",
    "name": "Pikachu VMAX",
    "supertype": "Pokémon",
    "subtypes": [
      "VMAX"
    ],
    "hp": "310",
    "types": [
      "Lightning"
    ],
    "evolvesFrom": "Pikachu V",
    "evolvesTo": [
      "Raichu"
    ],
    "rules": [
      "VMAX rule: When your Pokémon VMAX is Knocked Out, your opponent takes 3 Prize cards."
    ],
    "attacks": [
      {
        "name": "G-Max Volt Tackle",
        "cost": [
          "Lightning",
          "Lightning",
          "Lightning"
        ],
        "convertedEnergyCost": 3,
        "damage": "120+",
        "text": "You may discard all Energy from this Pokémon. If you do, this attack does 150 more damage."
      }
    ],
    "weaknesses": [
      {
        "type": "Fighting",
        "value": "×2"
      }
    ],
    "retreatCost": [
      "Colorless",
      "Colorless"
    ],
    "convertedRetreatCost": 2,
    "number": "TG17",
    "artist": "Souichirou Gunjima",
    "rarity": "Rare Holo VMAX",
    "nationalPokedexNumbers": [
      25
    ],
    "legalities": {
      "unlimited": "Legal",
      "expanded": "Legal"
    },
    "regulationMark": "D",
    "images": {
      "small": "https://images.pokemontcg.io/swsh11tg/TG17.png",
      "large": "https://images.pokemontcg.io/swsh11tg/TG17_hires.png"
    }
  },
  {
    "id": "swsh11tg-TG18",
    "name": "Enamorus V",
    "supertype": "Pokémon",
    "subtypes": [
      "Basic",
      "V"
    ],
    "hp": "210",
    "types": [
      "Psychic"
    ],
    "rules": [
      "V rule: When your Pokémon V is Knocked Out, your opponent takes 2 Prize cards."
    ],
    "abilities": [
      {
        "name": "Guardian of Love",
        "text": "Prevent all effects of your opponent's Pokémon's Abilities done to each of your Pokémon that has any Psychic Energy attached, except any Enamorus V.",
        "type": "Ability"
      }
    ],
    "attacks": [
      {
        "name": "Blossom Tail",
        "cost": [
          "Psychic",
          "Colorless",
          "Colorless"
        ],
        "convertedEnergyCost": 3,
        "damage": "100",
        "text": "Attach up to 2 basic Energy cards from your discard pile to your Benched Pokémon in any way you like."
      }
    ],
    "weaknesses": [
      {
        "type": "Metal",
        "value": "×2"
      }
    ],
    "retreatCost": [
      "Colorless",
      "Colorless"
    ],
    "convertedRetreatCost": 2,
    "number": "TG18",
    "artist": "AKIRA EGAWA",
    "rarity": "Rare Holo V",
    "nationalPokedexNumbers": [
      905
    ],
    "legalities": {
      "unlimited": "Legal",
      "standard": "Legal",
      "expanded": "Legal"
    },
    "regulationMark": "F",
    "images": {
      "small": "https://images.pokemontcg.io/swsh11tg/TG18.png",
      "large": "https://images.pokemontcg.io/swsh11tg/TG18_hires.png"
    }
  },
  {
    "id": "swsh11tg-TG19",
    "name": "Gallade V",
    "supertype": "Pokémon",
    "subtypes": [
      "Basic",
      "V"
    ],
    "hp": "220",
    "types": [
      "Fighting"
    ],
    "rules": [
      "V rule: When your Pokémon V is Knocked Out, your opponent takes 2 Prize cards."
    ],
    "attacks": [
      {
        "name": "Rising Sword",
        "cost": [
          "Fighting",
          "Colorless"
        ],
        "convertedEnergyCost": 2,
        "damage": "20+",
        "text": "This attack does 50 more damage for each Prize card you have taken."
      },
      {
        "name": "Buster Swing",
        "cost": [
          "Fighting",
          "Fighting",
          "Colorless"
        ],
        "convertedEnergyCost": 3,
        "damage": "130",
        "text": "This attack's damage isn't affected by Resistance."
      }
    ],
    "weaknesses": [
      {
        "type": "Psychic",
        "value": "×2"
      }
    ],
    "retreatCost": [
      "Colorless",
      "Colorless"
    ],
    "convertedRetreatCost": 2,
    "number": "TG19",
    "artist": "Souichirou Gunjima",
    "rarity": "Rare Holo V",
    "nationalPokedexNumbers": [
      475
    ],
    "legalities": {
      "unlimited": "Legal",
      "standard": "Legal",
      "expanded": "Legal"
    },
    "regulationMark": "F",
    "images": {
      "small": "https://images.pokemontcg.io/swsh11tg/TG19.png",
      "large": "https://images.pokemontcg.io/swsh11tg/TG19_hires.png"
    }
  },
  {
    "id": "swsh11tg-TG20",
    "name": "Crobat V",
    "supertype": "Pokémon",
    "subtypes": [
      "Basic",
      "V"
    ],
    "hp": "180",
    "types": [
      "Darkness"
    ],
    "rules": [
      "V rule: When your Pokémon V is Knocked Out, your opponent takes 2 Prize cards."
    ],
    "abilities": [
      {
        "name": "Dark Asset",
        "text": "When you play this Pokémon from your hand onto your Bench during your turn, you may draw cards until you have 6 cards in your hand. You can't use more than 1 Dark Asset Ability each turn.",
        "type": "Ability"
      }
    ],
    "attacks": [
      {
        "name": "Venomous Fang",
        "cost": [
          "Darkness",
          "Colorless"
        ],
        "convertedEnergyCost": 2,
        "damage": "70",
        "text": "Your opponent's Active Pokémon is now Poisoned."
      }
    ],
    "weaknesses": [
      {
        "type": "Fighting",
        "value": "×2"
      }
    ],
    "retreatCost": [
      "Colorless"
    ],
    "convertedRetreatCost": 1,
    "number": "TG20",
    "artist": "GOSSAN",
    "rarity": "Rare Holo V",
    "nationalPokedexNumbers": [
      169
    ],
    "legalities": {
      "unlimited": "Legal",
      "expanded": "Legal"
    },
    "regulationMark": "D",
    "images": {
      "small": "https://images.pokemontcg.io/swsh11tg/TG20.png",
      "large": "https://images.pokemontcg.io/swsh11tg/TG20_hires.png"
    }
  },
  {
    "id": "swsh11tg-TG21",
    "name": "Eternatus V",
    "supertype": "Pokémon",
    "subtypes": [
      "Basic",
      "V"
    ],
    "hp": "220",
    "types": [
      "Darkness"
    ],
    "rules": [
      "V rule: When your Pokémon V is Knocked Out, your opponent takes 2 Prize cards."
    ],
    "attacks": [
      {
        "name": "Power Accelerator",
        "cost": [
          "Colorless"
        ],
        "convertedEnergyCost": 1,
        "damage": "30",
        "text": "You may attach a Darkness Energy card from your hand to 1 of your Benched Pokémon."
      },
      {
        "name": "Dynamax Cannon",
        "cost": [
          "Darkness",
          "Colorless",
          "Colorless",
          "Colorless"
        ],
        "convertedEnergyCost": 4,
        "damage": "120+",
        "text": "If your opponent's Active Pokémon is a Pokémon VMAX, this attack does 120 more damage."
      }
    ],
    "weaknesses": [
      {
        "type": "Fighting",
        "value": "×2"
      }
    ],
    "retreatCost": [
      "Colorless",
      "Colorless"
    ],
    "convertedRetreatCost": 2,
    "number": "TG21",
    "artist": "kodama",
    "rarity": "Rare Holo V",
    "nationalPokedexNumbers": [
      890
    ],
    "legalities": {
      "unlimited": "Legal",
      "expanded": "Legal"
    },
    "regulationMark": "D",
    "images": {
      "small": "https://images.pokemontcg.io/swsh11tg/TG21.png",
      "large": "https://images.pokemontcg.io/swsh11tg/TG21_hires.png"
    }
  },
  {
    "id": "swsh11tg-TG22",
    "name": "Eternatus VMAX",
    "supertype": "Pokémon",
    "subtypes": [
      "VMAX",
      "Eternamax"
    ],
    "hp": "340",
    "types": [
      "Darkness"
    ],
    "evolvesFrom": "Eternatus V",
    "rules": [
      "VMAX rule: When your Pokémon VMAX is Knocked Out, your opponent takes 3 Prize cards."
    ],
    "abilities": [
      {
        "name": "Eternal Zone",
        "text": "If all of your Pokémon in play are Darkness type, you can have up to 8 Pokémon on your Bench, and you can't put non-Darkness Pokémon into play. (If this Ability stops working, discard Pokémon from your Bench until you have 5.)",
        "type": "Ability"
      }
    ],
    "attacks": [
      {
        "name": "Dread End",
        "cost": [
          "Darkness",
          "Colorless"
        ],
        "convertedEnergyCost": 2,
        "damage": "30×",
        "text": "This attack does 30 damage for each of your Darkness Pokémon in play."
      }
    ],
    "weaknesses": [
      {
        "type": "Fighting",
        "value": "×2"
      }
    ],
    "retreatCost": [
      "Colorless",
      "Colorless",
      "Colorless"
    ],
    "convertedRetreatCost": 3,
    "number": "TG22",
    "artist": "Mitsuhiro Arita",
    "rarity": "Rare Holo VMAX",
    "nationalPokedexNumbers": [
      890
    ],
    "legalities": {
      "unlimited": "Legal",
      "expanded": "Legal"
    },
    "regulationMark": "D",
    "images": {
      "small": "https://images.pokemontcg.io/swsh11tg/TG22.png",
      "large": "https://images.pokemontcg.io/swsh11tg/TG22_hires.png"
    }
  },
  {
    "id": "swsh11tg-TG23",
    "name": "Adventurer's Discovery",
    "supertype": "Trainer",
    "subtypes": [
      "Supporter"
    ],
    "rules": [
      "Search your deck for up to 3 Pokémon V, reveal them, and put them into your hand. Then, shuffle your deck.",
      "You may play only 1 Supporter card during your turn."
    ],
    "number": "TG23",
    "artist": "Taira Akitsu",
    "rarity": "Rare Ultra",
    "legalities": {
      "unlimited": "Legal",
      "expanded": "Legal"
    },
    "regulationMark": "E",
    "images": {
      "small": "https://images.pokemontcg.io/swsh11tg/TG23.png",
      "large": "https://images.pokemontcg.io/swsh11tg/TG23_hires.png"
    }
  },
  {
    "id": "swsh11tg-TG24",
    "name": "Boss's Orders",
    "supertype": "Trainer",
    "subtypes": [
      "Supporter"
    ],
    "rules": [
      "Switch 1 of your opponent's Benched Pokémon with their Active Pokémon.",
      "You may play only 1 Supporter card during your turn."
    ],
    "number": "TG24",
    "artist": "NC Empire",
    "rarity": "Rare Ultra",
    "flavorText": "Lysandre",
    "legalities": {
      "unlimited": "Legal",
      "standard": "Legal",
      "expanded": "Legal"
    },
    "regulationMark": "D",
    "images": {
      "small": "https://images.pokemontcg.io/swsh11tg/TG24.png",
      "large": "https://images.pokemontcg.io/swsh11tg/TG24_hires.png"
    }
  },
  {
    "id": "swsh11tg-TG25",
    "name": "Cook",
    "supertype": "Trainer",
    "subtypes": [
      "Supporter"
    ],
    "rules": [
      "Heal 70 damage from your Active Pokémon.",
      "You may play only 1 Supporter card during your turn."
    ],
    "number": "TG25",
    "artist": "Sanosuke Sakuma",
    "rarity": "Rare Ultra",
    "legalities": {
      "unlimited": "Legal",
      "expanded": "Legal"
    },
    "regulationMark": "E",
    "images": {
      "small": "https://images.pokemontcg.io/swsh11tg/TG25.png",
      "large": "https://images.pokemontcg.io/swsh11tg/TG25_hires.png"
    }
  },
  {
    "id": "swsh11tg-TG26",
    "name": "Kabu",
    "supertype": "Trainer",
    "subtypes": [
      "Supporter"
    ],
    "rules": [
      "Shuffle your hand into your deck. Then, draw 4 cards. If your Active Pokémon is your only Pokémon in play, draw 8 cards instead.",
      "You may play only 1 Supporter card during your turn."
    ],
    "number": "TG26",
    "artist": "Hideki Ishikawa",
    "rarity": "Rare Ultra",
    "legalities": {
      "unlimited": "Legal",
      "expanded": "Legal"
    },
    "regulationMark": "D",
    "images": {
      "small": "https://images.pokemontcg.io/swsh11tg/TG26.png",
      "large": "https://images.pokemontcg.io/swsh11tg/TG26_hires.png"
    }
  },
  {
    "id": "swsh11tg-TG27",
    "name": "Nessa",
    "supertype": "Trainer",
    "subtypes": [
      "Supporter"
    ],
    "rules": [
      "Put up to 4 in any combination of Water Pokémon and Water Energy cards from your discard pile into your hand.",
      "You may play only 1 Supporter card during your turn."
    ],
    "number": "TG27",
    "artist": "saino misaki",
    "rarity": "Rare Ultra",
    "legalities": {
      "unlimited": "Legal",
      "expanded": "Legal"
    },
    "regulationMark": "D",
    "images": {
      "small": "https://images.pokemontcg.io/swsh11tg/TG27.png",
      "large": "https://images.pokemontcg.io/swsh11tg/TG27_hires.png"
    }
  },
  {
    "id": "swsh11tg-TG28",
    "name": "Opal",
    "supertype": "Trainer",
    "subtypes": [
      "Supporter"
    ],
    "rules": [
      "Flip 2 coins. Search your deck for a number of cards up to the number of heads, put them into your hand, and shuffle your deck.",
      "You may play only 1 Supporter card during your turn."
    ],
    "number": "TG28",
    "artist": "Taira Akitsu",
    "rarity": "Rare Ultra",
    "legalities": {
      "unlimited": "Legal",
      "expanded": "Legal"
    },
    "regulationMark": "D",
    "images": {
      "small": "https://images.pokemontcg.io/swsh11tg/TG28.png",
      "large": "https://images.pokemontcg.io/swsh11tg/TG28_hires.png"
    }
  },
  {
    "id": "swsh11tg-TG29",
    "name": "Pikachu VMAX",
    "supertype": "Pokémon",
    "subtypes": [
      "VMAX"
    ],
    "hp": "310",
    "types": [
      "Lightning"
    ],
    "evolvesFrom": "Pikachu V",
    "evolvesTo": [
      "Raichu"
    ],
    "rules": [
      "VMAX rule: When your Pokémon VMAX is Knocked Out, your opponent takes 3 Prize cards."
    ],
    "attacks": [
      {
        "name": "G-Max Volt Tackle",
        "cost": [
          "Lightning",
          "Lightning",
          "Lightning"
        ],
        "convertedEnergyCost": 3,
        "damage": "120+",
        "text": "You may discard all Energy from this Pokémon. If you do, this attack does 150 more damage."
      }
    ],
    "weaknesses": [
      {
        "type": "Fighting",
        "value": "×2"
      }
    ],
    "retreatCost": [
      "Colorless",
      "Colorless"
    ],
    "convertedRetreatCost": 2,
    "number": "TG29",
    "artist": "aky CG Works",
    "rarity": "Rare Secret",
    "nationalPokedexNumbers": [
      25
    ],
    "legalities": {
      "unlimited": "Legal",
      "expanded": "Legal"
    },
    "regulationMark": "D",
    "images": {
      "small": "https://images.pokemontcg.io/swsh11tg/TG29.png",
      "large": "https://images.pokemontcg.io/swsh11tg/TG29_hires.png"
    }
  },
  {
    "id": "swsh11tg-TG30",
    "name": "Mew VMAX",
    "supertype": "Pokémon",
    "subtypes": [
      "VMAX",
      "Fusion Strike"
    ],
    "hp": "310",
    "types": [
      "Psychic"
    ],
    "evolvesFrom": "Mew V",
    "rules": [
      "VMAX rule: When your Pokémon VMAX is Knocked Out, your opponent takes 3 Prize cards."
    ],
    "attacks": [
      {
        "name": "Cross Fusion Strike",
        "cost": [
          "Colorless",
          "Colorless"
        ],
        "convertedEnergyCost": 2,
        "damage": "",
        "text": "Choose 1 of your Benched Fusion Strike Pokémon's attacks and use it as this attack."
      },
      {
        "name": "Max Miracle",
        "cost": [
          "Psychic",
          "Psychic"
        ],
        "convertedEnergyCost": 2,
        "damage": "130",
        "text": "This attack's damage isn't affected by any effects on your opponent's Active Pokémon."
      }
    ],
    "weaknesses": [
      {
        "type": "Darkness",
        "value": "×2"
      }
    ],
    "resistances": [
      {
        "type": "Fighting",
        "value": "-30"
      }
    ],
    "number": "TG30",
    "artist": "5ban Graphics",
    "rarity": "Rare Secret",
    "nationalPokedexNumbers": [
      151
    ],
    "legalities": {
      "unlimited": "Legal",
      "expanded": "Legal"
    },
    "regulationMark": "E",
    "images": {
      "small": "https://images.pokemontcg.io/swsh11tg/TG30.png",
      "large": "https://images.pokemontcg.io/swsh11tg/TG30_hires.png"
    }
  }
]
