[
  {
    "id": "swsh9tg-TG01",
    "name": "Flareon",
    "supertype": "Pokémon",
    "subtypes": [
      "Stage 1"
    ],
    "hp": "110",
    "types": [
      "Fire"
    ],
    "evolvesFrom": "Eevee",
    "abilities": [
      {
        "name": "Incandescent Awakening",
        "text": "If this Pokémon has a Memory Capsule attached, Grass Pokémon in play (both yours and your opponent's) have no Abilities.",
        "type": "Ability"
      }
    ],
    "attacks": [
      {
        "name": "Fire Mane",
        "cost": [
          "Fire",
          "Fire",
          "Colorless"
        ],
        "convertedEnergyCost": 3,
        "damage": "100",
        "text": ""
      }
    ],
    "weaknesses": [
      {
        "type": "Water",
        "value": "×2"
      }
    ],
    "retreatCost": [
      "Colorless",
      "Colorless"
    ],
    "convertedRetreatCost": 2,
    "number": "TG01",
    "artist": "You Iribi",
    "rarity": "Trainer Gallery Rare Holo",
    "flavorText": "Once it has stored up enough heat, this Pokémon's body temperature can reach up to 1,700 degrees Fahrenheit.",
    "nationalPokedexNumbers": [
      136
    ],
    "legalities": {
      "unlimited": "Legal",
      "expanded": "Legal"
    },
    "regulationMark": "D",
    "images": {
      "small": "https://images.pokemontcg.io/swsh9tg/TG01.png",
      "large": "https://images.pokemontcg.io/swsh9tg/TG01_hires.png"
    }
  },
  {
    "id": "swsh9tg-TG02",
    "name": "Vaporeon",
    "supertype": "Pokémon",
    "subtypes": [
      "Stage 1"
    ],
    "hp": "110",
    "types": [
      "Water"
    ],
    "evolvesFrom": "Eevee",
    "abilities": [
      {
        "name": "Torrential Awakening",
        "text": "If this Pokémon has a Memory Capsule attached, Fire Pokémon in play (both yours and your opponent's) have no Abilities.",
        "type": "Ability"
      }
    ],
    "attacks": [
      {
        "name": "Aurora Beam",
        "cost": [
          "Water",
          "Colorless"
        ],
        "convertedEnergyCost": 2,
        "damage": "70",
        "text": ""
      }
    ],
    "weaknesses": [
      {
        "type": "Lightning",
        "value": "×2"
      }
    ],
    "retreatCost": [
      "Colorless",
      "Colorless"
    ],
    "convertedRetreatCost": 2,
    "number": "TG02",
    "artist": "Jiro Sasumo",
    "rarity": "Trainer Gallery Rare Holo",
    "flavorText": "When Vaporeon's fins begin to vibrate, it is a sign that rain will come within a few hours.",
    "nationalPokedexNumbers": [
      134
    ],
    "legalities": {
      "unlimited": "Legal",
      "expanded": "Legal"
    },
    "regulationMark": "D",
    "images": {
      "small": "https://images.pokemontcg.io/swsh9tg/TG02.png",
      "large": "https://images.pokemontcg.io/swsh9tg/TG02_hires.png"
    }
  },
  {
    "id": "swsh9tg-TG03",
    "name": "Octillery",
    "supertype": "Pokémon",
    "subtypes": [
      "Stage 1",
      "Rapid Strike"
    ],
    "hp": "110",
    "types": [
      "Water"
    ],
    "evolvesFrom": "Remoraid",
    "abilities": [
      {
        "name": "Rapid Strike Search",
        "text": "Once during your turn, you may search your deck for a Rapid Strike card, reveal it, and put it into your hand. Then, shuffle your deck. You can't use more than 1 Rapid Strike Search Ability each turn.",
        "type": "Ability"
      }
    ],
    "attacks": [
      {
        "name": "Waterfall",
        "cost": [
          "Water",
          "Colorless",
          "Colorless"
        ],
        "convertedEnergyCost": 3,
        "damage": "50",
        "text": ""
      }
    ],
    "weaknesses": [
      {
        "type": "Lightning",
        "value": "×2"
      }
    ],
    "retreatCost": [
      "Colorless",
      "Colorless"
    ],
    "convertedRetreatCost": 2,
    "number": "TG03",
    "artist": "Shinya Komatsu",
    "rarity": "Trainer Gallery Rare Holo",
    "flavorText": "It traps enemies with its suction-cupped tentacles, then smashes them with its rock-hard head.",
    "nationalPokedexNumbers": [
      224
    ],
    "legalities": {
      "unlimited": "Legal",
      "expanded": "Legal"
    },
    "regulationMark": "E",
    "images": {
      "small": "https://images.pokemontcg.io/swsh9tg/TG03.png",
      "large": "https://images.pokemontcg.io/swsh9tg/TG03_hires.png"
    }
  },
  {
    "id": "swsh9tg-TG04",
    "name": "Jolteon",
    "supertype": "Pokémon",
    "subtypes": [
      "Stage 1"
    ],
    "hp": "100",
    "types": [
      "Lightning"
    ],
    "evolvesFrom": "Eevee",
    "abilities": [
      {
        "name": "Thunderous Awakening",
        "text": "If this Pokémon has a Memory Capsule attached, Water Pokémon in play (both yours and your opponent's) have no Abilities.",
        "type": "Ability"
      }
    ],
    "attacks": [
      {
        "name": "Electric Ball",
        "cost": [
          "Lightning",
          "Colorless",
          "Colorless"
        ],
        "convertedEnergyCost": 3,
        "damage": "90",
        "text": ""
      }
    ],
    "weaknesses": [
      {
        "type": "Fighting",
        "value": "×2"
      }
    ],
    "retreatCost": [
      "Colorless"
    ],
    "convertedRetreatCost": 1,
    "number": "TG04",
    "artist": "DOM",
    "rarity": "Trainer Gallery Rare Holo",
    "flavorText": "If it is angered or startled, the fur all over its body bristles like sharp needles that pierce foes.",
    "nationalPokedexNumbers": [
      135
    ],
    "legalities": {
      "unlimited": "Legal",
      "expanded": "Legal"
    },
    "regulationMark": "D",
    "images": {
      "small": "https://images.pokemontcg.io/swsh9tg/TG04.png",
      "large": "https://images.pokemontcg.io/swsh9tg/TG04_hires.png"
    }
  },
  {
    "id": "swsh9tg-TG05",
    "name": "Zekrom",
    "supertype": "Pokémon",
    "subtypes": [
      "Basic"
    ],
    "hp": "130",
    "types": [
      "Lightning"
    ],
    "attacks": [
      {
        "name": "Slash",
        "cost": [
          "Colorless",
          "Colorless"
        ],
        "convertedEnergyCost": 2,
        "damage": "30",
        "text": ""
      },
      {
        "name": "Wild Shock",
        "cost": [
          "Lightning",
          "Lightning",
          "Colorless"
        ],
        "convertedEnergyCost": 3,
        "damage": "130",
        "text": "This Pokémon also does 60 damage to itself. Your opponent's Active Pokémon is now Paralyzed."
      }
    ],
    "weaknesses": [
      {
        "type": "Fighting",
        "value": "×2"
      }
    ],
    "retreatCost": [
      "Colorless",
      "Colorless",
      "Colorless"
    ],
    "convertedRetreatCost": 3,
    "number": "TG05",
    "artist": "AKIRA EGAWA",
    "rarity": "Trainer Gallery Rare Holo",
    "flavorText": "When the interior part of its tail spins like a motor, Zekrom can generate many bolts of lightning to blast its surroundings.",
    "nationalPokedexNumbers": [
      644
    ],
    "legalities": {
      "unlimited": "Legal",
      "expanded": "Legal"
    },
    "regulationMark": "D",
    "images": {
      "small": "https://images.pokemontcg.io/swsh9tg/TG05.png",
      "large": "https://images.pokemontcg.io/swsh9tg/TG05_hires.png"
    }
  },
  {
    "id": "swsh9tg-TG06",
    "name": "Dusknoir",
    "supertype": "Pokémon",
    "subtypes": [
      "Stage 2"
    ],
    "hp": "150",
    "types": [
      "Psychic"
    ],
    "evolvesFrom": "Dusclops",
    "abilities": [
      {
        "name": "Spectral Breach",
        "text": "All Special Energy attached to Pokémon (both yours and your opponent's) provide Colorless Energy and have no other effect.",
        "type": "Ability"
      }
    ],
    "attacks": [
      {
        "name": "Spooky Shot",
        "cost": [
          "Psychic",
          "Colorless",
          "Colorless"
        ],
        "convertedEnergyCost": 3,
        "damage": "120",
        "text": ""
      }
    ],
    "weaknesses": [
      {
        "type": "Darkness",
        "value": "×2"
      }
    ],
    "resistances": [
      {
        "type": "Fighting",
        "value": "-30"
      }
    ],
    "retreatCost": [
      "Colorless",
      "Colorless"
    ],
    "convertedRetreatCost": 2,
    "number": "TG06",
    "artist": "Megumi Higuchi",
    "rarity": "Trainer Gallery Rare Holo",
    "flavorText": "At the bidding of transmissions from the spirit world, it steals people and Pokémon away. No one knows whether it has a will of its own.",
    "nationalPokedexNumbers": [
      477
    ],
    "legalities": {
      "unlimited": "Legal",
      "expanded": "Legal"
    },
    "regulationMark": "D",
    "images": {
      "small": "https://images.pokemontcg.io/swsh9tg/TG06.png",
      "large": "https://images.pokemontcg.io/swsh9tg/TG06_hires.png"
    }
  },
  {
    "id": "swsh9tg-TG07",
    "name": "Dedenne",
    "supertype": "Pokémon",
    "subtypes": [
      "Basic"
    ],
    "hp": "70",
    "types": [
      "Psychic"
    ],
    "attacks": [
      {
        "name": "Dede-Flash",
        "cost": [
          "Psychic"
        ],
        "convertedEnergyCost": 1,
        "damage": "20+",
        "text": "If your opponent has exactly 1 Prize card remaining, this attack does 60 more damage, and your opponent's Active Pokémon is now Confused."
      }
    ],
    "weaknesses": [
      {
        "type": "Metal",
        "value": "×2"
      }
    ],
    "retreatCost": [
      "Colorless"
    ],
    "convertedRetreatCost": 1,
    "number": "TG07",
    "artist": "kurumitsu",
    "rarity": "Trainer Gallery Rare Holo",
    "flavorText": "Since Dedenne can't generate as much electricity on its own, it steals electricity from outlets or other electric Pokémon.",
    "nationalPokedexNumbers": [
      702
    ],
    "legalities": {
      "unlimited": "Legal",
      "expanded": "Legal"
    },
    "regulationMark": "E",
    "images": {
      "small": "https://images.pokemontcg.io/swsh9tg/TG07.png",
      "large": "https://images.pokemontcg.io/swsh9tg/TG07_hires.png"
    }
  },
  {
    "id": "swsh9tg-TG08",
    "name": "Alcremie",
    "supertype": "Pokémon",
    "subtypes": [
      "Stage 1"
    ],
    "hp": "90",
    "types": [
      "Psychic"
    ],
    "evolvesFrom": "Milcery",
    "abilities": [
      {
        "name": "Additional Order",
        "text": "As long as this Pokémon is in the Active Spot, your turn does not end when you use Café Master.",
        "type": "Ability"
      }
    ],
    "attacks": [
      {
        "name": "Rainbow Flavor",
        "cost": [
          "Colorless",
          "Colorless"
        ],
        "convertedEnergyCost": 2,
        "damage": "10+",
        "text": "This attack does 40 more damage for each type of basic Energy attached to all of your Pokémon."
      }
    ],
    "weaknesses": [
      {
        "type": "Metal",
        "value": "×2"
      }
    ],
    "retreatCost": [
      "Colorless"
    ],
    "convertedRetreatCost": 1,
    "number": "TG08",
    "artist": "OKACHEKE",
    "rarity": "Trainer Gallery Rare Holo",
    "flavorText": "When Alcremie is content, the cream it secretes from its hands becomes sweeter and richer.",
    "nationalPokedexNumbers": [
      869
    ],
    "legalities": {
      "unlimited": "Legal",
      "expanded": "Legal"
    },
    "regulationMark": "E",
    "images": {
      "small": "https://images.pokemontcg.io/swsh9tg/TG08.png",
      "large": "https://images.pokemontcg.io/swsh9tg/TG08_hires.png"
    }
  },
  {
    "id": "swsh9tg-TG09",
    "name": "Ariados",
    "supertype": "Pokémon",
    "subtypes": [
      "Stage 1"
    ],
    "hp": "110",
    "types": [
      "Darkness"
    ],
    "evolvesFrom": "Spinarak",
    "abilities": [
      {
        "name": "Spider Net",
        "text": "When you play this Pokémon from your hand to evolve 1 of your Pokémon during your turn, you may switch 1 of your opponent's Benched Evolution Pokémon with their Active Pokémon.",
        "type": "Ability"
      }
    ],
    "attacks": [
      {
        "name": "Poison Sting",
        "cost": [
          "Darkness",
          "Colorless"
        ],
        "convertedEnergyCost": 2,
        "damage": "30",
        "text": "Your opponent's Active Pokémon is now Poisoned."
      }
    ],
    "weaknesses": [
      {
        "type": "Fighting",
        "value": "×2"
      }
    ],
    "retreatCost": [
      "Colorless",
      "Colorless"
    ],
    "convertedRetreatCost": 2,
    "number": "TG09",
    "artist": "Shiburingaru",
    "rarity": "Trainer Gallery Rare Holo",
    "flavorText": "It spews threads from its mouth to catch its prey. When night falls, it leaves its web to go hunt aggressively.",
    "nationalPokedexNumbers": [
      168
    ],
    "legalities": {
      "unlimited": "Legal",
      "expanded": "Legal"
    },
    "regulationMark": "D",
    "images": {
      "small": "https://images.pokemontcg.io/swsh9tg/TG09.png",
      "large": "https://images.pokemontcg.io/swsh9tg/TG09_hires.png"
    }
  },
  {
    "id": "swsh9tg-TG10",
    "name": "Houndoom",
    "supertype": "Pokémon",
    "subtypes": [
      "Stage 1",
      "Single Strike"
    ],
    "hp": "130",
    "types": [
      "Darkness"
    ],
    "evolvesFrom": "Houndour",
    "abilities": [
      {
        "name": "Single Strike Roar",
        "text": "Once during your turn, you may search your deck for a Single Strike Energy card and attach it to 1 of your Single Strike Pokémon. Then, shuffle your deck. If you attached Energy to a Pokémon in this way, put 2 damage counters on that Pokémon.",
        "type": "Ability"
      }
    ],
    "attacks": [
      {
        "name": "Darkness Fang",
        "cost": [
          "Darkness",
          "Colorless"
        ],
        "convertedEnergyCost": 2,
        "damage": "50",
        "text": ""
      }
    ],
    "weaknesses": [
      {
        "type": "Grass",
        "value": "×2"
      }
    ],
    "retreatCost": [
      "Colorless",
      "Colorless"
    ],
    "convertedRetreatCost": 2,
    "number": "TG10",
    "artist": "NC Empire",
    "rarity": "Trainer Gallery Rare Holo",
    "flavorText": "Identifiable by its eerie howls, people a long time ago thought it was the grim reaper and feared it.",
    "nationalPokedexNumbers": [
      229
    ],
    "legalities": {
      "unlimited": "Legal",
      "expanded": "Legal"
    },
    "regulationMark": "E",
    "images": {
      "small": "https://images.pokemontcg.io/swsh9tg/TG10.png",
      "large": "https://images.pokemontcg.io/swsh9tg/TG10_hires.png"
    }
  },
  {
    "id": "swsh9tg-TG11",
    "name": "Eevee",
    "supertype": "Pokémon",
    "subtypes": [
      "Basic"
    ],
    "hp": "70",
    "types": [
      "Colorless"
    ],
    "evolvesTo": [
      "Vaporeon",
      "Jolteon",
      "Flareon",
      "Sylveon",
      "Espeon",
      "Umbreon",
      "Leafeon",
      "Glaceon"
    ],
    "attacks": [
      {
        "name": "Vee-Search",
        "cost": [
          "Colorless"
        ],
        "convertedEnergyCost": 1,
        "damage": "",
        "text": "Search your deck for up to 3 Pokémon V, reveal them, and put them into your hand. Then, shuffle your deck."
      },
      {
        "name": "Stampede",
        "cost": [
          "Colorless",
          "Colorless"
        ],
        "convertedEnergyCost": 2,
        "damage": "20",
        "text": ""
      }
    ],
    "weaknesses": [
      {
        "type": "Fighting",
        "value": "×2"
      }
    ],
    "retreatCost": [
      "Colorless"
    ],
    "convertedRetreatCost": 1,
    "number": "TG11",
    "artist": "Souichirou Gunjima",
    "rarity": "Trainer Gallery Rare Holo",
    "flavorText": "Thanks to its unstable genetic makeup, this special Pokémon conceals many different possible evolutions.",
    "nationalPokedexNumbers": [
      133
    ],
    "legalities": {
      "unlimited": "Legal",
      "expanded": "Legal"
    },
    "regulationMark": "E",
    "images": {
      "small": "https://images.pokemontcg.io/swsh9tg/TG11.png",
      "large": "https://images.pokemontcg.io/swsh9tg/TG11_hires.png"
    }
  },
  {
    "id": "swsh9tg-TG12",
    "name": "Oranguru",
    "supertype": "Pokémon",
    "subtypes": [
      "Basic"
    ],
    "hp": "120",
    "types": [
      "Colorless"
    ],
    "abilities": [
      {
        "name": "Primate Wisdom",
        "text": "Once during your turn, you may switch a card from your hand with the top card of your deck.",
        "type": "Ability"
      }
    ],
    "attacks": [
      {
        "name": "Whap Down",
        "cost": [
          "Colorless",
          "Colorless",
          "Colorless"
        ],
        "convertedEnergyCost": 3,
        "damage": "70",
        "text": ""
      }
    ],
    "weaknesses": [
      {
        "type": "Fighting",
        "value": "×2"
      }
    ],
    "retreatCost": [
      "Colorless",
      "Colorless"
    ],
    "convertedRetreatCost": 2,
    "number": "TG12",
    "artist": "Akira Komayama",
    "rarity": "Trainer Gallery Rare Holo",
    "flavorText": "It knows the forest inside and out. If it comes across a wounded Pokémon, Oranguru will gather medicinal herbs to treat it.",
    "nationalPokedexNumbers": [
      765
    ],
    "legalities": {
      "unlimited": "Legal",
      "expanded": "Legal"
    },
    "regulationMark": "D",
    "images": {
      "small": "https://images.pokemontcg.io/swsh9tg/TG12.png",
      "large": "https://images.pokemontcg.io/swsh9tg/TG12_hires.png"
    }
  },
  {
    "id": "swsh9tg-TG13",
    "name": "Boltund V",
    "supertype": "Pokémon",
    "subtypes": [
      "Basic",
      "V"
    ],
    "hp": "200",
    "types": [
      "Lightning"
    ],
    "rules": [
      "V rule: When your Pokémon V is Knocked Out, your opponent takes 2 Prize cards."
    ],
    "attacks": [
      {
        "name": "Electrify",
        "cost": [
          "Lightning"
        ],
        "convertedEnergyCost": 1,
        "damage": "",
        "text": "Search your deck for up to 2 Lightning Energy cards and attach them to your Benched Pokémon in any way you like. Then, shuffle your deck."
      },
      {
        "name": "Bolt Storm",
        "cost": [
          "Lightning",
          "Colorless"
        ],
        "convertedEnergyCost": 2,
        "damage": "10+",
        "text": "This attack does 30 more damage for each Lightning Energy attached to all of your Pokémon."
      }
    ],
    "weaknesses": [
      {
        "type": "Fighting",
        "value": "×2"
      }
    ],
    "retreatCost": [
      "Colorless",
      "Colorless"
    ],
    "convertedRetreatCost": 2,
    "number": "TG13",
    "artist": "GIDORA",
    "rarity": "Rare Holo V",
    "nationalPokedexNumbers": [
      836
    ],
    "legalities": {
      "unlimited": "Legal",
      "expanded": "Legal"
    },
    "regulationMark": "D",
    "images": {
      "small": "https://images.pokemontcg.io/swsh9tg/TG13.png",
      "large": "https://images.pokemontcg.io/swsh9tg/TG13_hires.png"
    }
  },
  {
    "id": "swsh9tg-TG14",
    "name": "Sylveon V",
    "supertype": "Pokémon",
    "subtypes": [
      "Basic",
      "V",
      "Rapid Strike"
    ],
    "hp": "200",
    "types": [
      "Psychic"
    ],
    "rules": [
      "V rule: When your Pokémon V is Knocked Out, your opponent takes 2 Prize cards."
    ],
    "abilities": [
      {
        "name": "Dream Gift",
        "text": "Once during your turn, you may search your deck for an Item card, reveal it, and put it into your hand. Then, shuffle your deck. If you use this Ability, your turn ends.",
        "type": "Ability"
      }
    ],
    "attacks": [
      {
        "name": "Magical Shot",
        "cost": [
          "Colorless",
          "Colorless"
        ],
        "convertedEnergyCost": 2,
        "damage": "60",
        "text": ""
      }
    ],
    "weaknesses": [
      {
        "type": "Metal",
        "value": "×2"
      }
    ],
    "retreatCost": [
      "Colorless"
    ],
    "convertedRetreatCost": 1,
    "number": "TG14",
    "artist": "Megumi Mizutani",
    "rarity": "Rare Holo V",
    "nationalPokedexNumbers": [
      700
    ],
    "legalities": {
      "unlimited": "Legal",
      "expanded": "Legal"
    },
    "regulationMark": "E",
    "images": {
      "small": "https://images.pokemontcg.io/swsh9tg/TG14.png",
      "large": "https://images.pokemontcg.io/swsh9tg/TG14_hires.png"
    }
  },
  {
    "id": "swsh9tg-TG15",
    "name": "Sylveon VMAX",
    "supertype": "Pokémon",
    "subtypes": [
      "VMAX",
      "Rapid Strike"
    ],
    "hp": "310",
    "types": [
      "Psychic"
    ],
    "evolvesFrom": "Sylveon V",
    "rules": [
      "VMAX rule: When your Pokémon VMAX is Knocked Out, your opponent takes 3 Prize cards."
    ],
    "attacks": [
      {
        "name": "Precious Touch",
        "cost": [
          "Psychic"
        ],
        "convertedEnergyCost": 1,
        "damage": "",
        "text": "Attach an Energy card from your hand to 1 of your Benched Pokémon. If you do, heal 120 damage from that Pokémon."
      },
      {
        "name": "Max Harmony",
        "cost": [
          "Colorless",
          "Colorless",
          "Colorless"
        ],
        "convertedEnergyCost": 3,
        "damage": "70+",
        "text": "This attack does 30 more damage for each different type of Pokémon on your Bench."
      }
    ],
    "weaknesses": [
      {
        "type": "Metal",
        "value": "×2"
      }
    ],
    "retreatCost": [
      "Colorless",
      "Colorless"
    ],
    "convertedRetreatCost": 2,
    "number": "TG15",
    "artist": "sui",
    "rarity": "Rare Holo VMAX",
    "nationalPokedexNumbers": [
      700
    ],
    "legalities": {
      "unlimited": "Legal",
      "expanded": "Legal"
    },
    "regulationMark": "E",
    "images": {
      "small": "https://images.pokemontcg.io/swsh9tg/TG15.png",
      "large": "https://images.pokemontcg.io/swsh9tg/TG15_hires.png"
    }
  },
  {
    "id": "swsh9tg-TG16",
    "name": "Mimikyu V",
    "supertype": "Pokémon",
    "subtypes": [
      "Basic",
      "V"
    ],
    "hp": "160",
    "types": [
      "Psychic"
    ],
    "rules": [
      "V rule: When your Pokémon V is Knocked Out, your opponent takes 2 Prize cards."
    ],
    "abilities": [
      {
        "name": "Dummy Doll",
        "text": "When you play this Pokémon from your hand onto your Bench during your turn, you may prevent all damage done to this Mimikyu V by attacks from your opponent's Pokémon until the end of your opponent's next turn.",
        "type": "Ability"
      }
    ],
    "attacks": [
      {
        "name": "Jealous Eyes",
        "cost": [
          "Psychic"
        ],
        "convertedEnergyCost": 1,
        "damage": "",
        "text": "Put 3 damage counters on your opponent's Active Pokémon for each Prize card your opponent has taken."
      }
    ],
    "weaknesses": [
      {
        "type": "Darkness",
        "value": "×2"
      }
    ],
    "resistances": [
      {
        "type": "Fighting",
        "value": "-30"
      }
    ],
    "retreatCost": [
      "Colorless",
      "Colorless"
    ],
    "convertedRetreatCost": 2,
    "number": "TG16",
    "artist": "saino misaki",
    "rarity": "Rare Holo V",
    "nationalPokedexNumbers": [
      778
    ],
    "legalities": {
      "unlimited": "Legal",
      "expanded": "Legal"
    },
    "regulationMark": "E",
    "images": {
      "small": "https://images.pokemontcg.io/swsh9tg/TG16.png",
      "large": "https://images.pokemontcg.io/swsh9tg/TG16_hires.png"
    }
  },
  {
    "id": "swsh9tg-TG17",
    "name": "Mimikyu VMAX",
    "supertype": "Pokémon",
    "subtypes": [
      "VMAX"
    ],
    "hp": "300",
    "types": [
      "Psychic"
    ],
    "evolvesFrom": "Mimikyu V",
    "rules": [
      "VMAX rule: When your Pokémon VMAX is Knocked Out, your opponent takes 3 Prize cards."
    ],
    "attacks": [
      {
        "name": "Ominous Numbers",
        "cost": [
          "Colorless",
          "Colorless"
        ],
        "convertedEnergyCost": 2,
        "damage": "",
        "text": "Put 4 damage counters on your opponent's Pokémon in any way you like. If you played Acerola's Premonition from your hand during this turn, place 13 damage counters instead."
      },
      {
        "name": "Max Shadow",
        "cost": [
          "Psychic",
          "Psychic"
        ],
        "convertedEnergyCost": 2,
        "damage": "120",
        "text": "Discard a random card from your opponent's hand."
      }
    ],
    "weaknesses": [
      {
        "type": "Darkness",
        "value": "×2"
      }
    ],
    "resistances": [
      {
        "type": "Fighting",
        "value": "-30"
      }
    ],
    "retreatCost": [
      "Colorless"
    ],
    "convertedRetreatCost": 1,
    "number": "TG17",
    "artist": "Naoki Saito",
    "rarity": "Rare Holo VMAX",
    "nationalPokedexNumbers": [
      778
    ],
    "legalities": {
      "unlimited": "Legal",
      "expanded": "Legal"
    },
    "regulationMark": "E",
    "images": {
      "small": "https://images.pokemontcg.io/swsh9tg/TG17.png",
      "large": "https://images.pokemontcg.io/swsh9tg/TG17_hires.png"
    }
  },
  {
    "id": "swsh9tg-TG18",
    "name": "Single Strike Urshifu V",
    "supertype": "Pokémon",
    "subtypes": [
      "Basic",
      "V",
      "Single Strike"
    ],
    "hp": "220",
    "types": [
      "Fighting"
    ],
    "rules": [
      "V rule: When your Pokémon V is Knocked Out, your opponent takes 2 Prize cards."
    ],
    "attacks": [
      {
        "name": "Laser Focus",
        "cost": [
          "Fighting"
        ],
        "convertedEnergyCost": 1,
        "damage": "",
        "text": "Search your deck for up to 2 Fighting Energy cards and attach them to this Pokémon. Then, shuffle your deck."
      },
      {
        "name": "Impact Blow",
        "cost": [
          "Fighting",
          "Fighting",
          "Colorless"
        ],
        "convertedEnergyCost": 3,
        "damage": "180",
        "text": "During your next turn, this Pokémon can't use Impact Blow."
      }
    ],
    "weaknesses": [
      {
        "type": "Psychic",
        "value": "×2"
      }
    ],
    "retreatCost": [
      "Colorless",
      "Colorless"
    ],
    "convertedRetreatCost": 2,
    "number": "TG18",
    "artist": "Yuu Nishida",
    "rarity": "Rare Holo V",
    "nationalPokedexNumbers": [
      892
    ],
    "legalities": {
      "unlimited": "Legal",
      "expanded": "Legal"
    },
    "regulationMark": "E",
    "images": {
      "small": "https://images.pokemontcg.io/swsh9tg/TG18.png",
      "large": "https://images.pokemontcg.io/swsh9tg/TG18_hires.png"
    }
  },
  {
    "id": "swsh9tg-TG19",
    "name": "Single Strike Urshifu VMAX",
    "supertype": "Pokémon",
    "subtypes": [
      "VMAX",
      "Single Strike"
    ],
    "hp": "330",
    "types": [
      "Fighting"
    ],
    "evolvesFrom": "Single Strike Urshifu V",
    "rules": [
      "VMAX rule: When your Pokémon VMAX is Knocked Out, your opponent takes 3 Prize cards."
    ],
    "attacks": [
      {
        "name": "Beatdown",
        "cost": [
          "Colorless",
          "Colorless",
          "Colorless"
        ],
        "convertedEnergyCost": 3,
        "damage": "100",
        "text": ""
      },
      {
        "name": "G-Max One Blow",
        "cost": [
          "Fighting",
          "Fighting",
          "Fighting",
          "Colorless"
        ],
        "convertedEnergyCost": 4,
        "damage": "270",
        "text": "Discard all Energy from this Pokémon. This attack's damage isn't affected by any effects on your opponent's Active Pokémon."
      }
    ],
    "weaknesses": [
      {
        "type": "Psychic",
        "value": "×2"
      }
    ],
    "retreatCost": [
      "Colorless",
      "Colorless",
      "Colorless"
    ],
    "convertedRetreatCost": 3,
    "number": "TG19",
    "artist": "kodama",
    "rarity": "Rare Holo VMAX",
    "nationalPokedexNumbers": [
      892
    ],
    "legalities": {
      "unlimited": "Legal",
      "expanded": "Legal"
    },
    "regulationMark": "E",
    "images": {
      "small": "https://images.pokemontcg.io/swsh9tg/TG19.png",
      "large": "https://images.pokemontcg.io/swsh9tg/TG19_hires.png"
    }
  },
  {
    "id": "swsh9tg-TG20",
    "name": "Rapid Strike Urshifu V",
    "supertype": "Pokémon",
    "subtypes": [
      "Basic",
      "V",
      "Rapid Strike"
    ],
    "hp": "220",
    "types": [
      "Fighting"
    ],
    "rules": [
      "V rule: When your Pokémon V is Knocked Out, your opponent takes 2 Prize cards."
    ],
    "attacks": [
      {
        "name": "Strafe",
        "cost": [
          "Fighting"
        ],
        "convertedEnergyCost": 1,
        "damage": "30",
        "text": "You may switch this Pokémon with 1 of your Benched Pokémon."
      },
      {
        "name": "Hundred Furious Blows",
        "cost": [
          "Fighting",
          "Fighting",
          "Colorless"
        ],
        "convertedEnergyCost": 3,
        "damage": "150",
        "text": ""
      }
    ],
    "weaknesses": [
      {
        "type": "Psychic",
        "value": "×2"
      }
    ],
    "retreatCost": [
      "Colorless",
      "Colorless"
    ],
    "convertedRetreatCost": 2,
    "number": "TG20",
    "artist": "takuyoa",
    "rarity": "Rare Holo V",
    "nationalPokedexNumbers": [
      892
    ],
    "legalities": {
      "unlimited": "Legal",
      "expanded": "Legal"
    },
    "regulationMark": "E",
    "images": {
      "small": "https://images.pokemontcg.io/swsh9tg/TG20.png",
      "large": "https://images.pokemontcg.io/swsh9tg/TG20_hires.png"
    }
  },
  {
    "id": "swsh9tg-TG21",
    "name": "Rapid Strike Urshifu VMAX",
    "supertype": "Pokémon",
    "subtypes": [
      "VMAX",
      "Rapid Strike"
    ],
    "hp": "330",
    "types": [
      "Fighting"
    ],
    "evolvesFrom": "Rapid Strike Urshifu V",
    "rules": [
      "VMAX rule: When your Pokémon VMAX is Knocked Out, your opponent takes 3 Prize cards."
    ],
    "attacks": [
      {
        "name": "Gale Thrust",
        "cost": [
          "Fighting"
        ],
        "convertedEnergyCost": 1,
        "damage": "30+",
        "text": "If this Pokémon moved from your Bench to the Active Spot this turn, this attack does 120 more damage."
      },
      {
        "name": "G-Max Rapid Flow",
        "cost": [
          "Fighting",
          "Fighting",
          "Colorless"
        ],
        "convertedEnergyCost": 3,
        "damage": "",
        "text": "Discard all Energy from this Pokémon. This attack does 120 damage to 2 of your opponent's Pokémon. (Don't apply Weakness and Resistance for Benched Pokémon.)"
      }
    ],
    "weaknesses": [
      {
        "type": "Psychic",
        "value": "×2"
      }
    ],
    "retreatCost": [
      "Colorless",
      "Colorless"
    ],
    "convertedRetreatCost": 2,
    "number": "TG21",
    "artist": "Scav",
    "rarity": "Rare Holo VMAX",
    "nationalPokedexNumbers": [
      892
    ],
    "legalities": {
      "unlimited": "Legal",
      "expanded": "Legal"
    },
    "regulationMark": "E",
    "images": {
      "small": "https://images.pokemontcg.io/swsh9tg/TG21.png",
      "large": "https://images.pokemontcg.io/swsh9tg/TG21_hires.png"
    }
  },
  {
    "id": "swsh9tg-TG22",
    "name": "Umbreon V",
    "supertype": "Pokémon",
    "subtypes": [
      "Basic",
      "V",
      "Single Strike"
    ],
    "hp": "200",
    "types": [
      "Darkness"
    ],
    "rules": [
      "V rule: When your Pokémon V is Knocked Out, your opponent takes 2 Prize cards."
    ],
    "attacks": [
      {
        "name": "Mean Look",
        "cost": [
          "Darkness"
        ],
        "convertedEnergyCost": 1,
        "damage": "30",
        "text": "During your opponent's next turn, the Defending Pokémon can't retreat."
      },
      {
        "name": "Moonlight Blade",
        "cost": [
          "Darkness",
          "Colorless",
          "Colorless"
        ],
        "convertedEnergyCost": 3,
        "damage": "80+",
        "text": "If this Pokémon has any damage counters on it, this attack does 80 more damage."
      }
    ],
    "weaknesses": [
      {
        "type": "Grass",
        "value": "×2"
      }
    ],
    "retreatCost": [
      "Colorless",
      "Colorless"
    ],
    "convertedRetreatCost": 2,
    "number": "TG22",
    "artist": "Ligton",
    "rarity": "Rare Holo V",
    "nationalPokedexNumbers": [
      197
    ],
    "legalities": {
      "unlimited": "Legal",
      "expanded": "Legal"
    },
    "regulationMark": "E",
    "images": {
      "small": "https://images.pokemontcg.io/swsh9tg/TG22.png",
      "large": "https://images.pokemontcg.io/swsh9tg/TG22_hires.png"
    }
  },
  {
    "id": "swsh9tg-TG23",
    "name": "Umbreon VMAX",
    "supertype": "Pokémon",
    "subtypes": [
      "VMAX",
      "Single Strike"
    ],
    "hp": "310",
    "types": [
      "Darkness"
    ],
    "evolvesFrom": "Umbreon V",
    "rules": [
      "VMAX rule: When your Pokémon VMAX is Knocked Out, your opponent takes 3 Prize cards."
    ],
    "abilities": [
      {
        "name": "Dark Signal",
        "text": "When you play this Pokémon from your hand to evolve 1 of your Pokémon during your turn, you may switch 1 of your opponent's Benched Pokémon with their Active Pokémon.",
        "type": "Ability"
      }
    ],
    "attacks": [
      {
        "name": "Max Darkness",
        "cost": [
          "Darkness",
          "Colorless",
          "Colorless"
        ],
        "convertedEnergyCost": 3,
        "damage": "160",
        "text": ""
      }
    ],
    "weaknesses": [
      {
        "type": "Grass",
        "value": "×2"
      }
    ],
    "retreatCost": [
      "Colorless",
      "Colorless"
    ],
    "convertedRetreatCost": 2,
    "number": "TG23",
    "artist": "kawayoo",
    "rarity": "Rare Holo VMAX",
    "nationalPokedexNumbers": [
      197
    ],
    "legalities": {
      "unlimited": "Legal",
      "expanded": "Legal"
    },
    "regulationMark": "E",
    "images": {
      "small": "https://images.pokemontcg.io/swsh9tg/TG23.png",
      "large": "https://images.pokemontcg.io/swsh9tg/TG23_hires.png"
    }
  },
  {
    "id": "swsh9tg-TG24",
    "name": "Acerola's Premonition",
    "supertype": "Trainer",
    "subtypes": [
      "Supporter"
    ],
    "rules": [
      "Your opponent reveals their hand, and you draw a card for each Trainer card you find there.",
      "You may play only 1 Supporter card during your turn."
    ],
    "number": "TG24",
    "artist": "yuu",
    "rarity": "Rare Ultra",
    "legalities": {
      "unlimited": "Legal",
      "expanded": "Legal"
    },
    "regulationMark": "E",
    "images": {
      "small": "https://images.pokemontcg.io/swsh9tg/TG24.png",
      "large": "https://images.pokemontcg.io/swsh9tg/TG24_hires.png"
    }
  },
  {
    "id": "swsh9tg-TG25",
    "name": "Café Master",
    "supertype": "Trainer",
    "subtypes": [
      "Supporter"
    ],
    "rules": [
      "Choose up to 3 of your Benched Pokémon. For each of those Pokémon, search your deck for a different type of basic Energy card and attach it to that Pokémon. Then, shuffle your deck. Your turn ends.",
      "You may play only 1 Supporter card during your turn."
    ],
    "number": "TG25",
    "artist": "Sanosuke Sakuma",
    "rarity": "Rare Ultra",
    "legalities": {
      "unlimited": "Legal",
      "expanded": "Legal"
    },
    "regulationMark": "E",
    "images": {
      "small": "https://images.pokemontcg.io/swsh9tg/TG25.png",
      "large": "https://images.pokemontcg.io/swsh9tg/TG25_hires.png"
    }
  },
  {
    "id": "swsh9tg-TG26",
    "name": "Gloria",
    "supertype": "Trainer",
    "subtypes": [
      "Supporter"
    ],
    "rules": [
      "Search your deck for up to 3 Basic Pokémon that don't have a Rule Box and put them onto your Bench. Then, shuffle your deck. (Pokémon V, Pokémon-GX, etc. have Rule Boxes.)",
      "You may play only 1 Supporter card during your turn."
    ],
    "number": "TG26",
    "artist": "Naoki Saito",
    "rarity": "Rare Ultra",
    "legalities": {
      "unlimited": "Legal",
      "expanded": "Legal"
    },
    "regulationMark": "E",
    "images": {
      "small": "https://images.pokemontcg.io/swsh9tg/TG26.png",
      "large": "https://images.pokemontcg.io/swsh9tg/TG26_hires.png"
    }
  },
  {
    "id": "swsh9tg-TG27",
    "name": "Rapid Strike Style Mustard",
    "supertype": "Trainer",
    "subtypes": [
      "Rapid Strike",
      "Supporter"
    ],
    "rules": [
      "You can play this card only when it is the last card in your hand.",
      "Put a Rapid Strike Pokémon from your discard pile onto your Bench. If you do, draw 5 cards.",
      "You may play only 1 Supporter card during your turn."
    ],
    "number": "TG27",
    "artist": "KIYOTAKA OSHIYAMA",
    "rarity": "Rare Ultra",
    "legalities": {
      "unlimited": "Legal",
      "expanded": "Legal"
    },
    "regulationMark": "E",
    "images": {
      "small": "https://images.pokemontcg.io/swsh9tg/TG27.png",
      "large": "https://images.pokemontcg.io/swsh9tg/TG27_hires.png"
    }
  },
  {
    "id": "swsh9tg-TG28",
    "name": "Single Strike Style Mustard",
    "supertype": "Trainer",
    "subtypes": [
      "Single Strike",
      "Supporter"
    ],
    "rules": [
      "You can play this card only when it is the last card in your hand.",
      "Search your deck for a Single Strike Pokémon and put it onto your Bench. Then, shuffle your deck. If you searched your deck in this way, draw 5 cards.",
      "You may play only 1 Supporter card during your turn."
    ],
    "number": "TG28",
    "artist": "Souichirou Gunjima",
    "rarity": "Rare Ultra",
    "legalities": {
      "unlimited": "Legal",
      "expanded": "Legal"
    },
    "regulationMark": "E",
    "images": {
      "small": "https://images.pokemontcg.io/swsh9tg/TG28.png",
      "large": "https://images.pokemontcg.io/swsh9tg/TG28_hires.png"
    }
  },
  {
    "id": "swsh9tg-TG29",
    "name": "Single Strike Urshifu VMAX",
    "supertype": "Pokémon",
    "subtypes": [
      "VMAX",
      "Single Strike"
    ],
    "hp": "330",
    "types": [
      "Fighting"
    ],
    "evolvesFrom": "Single Strike Urshifu V",
    "rules": [
      "VMAX rule: When your Pokémon VMAX is Knocked Out, your opponent takes 3 Prize cards."
    ],
    "attacks": [
      {
        "name": "Beatdown",
        "cost": [
          "Colorless",
          "Colorless",
          "Colorless"
        ],
        "convertedEnergyCost": 3,
        "damage": "100",
        "text": ""
      },
      {
        "name": "G-Max One Blow",
        "cost": [
          "Fighting",
          "Fighting",
          "Fighting",
          "Colorless"
        ],
        "convertedEnergyCost": 4,
        "damage": "270",
        "text": "Discard all Energy from this Pokémon. This attack's damage isn't affected by any effects on your opponent's Active Pokémon."
      }
    ],
    "weaknesses": [
      {
        "type": "Psychic",
        "value": "×2"
      }
    ],
    "retreatCost": [
      "Colorless",
      "Colorless",
      "Colorless"
    ],
    "convertedRetreatCost": 3,
    "number": "TG29",
    "artist": "PLANETA Tsuji",
    "rarity": "Rare Secret",
    "nationalPokedexNumbers": [
      892
    ],
    "legalities": {
      "unlimited": "Legal",
      "expanded": "Legal"
    },
    "regulationMark": "E",
    "images": {
      "small": "https://images.pokemontcg.io/swsh9tg/TG29.png",
      "large": "https://images.pokemontcg.io/swsh9tg/TG29_hires.png"
    }
  },
  {
    "id": "swsh9tg-TG30",
    "name": "Rapid Strike Urshifu VMAX",
    "supertype": "Pokémon",
    "subtypes": [
      "VMAX",
      "Rapid Strike"
    ],
    "hp": "330",
    "types": [
      "Fighting"
    ],
    "evolvesFrom": "Rapid Strike Urshifu V",
    "rules": [
      "VMAX rule: When your Pokémon VMAX is Knocked Out, your opponent takes 3 Prize cards."
    ],
    "attacks": [
      {
        "name": "Gale Thrust",
        "cost": [
          "Fighting"
        ],
        "convertedEnergyCost": 1,
        "damage": "30+",
        "text": "If this Pokémon moved from your Bench to the Active Spot this turn, this attack does 120 more damage."
      },
      {
        "name": "G-Max Rapid Flow",
        "cost": [
          "Fighting",
          "Fighting",
          "Colorless"
        ],
        "convertedEnergyCost": 3,
        "damage": "",
        "text": "Discard all Energy from this Pokémon. This attack does 120 damage to 2 of your opponent's Pokémon. (Don't apply Weakness and Resistance for Benched Pokémon.)"
      }
    ],
    "weaknesses": [
      {
        "type": "Psychic",
        "value": "×2"
      }
    ],
    "retreatCost": [
      "Colorless",
      "Colorless"
    ],
    "convertedRetreatCost": 2,
    "number": "TG30",
    "artist": "PLANETA Tsuji",
    "rarity": "Rare Secret",
    "nationalPokedexNumbers": [
      892
    ],
    "legalities": {
      "unlimited": "Legal",
      "expanded": "Legal"
    },
    "regulationMark": "E",
    "images": {
      "small": "https://images.pokemontcg.io/swsh9tg/TG30.png",
      "large": "https://images.pokemontcg.io/swsh9tg/TG30_hires.png"
    }
  }
]
