[
  {
    "id": "xy0-1",
    "name": "Weedle",
    "supertype": "Pokémon",
    "subtypes": [
      "Basic"
    ],
    "hp": "40",
    "types": [
      "Grass"
    ],
    "evolvesTo": [
      "Kakuna"
    ],
    "attacks": [
      {
        "name": "String Shot",
        "cost": [
          "Grass"
        ],
        "convertedEnergyCost": 1,
        "damage": "10",
        "text": "Flip a coin. If heads, your opponent's Active Pokémon is now Paralyzed."
      }
    ],
    "weaknesses": [
      {
        "type": "Fire",
        "value": "×2"
      }
    ],
    "retreatCost": [
      "Colorless"
    ],
    "convertedRetreatCost": 1,
    "number": "1",
    "artist": "Akira Komayama",
    "flavorText": "Often found in forests and grasslands. It has a sharp, toxic barb of around two inches on top of its head.",
    "nationalPokedexNumbers": [
      13
    ],
    "legalities": {
      "unlimited": "Legal",
      "expanded": "Legal"
    },
    "images": {
      "small": "https://images.pokemontcg.io/xy0/1.png",
      "large": "https://images.pokemontcg.io/xy0/1_hires.png"
    }
  },
  {
    "id": "xy0-2",
    "name": "Pansage",
    "supertype": "Pokémon",
    "subtypes": [
      "Basic"
    ],
    "hp": "70",
    "types": [
      "Grass"
    ],
    "evolvesTo": [
      "Simisage"
    ],
    "attacks": [
      {
        "name": "Collect",
        "cost": [
          "Colorless"
        ],
        "convertedEnergyCost": 1,
        "damage": "",
        "text": "Draw a card."
      },
      {
        "name": "Fury Swipes",
        "cost": [
          "Colorless",
          "Colorless"
        ],
        "convertedEnergyCost": 2,
        "damage": "10×",
        "text": "Flip 3 coins. This attack does 10 damage times the number of heads."
      }
    ],
    "weaknesses": [
      {
        "type": "Fire",
        "value": "×2"
      }
    ],
    "retreatCost": [
      "Colorless"
    ],
    "convertedRetreatCost": 1,
    "number": "2",
    "artist": "Masakazu Fukuda",
    "flavorText": "It shares the leaf on its head with weary-looking Pokémon. These leaves are known to relieve stress.",
    "nationalPokedexNumbers": [
      511
    ],
    "legalities": {
      "unlimited": "Legal",
      "expanded": "Legal"
    },
    "images": {
      "small": "https://images.pokemontcg.io/xy0/2.png",
      "large": "https://images.pokemontcg.io/xy0/2_hires.png"
    }
  },
  {
    "id": "xy0-3",
    "name": "Chespin",
    "supertype": "Pokémon",
    "subtypes": [
      "Basic"
    ],
    "hp": "60",
    "types": [
      "Grass"
    ],
    "evolvesTo": [
      "Quilladin"
    ],
    "attacks": [
      {
        "name": "Vine Whip",
        "cost": [
          "Grass"
        ],
        "convertedEnergyCost": 1,
        "damage": "10",
        "text": ""
      },
      {
        "name": "Seed Bomb",
        "cost": [
          "Grass",
          "Colorless"
        ],
        "convertedEnergyCost": 2,
        "damage": "20",
        "text": ""
      }
    ],
    "weaknesses": [
      {
        "type": "Fire",
        "value": "×2"
      }
    ],
    "retreatCost": [
      "Colorless"
    ],
    "convertedRetreatCost": 1,
    "number": "3",
    "artist": "5ban Graphics",
    "flavorText": "The quills on its head are usually soft. When it flexes them, the points become so hard and sharp that they can pierce rock.",
    "nationalPokedexNumbers": [
      650
    ],
    "legalities": {
      "unlimited": "Legal",
      "expanded": "Legal"
    },
    "images": {
      "small": "https://images.pokemontcg.io/xy0/3.png",
      "large": "https://images.pokemontcg.io/xy0/3_hires.png"
    }
  },
  {
    "id": "xy0-4",
    "name": "Quilladin",
    "supertype": "Pokémon",
    "subtypes": [
      "Stage 1"
    ],
    "hp": "90",
    "types": [
      "Grass"
    ],
    "evolvesFrom": "Chespin",
    "evolvesTo": [
      "Chesnaught"
    ],
    "attacks": [
      {
        "name": "Leech Seed",
        "cost": [
          "Grass",
          "Colorless"
        ],
        "convertedEnergyCost": 2,
        "damage": "20",
        "text": "Heal 10 damage from this Pokémon."
      },
      {
        "name": "Needle Arm",
        "cost": [
          "Grass",
          "Colorless",
          "Colorless"
        ],
        "convertedEnergyCost": 3,
        "damage": "50",
        "text": ""
      }
    ],
    "weaknesses": [
      {
        "type": "Fire",
        "value": "×2"
      }
    ],
    "retreatCost": [
      "Colorless",
      "Colorless"
    ],
    "convertedRetreatCost": 2,
    "number": "4",
    "artist": "5ban Graphics",
    "flavorText": "It relies on its sturdy shell to deflect predators' attacks. It counterattacks with its sharp quills.",
    "nationalPokedexNumbers": [
      651
    ],
    "legalities": {
      "unlimited": "Legal",
      "expanded": "Legal"
    },
    "images": {
      "small": "https://images.pokemontcg.io/xy0/4.png",
      "large": "https://images.pokemontcg.io/xy0/4_hires.png"
    }
  },
  {
    "id": "xy0-5",
    "name": "Chesnaught",
    "supertype": "Pokémon",
    "subtypes": [
      "Stage 2"
    ],
    "hp": "150",
    "types": [
      "Grass"
    ],
    "evolvesFrom": "Quilladin",
    "attacks": [
      {
        "name": "Needle Arm",
        "cost": [
          "Grass",
          "Colorless",
          "Colorless"
        ],
        "convertedEnergyCost": 3,
        "damage": "50",
        "text": ""
      },
      {
        "name": "Tumbling Attack",
        "cost": [
          "Grass",
          "Grass",
          "Colorless",
          "Colorless"
        ],
        "convertedEnergyCost": 4,
        "damage": "80+",
        "text": "Flip a coin. If heads, this attack does 40 more damage."
      }
    ],
    "weaknesses": [
      {
        "type": "Fire",
        "value": "×2"
      }
    ],
    "retreatCost": [
      "Colorless",
      "Colorless",
      "Colorless",
      "Colorless"
    ],
    "convertedRetreatCost": 4,
    "number": "5",
    "artist": "5ban Graphics",
    "flavorText": "Its Tackle is forceful enough to flip a 50-ton tank. It shields its allies from danger with its own body.",
    "nationalPokedexNumbers": [
      652
    ],
    "legalities": {
      "unlimited": "Legal",
      "expanded": "Legal"
    },
    "images": {
      "small": "https://images.pokemontcg.io/xy0/5.png",
      "large": "https://images.pokemontcg.io/xy0/5_hires.png"
    }
  },
  {
    "id": "xy0-6",
    "name": "Slugma",
    "supertype": "Pokémon",
    "subtypes": [
      "Basic"
    ],
    "hp": "80",
    "types": [
      "Fire"
    ],
    "evolvesTo": [
      "Magcargo"
    ],
    "attacks": [
      {
        "name": "Combustion",
        "cost": [
          "Fire",
          "Colorless"
        ],
        "convertedEnergyCost": 2,
        "damage": "20",
        "text": ""
      }
    ],
    "weaknesses": [
      {
        "type": "Water",
        "value": "×2"
      }
    ],
    "retreatCost": [
      "Colorless",
      "Colorless"
    ],
    "convertedRetreatCost": 2,
    "number": "6",
    "artist": "Mitsuhiro Arita",
    "flavorText": "A common sight in volcanic areas, it slowly slithers around in a constant search for warm places.",
    "nationalPokedexNumbers": [
      218
    ],
    "legalities": {
      "unlimited": "Legal",
      "expanded": "Legal"
    },
    "images": {
      "small": "https://images.pokemontcg.io/xy0/6.png",
      "large": "https://images.pokemontcg.io/xy0/6_hires.png"
    }
  },
  {
    "id": "xy0-7",
    "name": "Pansear",
    "supertype": "Pokémon",
    "subtypes": [
      "Basic"
    ],
    "hp": "70",
    "types": [
      "Fire"
    ],
    "evolvesTo": [
      "Simisear"
    ],
    "attacks": [
      {
        "name": "Collect",
        "cost": [
          "Colorless"
        ],
        "convertedEnergyCost": 1,
        "damage": "",
        "text": "Draw a card."
      },
      {
        "name": "Fury Swipes",
        "cost": [
          "Colorless",
          "Colorless"
        ],
        "convertedEnergyCost": 2,
        "damage": "10×",
        "text": "Flip 3 coins. This attack does 10 damage times the number of heads."
      }
    ],
    "weaknesses": [
      {
        "type": "Water",
        "value": "×2"
      }
    ],
    "retreatCost": [
      "Colorless"
    ],
    "convertedRetreatCost": 1,
    "number": "7",
    "artist": "Naoyo Kimura",
    "flavorText": "Very intelligent, it roasts berries before eating them. It likes to help people.",
    "nationalPokedexNumbers": [
      513
    ],
    "legalities": {
      "unlimited": "Legal",
      "expanded": "Legal"
    },
    "images": {
      "small": "https://images.pokemontcg.io/xy0/7.png",
      "large": "https://images.pokemontcg.io/xy0/7_hires.png"
    }
  },
  {
    "id": "xy0-8",
    "name": "Fennekin",
    "supertype": "Pokémon",
    "subtypes": [
      "Basic"
    ],
    "hp": "60",
    "types": [
      "Fire"
    ],
    "evolvesTo": [
      "Braixen"
    ],
    "attacks": [
      {
        "name": "Scratch",
        "cost": [
          "Fire"
        ],
        "convertedEnergyCost": 1,
        "damage": "10",
        "text": ""
      },
      {
        "name": "Live Coal",
        "cost": [
          "Fire",
          "Colorless"
        ],
        "convertedEnergyCost": 2,
        "damage": "20",
        "text": ""
      }
    ],
    "weaknesses": [
      {
        "type": "Water",
        "value": "×2"
      }
    ],
    "retreatCost": [
      "Colorless"
    ],
    "convertedRetreatCost": 1,
    "number": "8",
    "artist": "5ban Graphics",
    "flavorText": "Eating a twig fills it with energy, and its roomy ears give vent to air hotter than 390 degrees Fahrenheit.",
    "nationalPokedexNumbers": [
      653
    ],
    "legalities": {
      "unlimited": "Legal",
      "expanded": "Legal"
    },
    "images": {
      "small": "https://images.pokemontcg.io/xy0/8.png",
      "large": "https://images.pokemontcg.io/xy0/8_hires.png"
    }
  },
  {
    "id": "xy0-9",
    "name": "Braixen",
    "supertype": "Pokémon",
    "subtypes": [
      "Stage 1"
    ],
    "hp": "80",
    "types": [
      "Fire"
    ],
    "evolvesFrom": "Fennekin",
    "evolvesTo": [
      "Delphox"
    ],
    "attacks": [
      {
        "name": "Firebreathing",
        "cost": [
          "Fire",
          "Colorless"
        ],
        "convertedEnergyCost": 2,
        "damage": "20+",
        "text": "Flip a coin. If heads, this attack does 20 more damage."
      },
      {
        "name": "Flame Tail",
        "cost": [
          "Fire",
          "Colorless",
          "Colorless"
        ],
        "convertedEnergyCost": 3,
        "damage": "60",
        "text": ""
      }
    ],
    "weaknesses": [
      {
        "type": "Water",
        "value": "×2"
      }
    ],
    "retreatCost": [
      "Colorless"
    ],
    "convertedRetreatCost": 1,
    "number": "9",
    "artist": "5ban Graphics",
    "flavorText": "It has a twig stuck in its tail. With friction from its tail fur, it sets the twig on fire and launches into battle.",
    "nationalPokedexNumbers": [
      654
    ],
    "legalities": {
      "unlimited": "Legal",
      "expanded": "Legal"
    },
    "images": {
      "small": "https://images.pokemontcg.io/xy0/9.png",
      "large": "https://images.pokemontcg.io/xy0/9_hires.png"
    }
  },
  {
    "id": "xy0-10",
    "name": "Delphox",
    "supertype": "Pokémon",
    "subtypes": [
      "Stage 2"
    ],
    "hp": "140",
    "types": [
      "Fire"
    ],
    "evolvesFrom": "Braixen",
    "attacks": [
      {
        "name": "Will-O-Wisp",
        "cost": [
          "Fire",
          "Colorless"
        ],
        "convertedEnergyCost": 2,
        "damage": "30",
        "text": ""
      },
      {
        "name": "Fire Blast",
        "cost": [
          "Fire",
          "Colorless",
          "Colorless",
          "Colorless"
        ],
        "convertedEnergyCost": 4,
        "damage": "120",
        "text": "Discard an Energy attached to this Pokémon."
      }
    ],
    "weaknesses": [
      {
        "type": "Water",
        "value": "×2"
      }
    ],
    "retreatCost": [
      "Colorless",
      "Colorless"
    ],
    "convertedRetreatCost": 2,
    "number": "10",
    "artist": "5ban Graphics",
    "flavorText": "It gazes into the flame at the tip of its branch to achieve a focused state, which allows it to see into the future.",
    "nationalPokedexNumbers": [
      655
    ],
    "legalities": {
      "unlimited": "Legal",
      "expanded": "Legal"
    },
    "images": {
      "small": "https://images.pokemontcg.io/xy0/10.png",
      "large": "https://images.pokemontcg.io/xy0/10_hires.png"
    }
  },
  {
    "id": "xy0-11",
    "name": "Panpour",
    "supertype": "Pokémon",
    "subtypes": [
      "Basic"
    ],
    "hp": "70",
    "types": [
      "Water"
    ],
    "evolvesTo": [
      "Simipour"
    ],
    "attacks": [
      {
        "name": "Collect",
        "cost": [
          "Colorless"
        ],
        "convertedEnergyCost": 1,
        "damage": "",
        "text": "Draw a card."
      },
      {
        "name": "Fury Swipes",
        "cost": [
          "Colorless",
          "Colorless"
        ],
        "convertedEnergyCost": 2,
        "damage": "10×",
        "text": "Flip 3 coins. This attack does 10 damage times the number of heads."
      }
    ],
    "weaknesses": [
      {
        "type": "Grass",
        "value": "×2"
      }
    ],
    "retreatCost": [
      "Colorless"
    ],
    "convertedRetreatCost": 1,
    "number": "11",
    "artist": "Shin Nagasawa",
    "flavorText": "The water stored inside the tuft on its head is full of nutrients. It waters plants with it using its tail.",
    "nationalPokedexNumbers": [
      515
    ],
    "legalities": {
      "unlimited": "Legal",
      "expanded": "Legal"
    },
    "images": {
      "small": "https://images.pokemontcg.io/xy0/11.png",
      "large": "https://images.pokemontcg.io/xy0/11_hires.png"
    }
  },
  {
    "id": "xy0-12",
    "name": "Froakie",
    "supertype": "Pokémon",
    "subtypes": [
      "Basic"
    ],
    "hp": "60",
    "types": [
      "Water"
    ],
    "evolvesTo": [
      "Frogadier"
    ],
    "attacks": [
      {
        "name": "Pound",
        "cost": [
          "Water"
        ],
        "convertedEnergyCost": 1,
        "damage": "10",
        "text": ""
      },
      {
        "name": "Water Drip",
        "cost": [
          "Water",
          "Colorless"
        ],
        "convertedEnergyCost": 2,
        "damage": "20",
        "text": ""
      }
    ],
    "weaknesses": [
      {
        "type": "Grass",
        "value": "×2"
      }
    ],
    "retreatCost": [
      "Colorless"
    ],
    "convertedRetreatCost": 1,
    "number": "12",
    "artist": "5ban Graphics",
    "flavorText": "It secretes flexible bubbles from its chest and back. The bubbles reduce the damage it would otherwise take when attacked.",
    "nationalPokedexNumbers": [
      656
    ],
    "legalities": {
      "unlimited": "Legal",
      "expanded": "Legal"
    },
    "images": {
      "small": "https://images.pokemontcg.io/xy0/12.png",
      "large": "https://images.pokemontcg.io/xy0/12_hires.png"
    }
  },
  {
    "id": "xy0-13",
    "name": "Frogadier",
    "supertype": "Pokémon",
    "subtypes": [
      "Stage 1"
    ],
    "hp": "80",
    "types": [
      "Water"
    ],
    "evolvesFrom": "Froakie",
    "evolvesTo": [
      "Greninja"
    ],
    "attacks": [
      {
        "name": "Water Drip",
        "cost": [
          "Water"
        ],
        "convertedEnergyCost": 1,
        "damage": "20",
        "text": ""
      },
      {
        "name": "Aqua Wave",
        "cost": [
          "Water",
          "Water",
          "Colorless"
        ],
        "convertedEnergyCost": 3,
        "damage": "40+",
        "text": "Flip 2 coins. This attack does 20 more damage for each heads."
      }
    ],
    "weaknesses": [
      {
        "type": "Grass",
        "value": "×2"
      }
    ],
    "retreatCost": [
      "Colorless"
    ],
    "convertedRetreatCost": 1,
    "number": "13",
    "artist": "5ban Graphics",
    "flavorText": "It can throw bubble-covered pebbles with precise control, hitting empty cans up to a hundred feet away.",
    "nationalPokedexNumbers": [
      657
    ],
    "legalities": {
      "unlimited": "Legal",
      "expanded": "Legal"
    },
    "images": {
      "small": "https://images.pokemontcg.io/xy0/13.png",
      "large": "https://images.pokemontcg.io/xy0/13_hires.png"
    }
  },
  {
    "id": "xy0-14",
    "name": "Greninja",
    "supertype": "Pokémon",
    "subtypes": [
      "Stage 2"
    ],
    "hp": "140",
    "types": [
      "Water"
    ],
    "evolvesFrom": "Frogadier",
    "attacks": [
      {
        "name": "Mat Block",
        "cost": [
          "Water"
        ],
        "convertedEnergyCost": 1,
        "damage": "40",
        "text": "Flip a coin. If heads, discard an Energy attached to your opponent's Active Pokémon."
      },
      {
        "name": "Aqua Edge",
        "cost": [
          "Water",
          "Water",
          "Colorless"
        ],
        "convertedEnergyCost": 3,
        "damage": "80",
        "text": ""
      }
    ],
    "weaknesses": [
      {
        "type": "Grass",
        "value": "×2"
      }
    ],
    "retreatCost": [
      "Colorless"
    ],
    "convertedRetreatCost": 1,
    "number": "14",
    "artist": "5ban Graphics",
    "flavorText": "It creates throwing stars out of compressed water. When it spins them and throws them at high speed, these stars can split metal in two.",
    "nationalPokedexNumbers": [
      658
    ],
    "legalities": {
      "unlimited": "Legal",
      "expanded": "Legal"
    },
    "images": {
      "small": "https://images.pokemontcg.io/xy0/14.png",
      "large": "https://images.pokemontcg.io/xy0/14_hires.png"
    }
  },
  {
    "id": "xy0-15",
    "name": "Clauncher",
    "supertype": "Pokémon",
    "subtypes": [
      "Basic"
    ],
    "hp": "70",
    "types": [
      "Water"
    ],
    "evolvesTo": [
      "Clawitzer"
    ],
    "attacks": [
      {
        "name": "Water Gun",
        "cost": [
          "Water",
          "Colorless"
        ],
        "convertedEnergyCost": 2,
        "damage": "20",
        "text": ""
      }
    ],
    "weaknesses": [
      {
        "type": "Grass",
        "value": "×2"
      }
    ],
    "retreatCost": [
      "Colorless"
    ],
    "convertedRetreatCost": 1,
    "number": "15",
    "artist": "5ban Graphics",
    "flavorText": "They knock down flying prey by firing compressed water from their massive claws like shooting a pistol.",
    "nationalPokedexNumbers": [
      692
    ],
    "legalities": {
      "unlimited": "Legal",
      "expanded": "Legal"
    },
    "images": {
      "small": "https://images.pokemontcg.io/xy0/15.png",
      "large": "https://images.pokemontcg.io/xy0/15_hires.png"
    }
  },
  {
    "id": "xy0-16",
    "name": "Poochyena",
    "supertype": "Pokémon",
    "subtypes": [
      "Basic"
    ],
    "hp": "60",
    "types": [
      "Darkness"
    ],
    "evolvesTo": [
      "Mightyena"
    ],
    "attacks": [
      {
        "name": "Bite",
        "cost": [
          "Darkness",
          "Colorless"
        ],
        "convertedEnergyCost": 2,
        "damage": "20",
        "text": ""
      }
    ],
    "weaknesses": [
      {
        "type": "Fighting",
        "value": "×2"
      }
    ],
    "resistances": [
      {
        "type": "Psychic",
        "value": "-20"
      }
    ],
    "retreatCost": [
      "Colorless"
    ],
    "convertedRetreatCost": 1,
    "number": "16",
    "artist": "Mizue",
    "flavorText": "A Pokémon with a persistent nature, it chases its chosen prey until the prey becomes exhausted.",
    "nationalPokedexNumbers": [
      261
    ],
    "legalities": {
      "unlimited": "Legal",
      "expanded": "Legal"
    },
    "images": {
      "small": "https://images.pokemontcg.io/xy0/16.png",
      "large": "https://images.pokemontcg.io/xy0/16_hires.png"
    }
  },
  {
    "id": "xy0-17",
    "name": "Mightyena",
    "supertype": "Pokémon",
    "subtypes": [
      "Stage 1"
    ],
    "hp": "90",
    "types": [
      "Darkness"
    ],
    "evolvesFrom": "Poochyena",
    "attacks": [
      {
        "name": "Hard Bite",
        "cost": [
          "Darkness",
          "Colorless"
        ],
        "convertedEnergyCost": 2,
        "damage": "40+",
        "text": "Flip a coin. If heads, this attack does 20 more damage."
      }
    ],
    "weaknesses": [
      {
        "type": "Fighting",
        "value": "×2"
      }
    ],
    "resistances": [
      {
        "type": "Psychic",
        "value": "-20"
      }
    ],
    "retreatCost": [
      "Colorless"
    ],
    "convertedRetreatCost": 1,
    "number": "17",
    "artist": "Mitsuhiro Arita",
    "flavorText": "It will always obey the commands of a skilled Trainer. Its behavior arises from its living in packs in ancient times.",
    "nationalPokedexNumbers": [
      262
    ],
    "legalities": {
      "unlimited": "Legal",
      "expanded": "Legal"
    },
    "images": {
      "small": "https://images.pokemontcg.io/xy0/17.png",
      "large": "https://images.pokemontcg.io/xy0/17_hires.png"
    }
  },
  {
    "id": "xy0-18",
    "name": "Inkay",
    "supertype": "Pokémon",
    "subtypes": [
      "Basic"
    ],
    "hp": "60",
    "types": [
      "Darkness"
    ],
    "evolvesTo": [
      "Malamar"
    ],
    "attacks": [
      {
        "name": "Peck",
        "cost": [
          "Darkness"
        ],
        "convertedEnergyCost": 1,
        "damage": "10",
        "text": ""
      }
    ],
    "weaknesses": [
      {
        "type": "Fighting",
        "value": "×2"
      }
    ],
    "resistances": [
      {
        "type": "Psychic",
        "value": "-20"
      }
    ],
    "retreatCost": [
      "Colorless"
    ],
    "convertedRetreatCost": 1,
    "number": "18",
    "artist": "5ban Graphics",
    "flavorText": "Opponents who stare at the flashing of the light-emitting spots on its body become dazed and lose their will to fight.",
    "nationalPokedexNumbers": [
      686
    ],
    "legalities": {
      "unlimited": "Legal",
      "expanded": "Legal"
    },
    "images": {
      "small": "https://images.pokemontcg.io/xy0/18.png",
      "large": "https://images.pokemontcg.io/xy0/18_hires.png"
    }
  },
  {
    "id": "xy0-19",
    "name": "Pawniard",
    "supertype": "Pokémon",
    "subtypes": [
      "Basic"
    ],
    "hp": "60",
    "types": [
      "Metal"
    ],
    "evolvesTo": [
      "Bisharp"
    ],
    "attacks": [
      {
        "name": "Pierce",
        "cost": [
          "Metal"
        ],
        "convertedEnergyCost": 1,
        "damage": "10",
        "text": ""
      },
      {
        "name": "Cut",
        "cost": [
          "Colorless",
          "Colorless"
        ],
        "convertedEnergyCost": 2,
        "damage": "20",
        "text": ""
      }
    ],
    "weaknesses": [
      {
        "type": "Fire",
        "value": "×2"
      }
    ],
    "resistances": [
      {
        "type": "Psychic",
        "value": "-20"
      }
    ],
    "retreatCost": [
      "Colorless"
    ],
    "convertedRetreatCost": 1,
    "number": "19",
    "artist": "Kouki Saitou",
    "flavorText": "Blades comprise this Pokémon's entire body. If battling dulls the blades, it sharpens them on stones by the river.",
    "nationalPokedexNumbers": [
      624
    ],
    "legalities": {
      "unlimited": "Legal",
      "expanded": "Legal"
    },
    "images": {
      "small": "https://images.pokemontcg.io/xy0/19.png",
      "large": "https://images.pokemontcg.io/xy0/19_hires.png"
    }
  },
  {
    "id": "xy0-20",
    "name": "Bisharp",
    "supertype": "Pokémon",
    "subtypes": [
      "Stage 1"
    ],
    "hp": "90",
    "types": [
      "Metal"
    ],
    "evolvesFrom": "Pawniard",
    "attacks": [
      {
        "name": "Wicked Jab",
        "cost": [
          "Metal"
        ],
        "convertedEnergyCost": 1,
        "damage": "20",
        "text": "Flip a coin. If heads, your opponent's Active Pokémon is now Paralyzed."
      },
      {
        "name": "Metal Claw",
        "cost": [
          "Metal",
          "Colorless",
          "Colorless"
        ],
        "convertedEnergyCost": 3,
        "damage": "70",
        "text": ""
      }
    ],
    "weaknesses": [
      {
        "type": "Fire",
        "value": "×2"
      }
    ],
    "resistances": [
      {
        "type": "Psychic",
        "value": "-20"
      }
    ],
    "retreatCost": [
      "Colorless"
    ],
    "convertedRetreatCost": 1,
    "number": "20",
    "artist": "Kagemaru Himeno",
    "flavorText": "This pitiless Pokémon commands a group of Pawniard to hound prey into immobility. It then moves in to finish the prey off.",
    "nationalPokedexNumbers": [
      625
    ],
    "legalities": {
      "unlimited": "Legal",
      "expanded": "Legal"
    },
    "images": {
      "small": "https://images.pokemontcg.io/xy0/20.png",
      "large": "https://images.pokemontcg.io/xy0/20_hires.png"
    }
  },
  {
    "id": "xy0-21",
    "name": "Honedge",
    "supertype": "Pokémon",
    "subtypes": [
      "Basic"
    ],
    "hp": "60",
    "types": [
      "Metal"
    ],
    "evolvesTo": [
      "Doublade"
    ],
    "attacks": [
      {
        "name": "Continuous Slash",
        "cost": [
          "Metal",
          "Colorless"
        ],
        "convertedEnergyCost": 2,
        "damage": "30×",
        "text": "Flip a coin until you get tails. This attack does 30 damage times the number of heads."
      }
    ],
    "weaknesses": [
      {
        "type": "Fire",
        "value": "×2"
      }
    ],
    "resistances": [
      {
        "type": "Psychic",
        "value": "-20"
      }
    ],
    "retreatCost": [
      "Colorless",
      "Colorless"
    ],
    "convertedRetreatCost": 2,
    "number": "21",
    "artist": "5ban Graphics",
    "flavorText": "Apparently this Pokémon is born when a departed spirit inhabits a sword. It attaches itself to people and drinks their life force.",
    "nationalPokedexNumbers": [
      679
    ],
    "legalities": {
      "unlimited": "Legal",
      "expanded": "Legal"
    },
    "images": {
      "small": "https://images.pokemontcg.io/xy0/21.png",
      "large": "https://images.pokemontcg.io/xy0/21_hires.png"
    }
  },
  {
    "id": "xy0-22",
    "name": "Snubbull",
    "supertype": "Pokémon",
    "subtypes": [
      "Basic"
    ],
    "hp": "70",
    "types": [
      "Fairy"
    ],
    "evolvesTo": [
      "Granbull"
    ],
    "attacks": [
      {
        "name": "Headbutt",
        "cost": [
          "Fairy",
          "Colorless"
        ],
        "convertedEnergyCost": 2,
        "damage": "20",
        "text": ""
      }
    ],
    "weaknesses": [
      {
        "type": "Metal",
        "value": "×2"
      }
    ],
    "resistances": [
      {
        "type": "Darkness",
        "value": "-20"
      }
    ],
    "retreatCost": [
      "Colorless",
      "Colorless"
    ],
    "convertedRetreatCost": 2,
    "number": "22",
    "artist": "Naoki Saito",
    "flavorText": "It has an active, playful nature. Many women like to frolic with it because of its affectionate ways.",
    "nationalPokedexNumbers": [
      209
    ],
    "legalities": {
      "unlimited": "Legal",
      "expanded": "Legal"
    },
    "images": {
      "small": "https://images.pokemontcg.io/xy0/22.png",
      "large": "https://images.pokemontcg.io/xy0/22_hires.png"
    }
  },
  {
    "id": "xy0-23",
    "name": "Granbull",
    "supertype": "Pokémon",
    "subtypes": [
      "Stage 1"
    ],
    "hp": "100",
    "types": [
      "Fairy"
    ],
    "evolvesFrom": "Snubbull",
    "attacks": [
      {
        "name": "Headbutt",
        "cost": [
          "Fairy",
          "Colorless"
        ],
        "convertedEnergyCost": 2,
        "damage": "30",
        "text": ""
      },
      {
        "name": "Double Stomp",
        "cost": [
          "Fairy",
          "Colorless",
          "Colorless"
        ],
        "convertedEnergyCost": 3,
        "damage": "50+",
        "text": "Flip 2 coins. This attack does 20 more damage for each heads."
      }
    ],
    "weaknesses": [
      {
        "type": "Metal",
        "value": "×2"
      }
    ],
    "resistances": [
      {
        "type": "Darkness",
        "value": "-20"
      }
    ],
    "retreatCost": [
      "Colorless",
      "Colorless",
      "Colorless"
    ],
    "convertedRetreatCost": 3,
    "number": "23",
    "artist": "Masakazu Fukuda",
    "flavorText": "It is timid in spite of its looks. If it becomes enraged, however, it will strike with its huge fangs.",
    "nationalPokedexNumbers": [
      210
    ],
    "legalities": {
      "unlimited": "Legal",
      "expanded": "Legal"
    },
    "images": {
      "small": "https://images.pokemontcg.io/xy0/23.png",
      "large": "https://images.pokemontcg.io/xy0/23_hires.png"
    }
  },
  {
    "id": "xy0-24",
    "name": "Swirlix",
    "supertype": "Pokémon",
    "subtypes": [
      "Basic"
    ],
    "hp": "60",
    "types": [
      "Fairy"
    ],
    "evolvesTo": [
      "Slurpuff"
    ],
    "attacks": [
      {
        "name": "Draining Kiss",
        "cost": [
          "Fairy"
        ],
        "convertedEnergyCost": 1,
        "damage": "10",
        "text": "Heal 10 damage from this Pokémon."
      }
    ],
    "weaknesses": [
      {
        "type": "Metal",
        "value": "×2"
      }
    ],
    "resistances": [
      {
        "type": "Darkness",
        "value": "-20"
      }
    ],
    "retreatCost": [
      "Colorless"
    ],
    "convertedRetreatCost": 1,
    "number": "24",
    "artist": "5ban Graphics",
    "flavorText": "To entangle its opponents in battle, it extrudes white threads as sweet and sticky as cotton candy.",
    "nationalPokedexNumbers": [
      684
    ],
    "legalities": {
      "unlimited": "Legal",
      "expanded": "Legal"
    },
    "images": {
      "small": "https://images.pokemontcg.io/xy0/24.png",
      "large": "https://images.pokemontcg.io/xy0/24_hires.png"
    }
  },
  {
    "id": "xy0-25",
    "name": "Farfetch'd",
    "supertype": "Pokémon",
    "subtypes": [
      "Basic"
    ],
    "hp": "70",
    "types": [
      "Colorless"
    ],
    "evolvesTo": [
      "Sirfetch'd"
    ],
    "attacks": [
      {
        "name": "Slash",
        "cost": [
          "Colorless"
        ],
        "convertedEnergyCost": 1,
        "damage": "30",
        "text": ""
      }
    ],
    "weaknesses": [
      {
        "type": "Lightning",
        "value": "×2"
      }
    ],
    "resistances": [
      {
        "type": "Fighting",
        "value": "-20"
      }
    ],
    "retreatCost": [
      "Colorless"
    ],
    "convertedRetreatCost": 1,
    "number": "25",
    "artist": "Kagemaru Himeno",
    "flavorText": "The plant stalk it holds is its weapon. The stalk is used like a sword to cut all sorts of things.",
    "nationalPokedexNumbers": [
      83
    ],
    "legalities": {
      "unlimited": "Legal",
      "expanded": "Legal"
    },
    "images": {
      "small": "https://images.pokemontcg.io/xy0/25.png",
      "large": "https://images.pokemontcg.io/xy0/25_hires.png"
    }
  },
  {
    "id": "xy0-26",
    "name": "Snorlax",
    "supertype": "Pokémon",
    "subtypes": [
      "Basic"
    ],
    "hp": "120",
    "types": [
      "Colorless"
    ],
    "attacks": [
      {
        "name": "Rock Smash",
        "cost": [
          "Colorless",
          "Colorless",
          "Colorless"
        ],
        "convertedEnergyCost": 3,
        "damage": "10+",
        "text": "Flip a coin. If heads, this attack does 30 more damage."
      },
      {
        "name": "Strength",
        "cost": [
          "Colorless",
          "Colorless",
          "Colorless",
          "Colorless"
        ],
        "convertedEnergyCost": 4,
        "damage": "70",
        "text": ""
      }
    ],
    "weaknesses": [
      {
        "type": "Fighting",
        "value": "×2"
      }
    ],
    "retreatCost": [
      "Colorless",
      "Colorless",
      "Colorless",
      "Colorless"
    ],
    "convertedRetreatCost": 4,
    "number": "26",
    "artist": "Naoki Saito",
    "flavorText": "It is not satisfied unless it eats over 880 pounds of food every day. When it is done eating, it goes promptly to sleep.",
    "nationalPokedexNumbers": [
      143
    ],
    "legalities": {
      "unlimited": "Legal",
      "expanded": "Legal"
    },
    "images": {
      "small": "https://images.pokemontcg.io/xy0/26.png",
      "large": "https://images.pokemontcg.io/xy0/26_hires.png"
    }
  },
  {
    "id": "xy0-27",
    "name": "Miltank",
    "supertype": "Pokémon",
    "subtypes": [
      "Basic"
    ],
    "hp": "100",
    "types": [
      "Colorless"
    ],
    "attacks": [
      {
        "name": "Sitdown Splash",
        "cost": [
          "Colorless",
          "Colorless",
          "Colorless"
        ],
        "convertedEnergyCost": 3,
        "damage": "50+",
        "text": "Flip a coin. If heads, this attack does 20 more damage."
      }
    ],
    "weaknesses": [
      {
        "type": "Fighting",
        "value": "×2"
      }
    ],
    "retreatCost": [
      "Colorless",
      "Colorless",
      "Colorless"
    ],
    "convertedRetreatCost": 3,
    "number": "27",
    "artist": "Akira Komayama",
    "flavorText": "If it is around babies, it milk it produces contains much more nutrition than usual.",
    "nationalPokedexNumbers": [
      241
    ],
    "legalities": {
      "unlimited": "Legal",
      "expanded": "Legal"
    },
    "images": {
      "small": "https://images.pokemontcg.io/xy0/27.png",
      "large": "https://images.pokemontcg.io/xy0/27_hires.png"
    }
  },
  {
    "id": "xy0-28",
    "name": "Skitty",
    "supertype": "Pokémon",
    "subtypes": [
      "Basic"
    ],
    "hp": "60",
    "types": [
      "Colorless"
    ],
    "evolvesTo": [
      "Delcatty"
    ],
    "attacks": [
      {
        "name": "Jump On",
        "cost": [
          "Colorless",
          "Colorless"
        ],
        "convertedEnergyCost": 2,
        "damage": "20+",
        "text": "Flip a coin. If heads, this attack does 20 more damage."
      }
    ],
    "weaknesses": [
      {
        "type": "Fighting",
        "value": "×2"
      }
    ],
    "retreatCost": [
      "Colorless"
    ],
    "convertedRetreatCost": 1,
    "number": "28",
    "artist": "Shin Nagasawa",
    "flavorText": "It can't stop itself from chasing moving things, and it runs in a circle, chasing its own tail.",
    "nationalPokedexNumbers": [
      300
    ],
    "legalities": {
      "unlimited": "Legal",
      "expanded": "Legal"
    },
    "images": {
      "small": "https://images.pokemontcg.io/xy0/28.png",
      "large": "https://images.pokemontcg.io/xy0/28_hires.png"
    }
  },
  {
    "id": "xy0-29",
    "name": "Bidoof",
    "supertype": "Pokémon",
    "subtypes": [
      "Basic"
    ],
    "hp": "70",
    "types": [
      "Colorless"
    ],
    "evolvesTo": [
      "Bibarel"
    ],
    "attacks": [
      {
        "name": "Rollout",
        "cost": [
          "Colorless",
          "Colorless",
          "Colorless"
        ],
        "convertedEnergyCost": 3,
        "damage": "60",
        "text": ""
      }
    ],
    "weaknesses": [
      {
        "type": "Fighting",
        "value": "×2"
      }
    ],
    "retreatCost": [
      "Colorless",
      "Colorless"
    ],
    "convertedRetreatCost": 2,
    "number": "29",
    "artist": "Kouki Saitou",
    "flavorText": "With nerves of steel, nothing can perturb it. It is more agile and active than it appears.",
    "nationalPokedexNumbers": [
      399
    ],
    "legalities": {
      "unlimited": "Legal",
      "expanded": "Legal"
    },
    "images": {
      "small": "https://images.pokemontcg.io/xy0/29.png",
      "large": "https://images.pokemontcg.io/xy0/29_hires.png"
    }
  },
  {
    "id": "xy0-30",
    "name": "Bunnelby",
    "supertype": "Pokémon",
    "subtypes": [
      "Basic"
    ],
    "hp": "60",
    "types": [
      "Colorless"
    ],
    "evolvesTo": [
      "Diggersby"
    ],
    "attacks": [
      {
        "name": "Tackle",
        "cost": [
          "Colorless",
          "Colorless"
        ],
        "convertedEnergyCost": 2,
        "damage": "20",
        "text": ""
      }
    ],
    "weaknesses": [
      {
        "type": "Fighting",
        "value": "×2"
      }
    ],
    "retreatCost": [
      "Colorless"
    ],
    "convertedRetreatCost": 1,
    "number": "30",
    "artist": "5ban Graphics",
    "flavorText": "They use their large ears to dig burrows. They will dig the whole night through.",
    "nationalPokedexNumbers": [
      659
    ],
    "legalities": {
      "unlimited": "Legal",
      "expanded": "Legal"
    },
    "images": {
      "small": "https://images.pokemontcg.io/xy0/30.png",
      "large": "https://images.pokemontcg.io/xy0/30_hires.png"
    }
  },
  {
    "id": "xy0-31",
    "name": "Fletchling",
    "supertype": "Pokémon",
    "subtypes": [
      "Basic"
    ],
    "hp": "50",
    "types": [
      "Colorless"
    ],
    "evolvesTo": [
      "Fletchinder"
    ],
    "attacks": [
      {
        "name": "Razor Wind",
        "cost": [
          "Colorless"
        ],
        "convertedEnergyCost": 1,
        "damage": "20",
        "text": "Flip a coin. If tails, this attack does nothing."
      }
    ],
    "weaknesses": [
      {
        "type": "Lightning",
        "value": "×2"
      }
    ],
    "resistances": [
      {
        "type": "Fighting",
        "value": "-20"
      }
    ],
    "retreatCost": [
      "Colorless"
    ],
    "convertedRetreatCost": 1,
    "number": "31",
    "artist": "5ban Graphics",
    "flavorText": "These friendly Pokémon send signals to one another with beautiful chirps and tail-feather movements.",
    "nationalPokedexNumbers": [
      661
    ],
    "legalities": {
      "unlimited": "Legal",
      "expanded": "Legal"
    },
    "images": {
      "small": "https://images.pokemontcg.io/xy0/31.png",
      "large": "https://images.pokemontcg.io/xy0/31_hires.png"
    }
  },
  {
    "id": "xy0-32",
    "name": "Furfrou",
    "supertype": "Pokémon",
    "subtypes": [
      "Basic"
    ],
    "hp": "90",
    "types": [
      "Colorless"
    ],
    "attacks": [
      {
        "name": "Tight Jaw",
        "cost": [
          "Colorless",
          "Colorless"
        ],
        "convertedEnergyCost": 2,
        "damage": "20",
        "text": "Flip a coin. If heads, your opponent's Active Pokémon is now Paralyzed."
      },
      {
        "name": "Sharp Fang",
        "cost": [
          "Colorless",
          "Colorless",
          "Colorless"
        ],
        "convertedEnergyCost": 3,
        "damage": "50",
        "text": ""
      }
    ],
    "weaknesses": [
      {
        "type": "Fighting",
        "value": "×2"
      }
    ],
    "retreatCost": [
      "Colorless"
    ],
    "convertedRetreatCost": 1,
    "number": "32",
    "artist": "5ban Graphics",
    "flavorText": "Trimming its fluffy fur not only makes it more elegant but also increases the swiftness of its movements.",
    "nationalPokedexNumbers": [
      676
    ],
    "legalities": {
      "unlimited": "Legal",
      "expanded": "Legal"
    },
    "images": {
      "small": "https://images.pokemontcg.io/xy0/32.png",
      "large": "https://images.pokemontcg.io/xy0/32_hires.png"
    }
  },
  {
    "id": "xy0-33",
    "name": "Furfrou",
    "supertype": "Pokémon",
    "subtypes": [
      "Basic"
    ],
    "hp": "90",
    "types": [
      "Colorless"
    ],
    "attacks": [
      {
        "name": "Tight Jaw",
        "cost": [
          "Colorless",
          "Colorless"
        ],
        "convertedEnergyCost": 2,
        "damage": "20",
        "text": "Flip a coin. If heads, your opponent's Active Pokémon is now Paralyzed."
      },
      {
        "name": "Sharp Fang",
        "cost": [
          "Colorless",
          "Colorless",
          "Colorless"
        ],
        "convertedEnergyCost": 3,
        "damage": "50",
        "text": ""
      }
    ],
    "weaknesses": [
      {
        "type": "Fighting",
        "value": "×2"
      }
    ],
    "retreatCost": [
      "Colorless"
    ],
    "convertedRetreatCost": 1,
    "number": "33",
    "artist": "5ban Graphics",
    "flavorText": "Trimming its fluffy fur not only makes it more elegant but also increases the swiftness of its movements.",
    "nationalPokedexNumbers": [
      676
    ],
    "legalities": {
      "unlimited": "Legal",
      "expanded": "Legal"
    },
    "images": {
      "small": "https://images.pokemontcg.io/xy0/33.png",
      "large": "https://images.pokemontcg.io/xy0/33_hires.png"
    }
  },
  {
    "id": "xy0-34",
    "name": "Crushing Hammer",
    "supertype": "Trainer",
    "subtypes": [
      "Item"
    ],
    "rules": [
      "Flip a coin. If heads, discard an Energy attached to 1 of your opponent's Pokémon.",
      "You may play as many Item cards as you like during your turn (before your attack)."
    ],
    "number": "34",
    "artist": "5ban Graphics",
    "legalities": {
      "unlimited": "Legal",
      "standard": "Legal",
      "expanded": "Legal"
    },
    "images": {
      "small": "https://images.pokemontcg.io/xy0/34.png",
      "large": "https://images.pokemontcg.io/xy0/34_hires.png"
    }
  },
  {
    "id": "xy0-35",
    "name": "Poké Ball",
    "supertype": "Trainer",
    "subtypes": [
      "Item"
    ],
    "rules": [
      "Flip a coin. If heads, search your deck for a Pokémon, reveal it, and put it into your hand. Shuffle your deck afterward.",
      "You may play as many Item cards as you like during your turn (before your attack)."
    ],
    "number": "35",
    "artist": "5ban Graphics",
    "legalities": {
      "unlimited": "Legal",
      "standard": "Legal",
      "expanded": "Legal"
    },
    "images": {
      "small": "https://images.pokemontcg.io/xy0/35.png",
      "large": "https://images.pokemontcg.io/xy0/35_hires.png"
    }
  },
  {
    "id": "xy0-36",
    "name": "Pokémon Catcher",
    "supertype": "Trainer",
    "subtypes": [
      "Item"
    ],
    "rules": [
      "Flip a coin. If heads, switch 1 of your opponent's Benched Pokémon with his or her Active Pokémon.",
      "You may play as many Item cards as you like during your turn (before your attack)."
    ],
    "number": "36",
    "artist": "5ban Graphics",
    "legalities": {
      "unlimited": "Legal",
      "standard": "Legal",
      "expanded": "Legal"
    },
    "images": {
      "small": "https://images.pokemontcg.io/xy0/36.png",
      "large": "https://images.pokemontcg.io/xy0/36_hires.png"
    }
  },
  {
    "id": "xy0-37",
    "name": "Potion",
    "supertype": "Trainer",
    "subtypes": [
      "Item"
    ],
    "rules": [
      "Heal 30 damage from 1 of your Pokémon.",
      "You may play as many Item cards as you like during your turn (before your attack)."
    ],
    "number": "37",
    "artist": "5ban Graphics",
    "legalities": {
      "unlimited": "Legal",
      "standard": "Legal",
      "expanded": "Legal"
    },
    "images": {
      "small": "https://images.pokemontcg.io/xy0/37.png",
      "large": "https://images.pokemontcg.io/xy0/37_hires.png"
    }
  },
  {
    "id": "xy0-38",
    "name": "Switch",
    "supertype": "Trainer",
    "subtypes": [
      "Item"
    ],
    "rules": [
      "Switch your Active Pokémon with 1 of your Benched Pokémon.",
      "You may play as many Item cards as you like during your turn (before your attack)."
    ],
    "number": "38",
    "artist": "5ban Graphics",
    "legalities": {
      "unlimited": "Legal",
      "standard": "Legal",
      "expanded": "Legal"
    },
    "images": {
      "small": "https://images.pokemontcg.io/xy0/38.png",
      "large": "https://images.pokemontcg.io/xy0/38_hires.png"
    }
  },
  {
    "id": "xy0-39",
    "name": "Tierno",
    "supertype": "Trainer",
    "subtypes": [
      "Supporter"
    ],
    "rules": [
      "Draw 3 cards.",
      "You may play only 1 Supporter card during your turn (before your attack)."
    ],
    "number": "39",
    "artist": "Ken Sugimori",
    "legalities": {
      "unlimited": "Legal",
      "expanded": "Legal"
    },
    "images": {
      "small": "https://images.pokemontcg.io/xy0/39.png",
      "large": "https://images.pokemontcg.io/xy0/39_hires.png"
    }
  }
]
