[
  {
    "id": "d-base1-1",
    "name": "2-Player Starter Set",
    "types": [
      "Fire",
      "Fighting",
      "Colorless"
    ],
    "cards": [
      {
        "id": "base1-47",
        "name": "Diglett",
        "rarity": "Common",
        "count": 3
      },
      {
        "id": "base1-52",
        "name": "Machop",
        "rarity": "Common",
        "count": 4
      },
      {
        "id": "base1-34",
        "name": "Machoke",
        "rarity": "Uncommon",
        "count": 2
      },
      {
        "id": "base1-8",
        "name": "Machamp",
        "rarity": "Rare Holo",
        "count": 1
      },
      {
        "id": "base1-60",
        "name": "Ponyta",
        "rarity": "Common",
        "count": 4
      },
      {
        "id": "base1-46",
        "name": "Charmander",
        "rarity": "Common",
        "count": 4
      },
      {
        "id": "base1-24",
        "name": "Charmeleon",
        "rarity": "Uncommon",
        "count": 2
      },
      {
        "id": "base1-28",
        "name": "Growlithe",
        "rarity": "Uncommon",
        "count": 1
      },
      {
        "id": "base1-61",
        "name": "Rattata",
        "rarity": "Common",
        "count": 2
      },
      {
        "id": "base1-26",
        "name": "Dratini",
        "rarity": "Uncommon",
        "count": 1
      },
      {
        "id": "base1-91",
        "name": "Bill",
        "rarity": "Common",
        "count": 1
      },
      {
        "id": "base1-92",
        "name": "Energy Removal",
        "rarity": "Common",
        "count": 1
      },
      {
        "id": "base1-81",
        "name": "Energy Retrieval",
        "rarity": "Uncommon",
        "count": 1
      },
      {
        "id": "base1-93",
        "name": "Gust of Wind",
        "rarity": "Common",
        "count": 1
      },
      {
        "id": "base1-87",
        "name": "Pokédex",
        "rarity": "Uncommon",
        "count": 1
      },
      {
        "id": "base1-94",
        "name": "Potion",
        "rarity": "Common",
        "count": 2
      },
      {
        "id": "base1-95",
        "name": "Switch",
        "rarity": "Common",
        "count": 2
      },
      {
        "id": "base1-97",
        "name": "Fighting Energy",
        "count": 14
      },
      {
        "id": "base1-98",
        "name": "Fire Energy",
        "count": 14
      }
    ]
  },
  {
    "id": "d-base1-2",
    "name": "Overgrowth",
    "types": [
      "Water",
      "Grass"
    ],
    "cards": [
      {
        "id": "base1-44",
        "name": "Bulbasaur",
        "rarity": "Common",
        "count": 4
      },
      {
        "id": "base1-30",
        "name": "Ivysaur",
        "rarity": "Uncommon",
        "count": 2
      },
      {
        "id": "base1-69",
        "name": "Weedle",
        "rarity": "Common",
        "count": 4
      },
      {
        "id": "base1-33",
        "name": "Kakuna",
        "rarity": "Uncommon",
        "count": 2
      },
      {
        "id": "base1-17",
        "name": "Beedrill",
        "rarity": "Rare",
        "count": 1
      },
      {
        "id": "base1-65",
        "name": "Staryu",
        "rarity": "Common",
        "count": 4
      },
      {
        "id": "base1-64",
        "name": "Starmie",
        "rarity": "Common",
        "count": 3
      },
      {
        "id": "base1-35",
        "name": "Magikarp",
        "rarity": "Uncommon",
        "count": 2
      },
      {
        "id": "base1-6",
        "name": "Gyarados",
        "rarity": "Rare Holo",
        "count": 1
      },
      {
        "id": "base1-91",
        "name": "Bill",
        "rarity": "Common",
        "count": 2
      },
      {
        "id": "base1-93",
        "name": "Gust of Wind",
        "rarity": "Common",
        "count": 2
      },
      {
        "id": "base1-94",
        "name": "Potion",
        "rarity": "Common",
        "count": 1
      },
      {
        "id": "base1-90",
        "name": "Super Potion",
        "rarity": "Uncommon",
        "count": 2
      },
      {
        "id": "base1-95",
        "name": "Switch",
        "rarity": "Common",
        "count": 2
      },
      {
        "id": "base1-99",
        "name": "Grass Energy",
        "count": 16
      },
      {
        "id": "base1-102",
        "name": "Water Energy",
        "count": 12
      }
    ]
  },
  {
    "id": "d-base1-3",
    "name": "Zap!",
    "types": [
      "Lightning",
      "Psychic"
    ],
    "cards": [
      {
        "id": "base1-58",
        "name": "Pikachu",
        "rarity": "Common",
        "count": 4
      },
      {
        "id": "base1-53",
        "name": "Magnemite",
        "rarity": "Common",
        "count": 3
      },
      {
        "id": "base1-43",
        "name": "Abra",
        "rarity": "Common",
        "count": 3
      },
      {
        "id": "base1-32",
        "name": "Kadabra",
        "rarity": "Uncommon",
        "count": 1
      },
      {
        "id": "base1-50",
        "name": "Gastly",
        "rarity": "Common",
        "count": 3
      },
      {
        "id": "base1-29",
        "name": "Haunter",
        "rarity": "Uncommon",
        "count": 2
      },
      {
        "id": "base1-49",
        "name": "Drowzee",
        "rarity": "Common",
        "count": 2
      },
      {
        "id": "base1-31",
        "name": "Jynx",
        "rarity": "Uncommon",
        "count": 2
      },
      {
        "id": "base1-10",
        "name": "Mewtwo",
        "rarity": "Rare Holo",
        "count": 1
      },
      {
        "id": "base1-91",
        "name": "Bill",
        "rarity": "Common",
        "count": 2
      },
      {
        "id": "base1-71",
        "name": "Computer Search",
        "rarity": "Rare",
        "count": 1
      },
      {
        "id": "base1-80",
        "name": "Defender",
        "rarity": "Uncommon",
        "count": 1
      },
      {
        "id": "base1-93",
        "name": "Gust of Wind",
        "rarity": "Common",
        "count": 2
      },
      {
        "id": "base1-94",
        "name": "Potion",
        "rarity": "Common",
        "count": 1
      },
      {
        "id": "base1-88",
        "name": "Professor Oak",
        "rarity": "Uncommon",
        "count": 1
      },
      {
        "id": "base1-90",
        "name": "Super Potion",
        "rarity": "Uncommon",
        "count": 1
      },
      {
        "id": "base1-95",
        "name": "Switch",
        "rarity": "Common",
        "count": 2
      },
      {
        "id": "base1-100",
        "name": "Lightning Energy",
        "count": 12
      },
      {
        "id": "base1-101",
        "name": "Psychic Energy",
        "count": 16
      }
    ]
  },
  {
    "id": "d-base1-4",
    "name": "Brushfire",
    "types": [
      "Fire",
      "Grass"
    ],
    "cards": [
      {
        "id": "base1-46",
        "name": "Charmander",
        "rarity": "Common",
        "count": 4
      },
      {
        "id": "base1-24",
        "name": "Charmeleon",
        "rarity": "Uncommon",
        "count": 2
      },
      {
        "id": "base1-68",
        "name": "Vulpix",
        "rarity": "Common",
        "count": 2
      },
      {
        "id": "base1-12",
        "name": "Ninetales",
        "rarity": "Rare Holo",
        "count": 1
      },
      {
        "id": "base1-28",
        "name": "Growlithe",
        "rarity": "Uncommon",
        "count": 2
      },
      {
        "id": "base1-23",
        "name": "Arcanine",
        "rarity": "Uncommon",
        "count": 1
      },
      {
        "id": "base1-69",
        "name": "Weedle",
        "rarity": "Common",
        "count": 4
      },
      {
        "id": "base1-55",
        "name": "Nidoran♂",
        "rarity": "Common",
        "count": 4
      },
      {
        "id": "base1-66",
        "name": "Tangela",
        "rarity": "Common",
        "count": 2
      },
      {
        "id": "base1-92",
        "name": "Energy Removal",
        "rarity": "Common",
        "count": 1
      },
      {
        "id": "base1-81",
        "name": "Energy Retrieval",
        "rarity": "Uncommon",
        "count": 2
      },
      {
        "id": "base1-93",
        "name": "Gust of Wind",
        "rarity": "Common",
        "count": 1
      },
      {
        "id": "base1-75",
        "name": "Lass",
        "rarity": "Rare",
        "count": 1
      },
      {
        "id": "base1-84",
        "name": "PlusPower",
        "rarity": "Uncommon",
        "count": 1
      },
      {
        "id": "base1-94",
        "name": "Potion",
        "rarity": "Common",
        "count": 3
      },
      {
        "id": "base1-95",
        "name": "Switch",
        "rarity": "Common",
        "count": 1
      },
      {
        "id": "base1-98",
        "name": "Fire Energy",
        "count": 18
      },
      {
        "id": "base1-99",
        "name": "Grass Energy",
        "count": 10
      }
    ]
  },
  {
    "id": "d-base1-5",
    "name": "Blackout",
    "types": [
      "Water",
      "Fighting"
    ],
    "cards": [
      {
        "id": "base1-62",
        "name": "Sandshrew",
        "rarity": "Common",
        "count": 3
      },
      {
        "id": "base1-52",
        "name": "Machop",
        "rarity": "Common",
        "count": 4
      },
      {
        "id": "base1-34",
        "name": "Machoke",
        "rarity": "Uncommon",
        "count": 2
      },
      {
        "id": "base1-56",
        "name": "Onix",
        "rarity": "Common",
        "count": 3
      },
      {
        "id": "base1-7",
        "name": "Hitmonchan",
        "rarity": "Rare Holo",
        "count": 1
      },
      {
        "id": "base1-63",
        "name": "Squirtle",
        "rarity": "Common",
        "count": 4
      },
      {
        "id": "base1-42",
        "name": "Wartortle",
        "rarity": "Uncommon",
        "count": 2
      },
      {
        "id": "base1-65",
        "name": "Staryu",
        "rarity": "Common",
        "count": 3
      },
      {
        "id": "base1-27",
        "name": "Farfetch'd",
        "rarity": "Uncommon",
        "count": 2
      },
      {
        "id": "base1-92",
        "name": "Energy Removal",
        "rarity": "Common",
        "count": 4
      },
      {
        "id": "base1-93",
        "name": "Gust of Wind",
        "rarity": "Common",
        "count": 1
      },
      {
        "id": "base1-84",
        "name": "PlusPower",
        "rarity": "Uncommon",
        "count": 1
      },
      {
        "id": "base1-88",
        "name": "Professor Oak",
        "rarity": "Uncommon",
        "count": 1
      },
      {
        "id": "base1-79",
        "name": "Super Energy Removal",
        "rarity": "Rare",
        "count": 1
      },
      {
        "id": "base1-97",
        "name": "Fighting Energy",
        "count": 16
      },
      {
        "id": "base1-102",
        "name": "Water Energy",
        "count": 12
      }
    ]
  }
]