[
  {
    "id": "d-base4-1",
    "name": "2-Player CD-ROM Starter Set",
    "types": [
      "Fighting",
      "Water",
      "Colorless"
    ],
    "cards": [
      {
        "id": "base4-71",
        "name": "Diglett",
        "rarity": "Common",
        "count": 3
      },
      {
        "id": "base4-78",
        "name": "Machop",
        "rarity": "Common",
        "count": 3
      },
      {
        "id": "base4-49",
        "name": "Machoke",
        "rarity": "Uncommon",
        "count": 2
      },
      {
        "id": "base1-8",
        "name": "Machamp",
        "rarity": "Rare Holo",
        "count": 1
      },
      {
        "id": "base4-61",
        "name": "Seel",
        "rarity": "Common",
        "count": 2
      },
      {
        "id": "base4-76",
        "name": "Goldeen",
        "rarity": "Common",
        "count": 4
      },
      {
        "id": "base4-60",
        "name": "Seaking",
        "rarity": "Uncommon",
        "count": 2
      },
      {
        "id": "base4-95",
        "name": "Staryu",
        "rarity": "Common",
        "count": 3
      },
      {
        "id": "base4-80",
        "name": "Meowth",
        "rarity": "Common",
        "count": 2
      },
      {
        "id": "base4-72",
        "name": "Doduo",
        "rarity": "Common",
        "count": 2
      },
      {
        "id": "base4-38",
        "name": "Dratini",
        "rarity": "Uncommon",
        "count": 1
      },
      {
        "id": "base4-118",
        "name": "Bill",
        "rarity": "Common",
        "count": 1
      },
      {
        "id": "base4-119",
        "name": "Energy Removal",
        "rarity": "Common",
        "count": 2
      },
      {
        "id": "base4-120",
        "name": "Gust of Wind",
        "rarity": "Common",
        "count": 1
      },
      {
        "id": "base4-121",
        "name": "Poké Ball",
        "rarity": "Common",
        "count": 2
      },
      {
        "id": "base4-115",
        "name": "Pokédex",
        "rarity": "Uncommon",
        "count": 1
      },
      {
        "id": "base4-123",
        "name": "Switch",
        "rarity": "Common",
        "count": 1
      },
      {
        "id": "base4-125",
        "name": "Fighting Energy",
        "count": 14
      },
      {
        "id": "base4-130",
        "name": "Water Energy",
        "count": 14
      }
    ]
  },
  {
    "id": "d-base4-2",
    "name": "Grass Chopper",
    "types": [
      "Fighting",
      "Grass"
    ],
    "cards": [
      {
        "id": "base4-91",
        "name": "Sandshrew",
        "rarity": "Common",
        "count": 4
      },
      {
        "id": "base4-78",
        "name": "Machop",
        "rarity": "Common",
        "count": 4
      },
      {
        "id": "base4-49",
        "name": "Machoke",
        "rarity": "Uncommon",
        "count": 2
      },
      {
        "id": "base4-83",
        "name": "Nidoran♂",
        "rarity": "Common",
        "count": 2
      },
      {
        "id": "base4-82",
        "name": "Nidoran♀",
        "rarity": "Common",
        "count": 3
      },
      {
        "id": "base4-53",
        "name": "Nidorina",
        "rarity": "Common",
        "count": 1
      },
      {
        "id": "base4-66",
        "name": "Bellsprout",
        "rarity": "Common",
        "count": 4
      },
      {
        "id": "base4-64",
        "name": "Weepinbell",
        "rarity": "Uncommon",
        "count": 2
      },
      {
        "id": "base4-6",
        "name": "Clefairy",
        "rarity": "Rare Holo",
        "count": 1
      },
      {
        "id": "base4-119",
        "name": "Energy Removal",
        "rarity": "Common",
        "count": 1
      },
      {
        "id": "base4-120",
        "name": "Gust of Wind",
        "rarity": "Common",
        "count": 1
      },
      {
        "id": "base4-113",
        "name": "PlusPower",
        "rarity": "Uncommon",
        "count": 2
      },
      {
        "id": "base4-122",
        "name": "Potion",
        "rarity": "Common",
        "count": 3
      },
      {
        "id": "base4-108",
        "name": "Super Energy Removal",
        "rarity": "Rare",
        "count": 1
      },
      {
        "id": "base4-117",
        "name": "Super Potion",
        "rarity": "Uncommon",
        "count": 1
      },
      {
        "id": "base4-125",
        "name": "Fighting Energy",
        "count": 14
      },
      {
        "id": "base4-127",
        "name": "Grass Energy",
        "count": 14
      }
    ]
  },
  {
    "id": "d-base4-3",
    "name": "Hot Water",
    "types": [
      "Fire",
      "Water"
    ],
    "cards": [
      {
        "id": "base4-69",
        "name": "Charmander",
        "rarity": "Common",
        "count": 3
      },
      {
        "id": "base4-35",
        "name": "Charmeleon",
        "rarity": "Uncommon",
        "count": 1
      },
      {
        "id": "base4-51",
        "name": "Magmar",
        "rarity": "Uncommon",
        "count": 2
      },
      {
        "id": "base4-88",
        "name": "Poliwag",
        "rarity": "Common",
        "count": 4
      },
      {
        "id": "base4-57",
        "name": "Poliwhirl",
        "rarity": "Uncommon",
        "count": 2
      },
      {
        "id": "base4-15",
        "name": "Poliwrath",
        "rarity": "Rare Holo",
        "count": 1
      },
      {
        "id": "base4-76",
        "name": "Goldeen",
        "rarity": "Common",
        "count": 3
      },
      {
        "id": "base4-72",
        "name": "Doduo",
        "rarity": "Common",
        "count": 3
      },
      {
        "id": "base4-37",
        "name": "Dodrio",
        "rarity": "Uncommon",
        "count": 1
      },
      {
        "id": "base4-119",
        "name": "Energy Removal",
        "rarity": "Common",
        "count": 3
      },
      {
        "id": "base4-110",
        "name": "Energy Retrieval",
        "rarity": "Uncommon",
        "count": 2
      },
      {
        "id": "base4-120",
        "name": "Gust of Wind",
        "rarity": "Common",
        "count": 1
      },
      {
        "id": "base4-121",
        "name": "Poké Ball",
        "rarity": "Common",
        "count": 2
      },
      {
        "id": "base4-106",
        "name": "Pokémon Trader",
        "rarity": "Rare",
        "count": 1
      },
      {
        "id": "base4-122",
        "name": "Potion",
        "rarity": "Common",
        "count": 3
      },
      {
        "id": "base4-126",
        "name": "Fire Energy",
        "count": 13
      },
      {
        "id": "base4-130",
        "name": "Water Energy",
        "count": 15
      }
    ]
  },
  {
    "id": "d-base4-4",
    "name": "Lightning Bug",
    "types": [
      "Lightning",
      "Grass"
    ],
    "cards": [
      {
        "id": "base4-68",
        "name": "Caterpie",
        "rarity": "Common",
        "count": 4
      },
      {
        "id": "base4-81",
        "name": "Metapod",
        "rarity": "Common",
        "count": 1
      },
      {
        "id": "base4-100",
        "name": "Weedle",
        "rarity": "Common",
        "count": 4
      },
      {
        "id": "base4-47",
        "name": "Kakuna",
        "rarity": "Uncommon",
        "count": 2
      },
      {
        "id": "base4-21",
        "name": "Beedrill",
        "rarity": "Rare",
        "count": 1
      },
      {
        "id": "base4-87",
        "name": "Pikachu",
        "rarity": "Common",
        "count": 4
      },
      {
        "id": "base4-79",
        "name": "Magnemite",
        "rarity": "Common",
        "count": 3
      },
      {
        "id": "base4-3",
        "name": "Chansey",
        "rarity": "Rare Holo",
        "count": 1
      },
      {
        "id": "base4-118",
        "name": "Bill",
        "rarity": "Common",
        "count": 3
      },
      {
        "id": "base4-109",
        "name": "Defender",
        "rarity": "Uncommon",
        "count": 2
      },
      {
        "id": "base4-110",
        "name": "Energy Retrieval",
        "rarity": "Uncommon",
        "count": 2
      },
      {
        "id": "base4-120",
        "name": "Gust of Wind",
        "rarity": "Common",
        "count": 2
      },
      {
        "id": "base4-113",
        "name": "PlusPower",
        "rarity": "Uncommon",
        "count": 1
      },
      {
        "id": "base4-115",
        "name": "Pokédex",
        "rarity": "Uncommon",
        "count": 1
      },
      {
        "id": "base4-123",
        "name": "Switch",
        "rarity": "Common",
        "count": 1
      },
      {
        "id": "base4-127",
        "name": "Grass Energy",
        "count": 16
      },
      {
        "id": "base4-128",
        "name": "Lightning Energy",
        "count": 12
      }
    ]
  },
  {
    "id": "d-base4-5",
    "name": "Psych Out",
    "types": [
      "Psychic",
      "Water"
    ],
    "cards": [
      {
        "id": "base4-65",
        "name": "Abra",
        "rarity": "Common",
        "count": 3
      },
      {
        "id": "base4-46",
        "name": "Kadabra",
        "rarity": "Uncommon",
        "count": 1
      },
      {
        "id": "base4-73",
        "name": "Drowzee",
        "rarity": "Common",
        "count": 2
      },
      {
        "id": "base4-45",
        "name": "Jynx",
        "rarity": "Uncommon",
        "count": 2
      },
      {
        "id": "base4-93",
        "name": "Squirtle",
        "rarity": "Common",
        "count": 4
      },
      {
        "id": "base4-63",
        "name": "Wartortle",
        "rarity": "Uncommon",
        "count": 1
      },
      {
        "id": "base4-61",
        "name": "Seel",
        "rarity": "Uncommon",
        "count": 1
      },
      {
        "id": "base4-95",
        "name": "Staryu",
        "rarity": "Common",
        "count": 3
      },
      {
        "id": "base4-94",
        "name": "Starmie",
        "rarity": "Common",
        "count": 1
      },
      {
        "id": "base4-77",
        "name": "Jigglypuff",
        "rarity": "Common",
        "count": 3
      },
      {
        "id": "base4-19",
        "name": "Wigglytuff",
        "rarity": "Rare Holo",
        "count": 1
      },
      {
        "id": "base4-101",
        "name": "Computer Search",
        "rarity": "Rare",
        "count": 1
      },
      {
        "id": "base4-109",
        "name": "Defender",
        "rarity": "Uncommon",
        "count": 2
      },
      {
        "id": "base4-120",
        "name": "Gust of Wind",
        "rarity": "Common",
        "count": 3
      },
      {
        "id": "base4-122",
        "name": "Potion",
        "rarity": "Common",
        "count": 1
      },
      {
        "id": "base4-117",
        "name": "Super Potion",
        "rarity": "Uncommon",
        "count": 1
      },
      {
        "id": "base4-123",
        "name": "Switch",
        "rarity": "Common",
        "count": 2
      },
      {
        "id": "base4-129",
        "name": "Psychic Energy",
        "count": 13
      },
      {
        "id": "base4-130",
        "name": "Water Energy",
        "count": 15
      }
    ]
  },
  {
    "id": "d-base4-6",
    "name": "Thunderstorm",
    "types": [
      "Water",
      "Lightning"
    ],
    "cards": [
      {
        "id": "base1-20",
        "name": "Electabuzz",
        "rarity": "Rare",
        "count": 1
      },
      {
        "id": "gym1-84",
        "name": "Lt. Surge's Voltorb",
        "rarity": "Common",
        "count": 1
      },
      {
        "id": "base1-53",
        "name": "Magnemite",
        "rarity": "Common",
        "count": 2
      },
      {
        "id": "base2-60",
        "name": "Pikachu",
        "rarity": "Common",
        "count": 4
      },
      {
        "id": "base3-29",
        "name": "Raichu",
        "rarity": "Rare",
        "count": 1
      },
      {
        "id": "base3-15",
        "name": "Zapdos",
        "rarity": "Rare Holo",
        "count": 1
      },
      {
        "id": "gym1-87",
        "name": "Misty's Poliwag",
        "rarity": "Common",
        "count": 1
      },
      {
        "id": "base3-53",
        "name": "Psyduck",
        "rarity": "Common",
        "count": 2
      },
      {
        "id": "base5-65",
        "name": "Psyduck",
        "rarity": "Common",
        "count": 1
      },
      {
        "id": "base3-35",
        "name": "Golduck",
        "rarity": "Uncommon",
        "count": 1
      },
      {
        "id": "base1-48",
        "name": "Doduo",
        "rarity": "Common",
        "count": 1
      },
      {
        "id": "base1-27",
        "name": "Farfetch'd",
        "rarity": "Uncommon",
        "count": 1
      },
      {
        "id": "base2-62",
        "name": "Spearow",
        "rarity": "Common",
        "count": 2
      },
      {
        "id": "base2-36",
        "name": "Fearow",
        "rarity": "Uncommon",
        "count": 1
      },
      {
        "id": "base1-91",
        "name": "Bill",
        "rarity": "Common",
        "count": 2
      },
      {
        "id": "base1-80",
        "name": "Defender",
        "rarity": "Uncommon",
        "count": 1
      },
      {
        "id": "base1-81",
        "name": "Energy Retrieval",
        "rarity": "Uncommon",
        "count": 2
      },
      {
        "id": "base3-59",
        "name": "Energy Search",
        "rarity": "Common",
        "count": 2
      },
      {
        "id": "gym1-114",
        "name": "Misty's Wrath",
        "rarity": "Uncommon",
        "count": 1
      },
      {
        "id": "base2-64",
        "name": "Poké Ball",
        "rarity": "Common",
        "count": 1
      },
      {
        "id": "base1-94",
        "name": "Potion",
        "rarity": "Common",
        "count": 1
      },
      {
        "id": "base1-90",
        "name": "Super Potion",
        "rarity": "Uncommon",
        "count": 1
      },
      {
        "id": "base1-88",
        "name": "Professor Oak",
        "rarity": "Uncommon",
        "count": 1
      },
      {
        "id": "base4-128",
        "name": "Lightning Energy",
        "rarity": "Common",
        "count": 16
      },
      {
        "id": "base4-130",
        "name": "Water Energy",
        "rarity": "Common",
        "count": 8
      },
      {
        "id": "base1-96",
        "name": "Double Colorless Energy",
        "rarity": "Uncommon",
        "count": 2
      },
      {
        "id": "base5-81",
        "name": "Full Heal Energy",
        "rarity": "Uncommon",
        "count": 1
      },
      {
        "id": "base5-82",
        "name": "Potion Energy",
        "rarity": "Uncommon",
        "count": 1
      }
    ]
  }
]