[
  {
    "id": "d-swsh4-1",
    "name": "Charizard",
    "types": [
      "Fire"
    ],
    "cards": [
      {
        "id": "swsh4-25",
        "name": "Charizard",
        "rarity": "Rare Holo",
        "count": 1
      },
      {
        "id": "swsh4-25",
        "name": "Charizard",
        "rarity": "Rare",
        "count": 1
      },
      {
        "id": "swsh4-24",
        "name": "Charmeleon",
        "rarity": "Uncommon",
        "count": 3
      },
      {
        "id": "swsh4-23",
        "name": "Charmander",
        "rarity": "Common",
        "count": 3
      },
      {
        "id": "swsh4-7",
        "name": "Yanmega",
        "rarity": "Rare",
        "count": 2
      },
      {
        "id": "swsh4-6",
        "name": "Yanma",
        "rarity": "Common",
        "count": 3
      },
      {
        "id": "swsh4-28",
        "name": "Magcargo",
        "rarity": "Uncommon",
        "count": 2
      },
      {
        "id": "swsh4-27",
        "name": "Slugma",
        "rarity": "Common",
        "count": 3
      },
      {
        "id": "swsh1-100",
        "name": "Sudowoodo",
        "rarity": "Uncommon",
        "count": 2
      },
      {
        "id": "swsh3-140",
        "name": "Lugia",
        "rarity": "Rare",
        "count": 1
      },
      {
        "id": "swsh1-157",
        "name": "Bede",
        "rarity": "Uncommon",
        "count": 2
      },
      {
        "id": "swsh2-158",
        "name": "Dan",
        "rarity": "Uncommon",
        "count": 2
      },
      {
        "id": "swsh1-163",
        "name": "Evolution Incense",
        "rarity": "Uncommon",
        "count": 1
      },
      {
        "id": "swsh1-164",
        "name": "Great Ball",
        "rarity": "Uncommon",
        "count": 2
      },
      {
        "id": "swsh1-165",
        "name": "Hop",
        "rarity": "Uncommon",
        "count": 4
      },
      {
        "id": "swsh4-154",
        "name": "Leon",
        "rarity": "Rare",
        "count": 2
      },
      {
        "id": "swsh1-171",
        "name": "Ordinary Rod",
        "rarity": "Uncommon",
        "count": 2
      },
      {
        "id": "swsh1-178",
        "name": "Professor's Research",
        "rarity": "Rare",
        "count": 2
      },
      {
        "id": "swsh2-167",
        "name": "Sonia",
        "rarity": "Uncommon",
        "count": 2
      },
      {
        "id": "swsh1-183",
        "name": "Switch",
        "rarity": "Uncommon",
        "count": 2
      },
      {
        "id": "swsh1-0",
        "name": "Fire Energy",
        "count": 18
      }
    ]
  },
  {
    "id": "d-swsh4-2",
    "name": "Drednaw",
    "types": [
      "Water"
    ],
    "cards": [
      {
        "id": "swsh4-39",
        "name": "Drednaw",
        "rarity": "Rare Holo",
        "count": 1
      },
      {
        "id": "swsh4-39",
        "name": "Drednaw",
        "rarity": "Rare",
        "count": 2
      },
      {
        "id": "swsh4-38",
        "name": "Chewtle",
        "rarity": "Common",
        "count": 3
      },
      {
        "id": "swsh4-35",
        "name": "Samurott",
        "rarity": "Rare",
        "count": 2
      },
      {
        "id": "swsh4-34",
        "name": "Dewott",
        "rarity": "Uncommon",
        "count": 3
      },
      {
        "id": "swsh4-33",
        "name": "Oshawott",
        "rarity": "Common",
        "count": 3
      },
      {
        "id": "swsh4-42",
        "name": "Barraskewda",
        "rarity": "Rare",
        "count": 1
      },
      {
        "id": "swsh4-41",
        "name": "Arrokuda",
        "rarity": "Common",
        "count": 3
      },
      {
        "id": "swsh4-40",
        "name": "Cramorant",
        "rarity": "Uncommon",
        "count": 2
      },
      {
        "id": "swsh3-50",
        "name": "Wishiwashi",
        "rarity": "Common",
        "count": 2
      },
      {
        "id": "swsh1-157",
        "name": "Bede",
        "rarity": "Uncommon",
        "count": 2
      },
      {
        "id": "swsh2-158",
        "name": "Dan",
        "rarity": "Uncommon",
        "count": 2
      },
      {
        "id": "swsh1-163",
        "name": "Evolution Incense",
        "rarity": "Uncommon",
        "count": 1
      },
      {
        "id": "swsh1-164",
        "name": "Great Ball",
        "rarity": "Uncommon",
        "count": 2
      },
      {
        "id": "swsh1-165",
        "name": "Hop",
        "rarity": "Uncommon",
        "count": 4
      },
      {
        "id": "swsh4-157",
        "name": "Nessa",
        "rarity": "Uncommon",
        "count": 3
      },
      {
        "id": "swsh1-178",
        "name": "Professor's Research",
        "rarity": "Rare",
        "count": 2
      },
      {
        "id": "swsh2-167",
        "name": "Sonia",
        "rarity": "Uncommon",
        "count": 2
      },
      {
        "id": "swsh1-183",
        "name": "Switch",
        "rarity": "Uncommon",
        "count": 2
      },
      {
        "id": "swsh1-0",
        "name": "Water Energy",
        "count": 18
      }
    ]
  }
]