[
  {
    "id": "d-xy0-1",
    "name": "Chespin",
    "types": [
      "Grass",
      "Fairy"
    ],
    "cards": [
      {
        "id": "xy0-5",
        "name": "Chesnaught",
        "rarity": "Rare",
        "count": 2
      },
      {
        "id": "xy0-4",
        "name": "Quilladin",
        "rarity": "Uncommon",
        "count": 4
      },
      {
        "id": "xy0-3",
        "name": "Chespin",
        "rarity": "Common",
        "count": 4
      },
      {
        "id": "xy0-2",
        "name": "Pansage",
        "rarity": "Common",
        "count": 2
      },
      {
        "id": "xy0-1",
        "name": "Weedle",
        "rarity": "Common",
        "count": 2
      },
      {
        "id": "xy0-23",
        "name": "Granbull",
        "rarity": "Uncommon",
        "count": 2
      },
      {
        "id": "xy0-22",
        "name": "Snubbull",
        "rarity": "Common",
        "count": 4
      },
      {
        "id": "xy0-24",
        "name": "Swirlix",
        "rarity": "Common",
        "count": 2
      },
      {
        "id": "xy0-26",
        "name": "Snorlax",
        "rarity": "Common",
        "count": 1
      },
      {
        "id": "xy0-27",
        "name": "Miltank",
        "rarity": "Common",
        "count": 1
      },
      {
        "id": "xy0-30",
        "name": "Bunnelby",
        "rarity": "Common",
        "count": 2
      },
      {
        "id": "xy0-37",
        "name": "Potion",
        "rarity": "Common",
        "count": 2
      },
      {
        "id": "xy0-38",
        "name": "Switch",
        "rarity": "Common",
        "count": 2
      },
      {
        "id": "xy0-35",
        "name": "Poké Ball",
        "rarity": "Common",
        "count": 4
      },
      {
        "id": "xy0-39",
        "name": "Tierno",
        "rarity": "Common",
        "count": 2
      },
      {
        "id": "xy1-140",
        "name": "Fairy Energy",
        "count": 12
      },
      {
        "id": "xy1-132",
        "name": "Grass Energy",
        "count": 12
      }
    ]
  },
  {
    "id": "d-xy0-2",
    "name": "Fennekin",
    "types": [
      "Fire",
      "Darkness"
    ],
    "cards": [
      {
        "id": "xy0-10",
        "name": "Delphox",
        "rarity": "Rare",
        "count": 2
      },
      {
        "id": "xy0-9",
        "name": "Braixen",
        "rarity": "Uncommon",
        "count": 4
      },
      {
        "id": "xy0-8",
        "name": "Fennekin",
        "rarity": "Common",
        "count": 4
      },
      {
        "id": "xy0-7",
        "name": "Pansear",
        "rarity": "Common",
        "count": 2
      },
      {
        "id": "xy0-6",
        "name": "Slugma",
        "rarity": "Common",
        "count": 2
      },
      {
        "id": "xy0-17",
        "name": "Mightyena",
        "rarity": "Uncommon",
        "count": 2
      },
      {
        "id": "xy0-16",
        "name": "Poochyena",
        "rarity": "Common",
        "count": 4
      },
      {
        "id": "xy0-18",
        "name": "Inkay",
        "rarity": "Common",
        "count": 2
      },
      {
        "id": "xy0-32",
        "name": "Furfrou",
        "rarity": "Common",
        "count": 1
      },
      {
        "id": "xy0-33",
        "name": "Furfrou",
        "rarity": "Common",
        "count": 1
      },
      {
        "id": "xy0-31",
        "name": "Fletchling",
        "rarity": "Common",
        "count": 2
      },
      {
        "id": "xy0-38",
        "name": "Switch",
        "rarity": "Common",
        "count": 2
      },
      {
        "id": "xy0-36",
        "name": "Pokémon Catcher",
        "rarity": "Common",
        "count": 2
      },
      {
        "id": "xy0-35",
        "name": "Poké Ball",
        "rarity": "Common",
        "count": 4
      },
      {
        "id": "xy0-39",
        "name": "Tierno",
        "rarity": "Common",
        "count": 2
      },
      {
        "id": "xy1-133",
        "name": "Fire Energy",
        "count": 12
      },
      {
        "id": "xy1-138",
        "name": "Darkness Energy",
        "count": 12
      }
    ]
  },
  {
    "id": "d-xy0-3",
    "name": "Froakie",
    "types": [
      "Water",
      "Metal"
    ],
    "cards": [
      {
        "id": "xy0-14",
        "name": "Greninja",
        "rarity": "Rare",
        "count": 2
      },
      {
        "id": "xy0-13",
        "name": "Frogadier",
        "rarity": "Uncommon",
        "count": 4
      },
      {
        "id": "xy0-12",
        "name": "Froakie",
        "rarity": "Common",
        "count": 4
      },
      {
        "id": "xy0-15",
        "name": "Clauncher",
        "rarity": "Common",
        "count": 2
      },
      {
        "id": "xy0-11",
        "name": "Panpour",
        "rarity": "Common",
        "count": 2
      },
      {
        "id": "xy0-20",
        "name": "Bisharp",
        "rarity": "Uncommon",
        "count": 2
      },
      {
        "id": "xy0-19",
        "name": "Pawniard",
        "rarity": "Common",
        "count": 4
      },
      {
        "id": "xy0-21",
        "name": "Honedge",
        "rarity": "Common",
        "count": 2
      },
      {
        "id": "xy0-28",
        "name": "Skitty",
        "rarity": "Common",
        "count": 1
      },
      {
        "id": "xy0-29",
        "name": "Bidoof",
        "rarity": "Common",
        "count": 1
      },
      {
        "id": "xy0-25",
        "name": "Farfetch'd",
        "rarity": "Common",
        "count": 2
      },
      {
        "id": "xy0-34",
        "name": "Crushing Hammer",
        "rarity": "Common",
        "count": 2
      },
      {
        "id": "xy0-38",
        "name": "Switch",
        "rarity": "Common",
        "count": 2
      },
      {
        "id": "xy0-35",
        "name": "Poké Ball",
        "rarity": "Common",
        "count": 4
      },
      {
        "id": "xy0-39",
        "name": "Tierno",
        "rarity": "Common",
        "count": 2
      },
      {
        "id": "xy1-134",
        "name": "Water Energy",
        "count": 12
      },
      {
        "id": "xy1-139",
        "name": "Metal Energy",
        "count": 12
      }
    ]
  }
]